ISO-10303-21;
HEADER;
FILE_DESCRIPTION (( 'STEP AP203' ),
    '1' );
FILE_NAME ('RX_Enclosure.STEP',
    '2026-09-12T18:20:31',
    ( '' ),
    ( '' ),
    'SwSTEP 2.0',
    'SolidWorks 2024',
    '' );
FILE_SCHEMA (( 'CONFIG_CONTROL_DESIGN' ));
ENDSEC;

DATA;
#1 = EDGE_LOOP ( 'NONE', ( #161, #583 ) ) ;
#2 =( LENGTH_UNIT ( ) NAMED_UNIT ( * ) SI_UNIT ( .MILLI., .METRE. ) );
#3 = AXIS2_PLACEMENT_3D ( 'NONE', #380, #1392, #562 ) ;
#4 = CARTESIAN_POINT ( 'NONE',  ( 64.50000000000000000, 46.00000000000000000, 0.000000000000000000 ) ) ;
#5 = DIRECTION ( 'NONE',  ( -1.000000000000000000, 0.000000000000000000, 0.000000000000000000 ) ) ;
#6 = EDGE_CURVE ( 'NONE', #409, #1590, #1555, .T. ) ;
#7 = MECHANICAL_CONTEXT ( 'NONE', #128, 'mechanical' ) ;
#8 = CARTESIAN_POINT ( 'NONE',  ( 5.400000000000000355, 54.00000000000000000, 0.000000000000000000 ) ) ;
#9 = APPLICATION_CONTEXT ( 'configuration controlled 3d designs of mechanical parts and assemblies' ) ;
#10 = EDGE_LOOP ( 'NONE', ( #1991, #343 ) ) ;
#11 = CARTESIAN_POINT ( 'NONE',  ( 17.50000000000000000, 50.00000000000000000, 2.000000000000000000 ) ) ;
#12 = EDGE_CURVE ( 'NONE', #191, #418, #251, .T. ) ;
#13 = DIRECTION ( 'NONE',  ( 0.000000000000000000, 0.000000000000000000, -1.000000000000000000 ) ) ;
#14 = VERTEX_POINT ( 'NONE', #907 ) ;
#15 = CARTESIAN_POINT ( 'NONE',  ( 32.50000000000000000, 48.50000000000000000, 2.000000000000000000 ) ) ;
#16 = EDGE_CURVE ( 'NONE', #409, #701, #69, .T. ) ;
#17 = EDGE_CURVE ( 'NONE', #2072, #535, #416, .T. ) ;
#18 = CC_DESIGN_PERSON_AND_ORGANIZATION_ASSIGNMENT ( #930, #435, ( #566 ) ) ;
#19 = AXIS2_PLACEMENT_3D ( 'NONE', #820, #1476, #651 ) ;
#20 = ORIENTED_EDGE ( 'NONE', *, *, #1967, .T. ) ;
#21 = AXIS2_PLACEMENT_3D ( 'NONE', #1763, #1778, #290 ) ;
#22 = DIRECTION ( 'NONE',  ( 0.000000000000000000, 0.000000000000000000, -1.000000000000000000 ) ) ;
#23 = EDGE_LOOP ( 'NONE', ( #285, #323, #956, #185 ) ) ;
#24 = ORIENTED_EDGE ( 'NONE', *, *, #670, .F. ) ;
#25 = FACE_OUTER_BOUND ( 'NONE', #1048, .T. ) ;
#26 = ORIENTED_EDGE ( 'NONE', *, *, #345, .F. ) ;
#27 = CARTESIAN_POINT ( 'NONE',  ( 68.50000000000000000, 18.00000000000000000, 0.000000000000000000 ) ) ;
#28 = ORIENTED_EDGE ( 'NONE', *, *, #1478, .T. ) ;
#29 = DIRECTION ( 'NONE',  ( 0.000000000000000000, 0.000000000000000000, -1.000000000000000000 ) ) ;
#30 = CC_DESIGN_APPROVAL ( #1870, ( #1668 ) ) ;
#31 = LINE ( 'NONE', #68, #994 ) ;
#32 = AXIS2_PLACEMENT_3D ( 'NONE', #833, #512, #999 ) ;
#33 = EDGE_LOOP ( 'NONE', ( #1751, #1657, #20, #1880 ) ) ;
#34 = DIRECTION ( 'NONE',  ( -1.000000000000000000, -0.000000000000000000, -0.000000000000000000 ) ) ;
#35 = VERTEX_POINT ( 'NONE', #83 ) ;
#36 = ORIENTED_EDGE ( 'NONE', *, *, #1796, .T. ) ;
#37 = DIRECTION ( 'NONE',  ( -1.000000000000000000, 0.000000000000000000, 0.000000000000000000 ) ) ;
#38 = LINE ( 'NONE', #2050, #373 ) ;
#39 = ORIENTED_EDGE ( 'NONE', *, *, #1583, .T. ) ;
#40 = LINE ( 'NONE', #1396, #1054 ) ;
#41 = EDGE_LOOP ( 'NONE', ( #536, #488, #1518, #1570 ) ) ;
#42 = CARTESIAN_POINT ( 'NONE',  ( 19.50000000000000355, 50.00000000000000000, 2.000000000000000000 ) ) ;
#43 = ORIENTED_EDGE ( 'NONE', *, *, #183, .F. ) ;
#44 = APPROVAL_DATE_TIME ( #1250, #959 ) ;
#45 = EDGE_CURVE ( 'NONE', #1044, #1697, #759, .T. ) ;
#46 = DIRECTION ( 'NONE',  ( 1.000000000000000000, 0.000000000000000000, 0.000000000000000000 ) ) ;
#47 = ORIENTED_EDGE ( 'NONE', *, *, #899, .F. ) ;
#48 = CARTESIAN_POINT ( 'NONE',  ( 69.85000000000000853, 18.00000000000000000, 2.000000000000000000 ) ) ;
#49 = EDGE_CURVE ( 'NONE', #370, #1471, #1481, .T. ) ;
#50 = AXIS2_PLACEMENT_3D ( 'NONE', #1791, #810, #1315 ) ;
#51 = CARTESIAN_POINT ( 'NONE',  ( 0.000000000000000000, 61.00000000000000000, 0.000000000000000000 ) ) ;
#52 = ORIENTED_EDGE ( 'NONE', *, *, #1222, .F. ) ;
#53 = LINE ( 'NONE', #424, #254 ) ;
#54 = DATE_AND_TIME ( #1529, #1092 ) ;
#55 = ORIENTED_EDGE ( 'NONE', *, *, #585, .T. ) ;
#56 = CYLINDRICAL_SURFACE ( 'NONE', #546, 1.349999999999999645 ) ;
#57 = ORIENTED_EDGE ( 'NONE', *, *, #1285, .T. ) ;
#58 = ADVANCED_FACE ( 'NONE', ( #734, #1398 ), #1003, .T. ) ;
#59 = APPROVAL_ROLE ( '' ) ;
#60 = AXIS2_PLACEMENT_3D ( 'NONE', #1661, #317, #982 ) ;
#61 = DIRECTION ( 'NONE',  ( -1.000000000000000000, 0.000000000000000000, 0.000000000000000000 ) ) ;
#62 = VERTEX_POINT ( 'NONE', #1832 ) ;
#63 = CARTESIAN_POINT ( 'NONE',  ( 64.50000000000000000, 46.00000000000000000, 2.000000000000000000 ) ) ;
#64 = CARTESIAN_POINT ( 'NONE',  ( 0.000000000000000000, 0.000000000000000000, 2.000000000000000000 ) ) ;
#65 = VERTEX_POINT ( 'NONE', #681 ) ;
#66 = FACE_OUTER_BOUND ( 'NONE', #1093, .T. ) ;
#67 = ORIENTED_EDGE ( 'NONE', *, *, #896, .T. ) ;
#68 = CARTESIAN_POINT ( 'NONE',  ( 7.849999999999999645, 54.00000000000000000, 2.000000000000000000 ) ) ;
#69 = LINE ( 'NONE', #1915, #327 ) ;
#70 = PRODUCT_DEFINITION_FORMATION_WITH_SPECIFIED_SOURCE ( 'ä»', '', #1781, .NOT_KNOWN. ) ;
#71 = VECTOR ( 'NONE', #29, 1000.000000000000000 ) ;
#72 = ORIENTED_EDGE ( 'NONE', *, *, #2032, .T. ) ;
#73 = LOCAL_TIME ( 2, 20, 31.00000000000000000, #1509 ) ;
#74 = DIRECTION ( 'NONE',  ( -0.000000000000000000, -0.000000000000000000, -1.000000000000000000 ) ) ;
#75 = ORIENTED_EDGE ( 'NONE', *, *, #1185, .F. ) ;
#76 = DIRECTION ( 'NONE',  ( 1.000000000000000000, 0.000000000000000000, 0.000000000000000000 ) ) ;
#77 = DIRECTION ( 'NONE',  ( 0.000000000000000000, 0.000000000000000000, -1.000000000000000000 ) ) ;
#78 = AXIS2_PLACEMENT_3D ( 'NONE', #1139, #304, #941 ) ;
#79 = DIRECTION ( 'NONE',  ( 0.000000000000000000, 0.000000000000000000, -1.000000000000000000 ) ) ;
#80 = ADVANCED_BREP_SHAPE_REPRESENTATION ( '', ( #1107, #1436 ), #915 ) ;
#81 = ORIENTED_EDGE ( 'NONE', *, *, #1022, .F. ) ;
#82 = CARTESIAN_POINT ( 'NONE',  ( 69.60000000000000853, 54.00000000000000000, 5.000000000000000888 ) ) ;
#83 = CARTESIAN_POINT ( 'NONE',  ( 0.000000000000000000, 61.00000000000000000, 0.000000000000000000 ) ) ;
#84 = COORDINATED_UNIVERSAL_TIME_OFFSET ( 8, 0, .AHEAD. ) ;
#85 = VERTEX_POINT ( 'NONE', #1635 ) ;
#86 = LINE ( 'NONE', #1411, #1618 ) ;
#87 = EDGE_CURVE ( 'NONE', #225, #761, #302, .T. ) ;
#88 = CARTESIAN_POINT ( 'NONE',  ( 19.50000000000000355, 50.00000000000000000, 0.000000000000000000 ) ) ;
#89 = AXIS2_PLACEMENT_3D ( 'NONE', #352, #1238, #1744 ) ;
#90 = DIRECTION ( 'NONE',  ( -1.000000000000000000, 0.000000000000000000, 0.000000000000000000 ) ) ;
#91 = ADVANCED_FACE ( 'NONE', ( #330 ), #487, .T. ) ;
#92 = EDGE_LOOP ( 'NONE', ( #1211, #2110, #1459, #731 ) ) ;
#93 = FACE_OUTER_BOUND ( 'NONE', #774, .T. ) ;
#94 = CC_DESIGN_PERSON_AND_ORGANIZATION_ASSIGNMENT ( #1519, #751, ( #1445 ) ) ;
#95 = PERSON_AND_ORGANIZATION_ROLE ( 'classification_officer' ) ;
#96 = ORIENTED_EDGE ( 'NONE', *, *, #2063, .T. ) ;
#97 = CIRCLE ( 'NONE', #1318, 1.350000000000004086 ) ;
#98 = DIRECTION ( 'NONE',  ( 1.000000000000000000, 0.000000000000000000, 0.000000000000000000 ) ) ;
#99 = VECTOR ( 'NONE', #77, 1000.000000000000000 ) ;
#100 = CARTESIAN_POINT ( 'NONE',  ( 6.500000000000000000, 54.00000000000000000, 2.000000000000000000 ) ) ;
#101 = PRODUCT ( 'RX_Base', 'RX_Base', '', ( #7 ) ) ;
#102 = CARTESIAN_POINT ( 'NONE',  ( 39.50000000000000000, 3.899999999999999911, 2.000000000000000000 ) ) ;
#103 = DIRECTION ( 'NONE',  ( -0.000000000000000000, -0.000000000000000000, -1.000000000000000000 ) ) ;
#104 = PERSON_AND_ORGANIZATION ( #395, #1090 ) ;
#105 = ORIENTED_EDGE ( 'NONE', *, *, #570, .F. ) ;
#106 = EDGE_LOOP ( 'NONE', ( #96, #1320, #1375, #2087 ) ) ;
#107 = CARTESIAN_POINT ( 'NONE',  ( 6.500000000000000000, 18.00000000000000000, 5.000000000000000000 ) ) ;
#108 = LOCAL_TIME ( 2, 20, 31.00000000000000000, #771 ) ;
#109 = ADVANCED_FACE ( 'NONE', ( #1823 ), #2138, .F. ) ;
#110 = DIRECTION ( 'NONE',  ( -1.000000000000000000, 0.000000000000000000, 0.000000000000000000 ) ) ;
#111 = VECTOR ( 'NONE', #1485, 1000.000000000000000 ) ;
#112 = DIRECTION ( 'NONE',  ( -1.000000000000000000, 0.000000000000000000, 0.000000000000000000 ) ) ;
#113 = AXIS2_PLACEMENT_3D ( 'NONE', #231, #1538, #76 ) ;
#114 = CARTESIAN_POINT ( 'NONE',  ( 6.500000000000000000, 18.00000000000000000, 22.00000000000000000 ) ) ;
#115 = CC_DESIGN_DATE_AND_TIME_ASSIGNMENT ( #166, #1997, ( #890 ) ) ;
#116 = APPROVAL_ROLE ( '' ) ;
#117 = ORIENTED_EDGE ( 'NONE', *, *, #1494, .F. ) ;
#118 = LINE ( 'NONE', #792, #638 ) ;
#119 = DIRECTION ( 'NONE',  ( -1.000000000000000000, 0.000000000000000000, 0.000000000000000000 ) ) ;
#120 = ADVANCED_FACE ( 'NONE', ( #1655 ), #137, .T. ) ;
#121 = ADVANCED_FACE ( 'NONE', ( #475, #498 ), #996, .T. ) ;
#122 = LINE ( 'NONE', #1427, #1079 ) ;
#123 = CIRCLE ( 'NONE', #1595, 1.350000000000004086 ) ;
#124 = CARTESIAN_POINT ( 'NONE',  ( 6.500000000000000000, 54.00000000000000000, 2.000000000000000000 ) ) ;
#125 = DATE_TIME_ROLE ( 'creation_date' ) ;
#126 = EDGE_LOOP ( 'NONE', ( #1158, #1028 ) ) ;
#127 = CARTESIAN_POINT ( 'NONE',  ( 0.000000000000000000, 61.00000000000000000, 2.000000000000000000 ) ) ;
#128 = APPLICATION_CONTEXT ( 'configuration controlled 3d designs of mechanical parts and assemblies' ) ;
#129 = DIRECTION ( 'NONE',  ( 0.000000000000000000, 0.000000000000000000, -1.000000000000000000 ) ) ;
#130 = AXIS2_PLACEMENT_3D ( 'NONE', #164, #659, #1152 ) ;
#131 = ORIENTED_EDGE ( 'NONE', *, *, #1831, .T. ) ;
#132 = VECTOR ( 'NONE', #1492, 1000.000000000000000 ) ;
#133 = CARTESIAN_POINT ( 'NONE',  ( 2.000000000000000000, 2.000000000000000000, 22.00000000000000000 ) ) ;
#134 = CARTESIAN_POINT ( 'NONE',  ( 0.000000000000000000, 0.000000000000000000, 2.000000000000000000 ) ) ;
#135 = UNCERTAINTY_MEASURE_WITH_UNIT (LENGTH_MEASURE( 1.000000000000000082E-05 ), #2, 'distance_accuracy_value', 'NONE');
#136 = APPLICATION_PROTOCOL_DEFINITION ( 'international standard', 'config_control_design', 1994, #1254 ) ;
#137 = PLANE ( 'NONE',  #542 ) ;
#138 = ORIENTED_EDGE ( 'NONE', *, *, #1528, .F. ) ;
#139 = PLANE ( 'NONE',  #492 ) ;
#140 = CARTESIAN_POINT ( 'NONE',  ( 68.50000000000000000, 54.00000000000000000, 0.000000000000000000 ) ) ;
#141 = EDGE_LOOP ( 'NONE', ( #436, #706 ) ) ;
#142 = APPROVAL ( #995, 'æœª' ) ;
#143 = LOCAL_TIME ( 2, 20, 31.00000000000000000, #1647 ) ;
#144 = CARTESIAN_POINT ( 'NONE',  ( 2.000000000000000000, 59.00000000000000000, 22.00000000000000000 ) ) ;
#145 = VECTOR ( 'NONE', #162, 1000.000000000000000 ) ;
#146 = EDGE_CURVE ( 'NONE', #1213, #1758, #1383, .T. ) ;
#147 = CARTESIAN_POINT ( 'NONE',  ( 68.50000000000000000, 54.00000000000000000, 5.000000000000000000 ) ) ;
#148 = PERSON_AND_ORGANIZATION ( #395, #1090 ) ;
#149 = DIRECTION ( 'NONE',  ( -1.000000000000000000, -0.000000000000000000, -0.000000000000000000 ) ) ;
#150 = EDGE_CURVE ( 'NONE', #1073, #35, #1489, .T. ) ;
#151 = ORIENTED_EDGE ( 'NONE', *, *, #1420, .F. ) ;
#152 =( NAMED_UNIT ( * ) PLANE_ANGLE_UNIT ( ) SI_UNIT ( $, .RADIAN. ) );
#153 = DIRECTION ( 'NONE',  ( -0.000000000000000000, -0.000000000000000000, -1.000000000000000000 ) ) ;
#154 = ORIENTED_EDGE ( 'NONE', *, *, #1508, .F. ) ;
#155 = EDGE_CURVE ( 'NONE', #539, #2072, #838, .T. ) ;
#156 = DIRECTION ( 'NONE',  ( -0.000000000000000000, -0.000000000000000000, -1.000000000000000000 ) ) ;
#157 = APPLICATION_PROTOCOL_DEFINITION ( 'international standard', 'config_control_design', 1994, #128 ) ;
#158 = VECTOR ( 'NONE', #1104, 1000.000000000000000 ) ;
#159 = CC_DESIGN_PERSON_AND_ORGANIZATION_ASSIGNMENT ( #799, #760, ( #566 ) ) ;
#160 = DIRECTION ( 'NONE',  ( 0.000000000000000000, -1.000000000000000000, 0.000000000000000000 ) ) ;
#161 = ORIENTED_EDGE ( 'NONE', *, *, #49, .F. ) ;
#162 = DIRECTION ( 'NONE',  ( -0.000000000000000000, -1.000000000000000000, -0.000000000000000000 ) ) ;
#163 = VERTEX_POINT ( 'NONE', #661 ) ;
#164 = CARTESIAN_POINT ( 'NONE',  ( 2.000000000000000000, 59.00000000000000000, 22.00000000000000000 ) ) ;
#165 = CIRCLE ( 'NONE', #338, 1.349999999999999645 ) ;
#166 = DATE_AND_TIME ( #2136, #1366 ) ;
#167 = DIRECTION ( 'NONE',  ( 0.000000000000000000, -0.000000000000000000, -1.000000000000000000 ) ) ;
#168 = ORIENTED_EDGE ( 'NONE', *, *, #1023, .T. ) ;
#169 = PLANE ( 'NONE',  #1232 ) ;
#170 = DIRECTION ( 'NONE',  ( -0.000000000000000000, -1.000000000000000000, -0.000000000000000000 ) ) ;
#171 = ORIENTED_EDGE ( 'NONE', *, *, #808, .F. ) ;
#172 = ADVANCED_FACE ( 'NONE', ( #1498 ), #973, .T. ) ;
#173 = DIRECTION ( 'NONE',  ( 1.000000000000000000, 0.000000000000000000, 0.000000000000000000 ) ) ;
#174 = CC_DESIGN_SECURITY_CLASSIFICATION ( #744, ( #566 ) ) ;
#175 = AXIS2_PLACEMENT_3D ( 'NONE', #617, #2120, #465 ) ;
#176 = UNCERTAINTY_MEASURE_WITH_UNIT (LENGTH_MEASURE( 1.000000000000000082E-05 ), #1906, 'distance_accuracy_value', 'NONE');
#177 = EDGE_CURVE ( 'NONE', #855, #1957, #463, .T. ) ;
#178 = DATE_AND_TIME ( #1663, #1235 ) ;
#179 = CARTESIAN_POINT ( 'NONE',  ( 5.400000000000000355, 54.00000000000000000, 5.000000000000000888 ) ) ;
#180 = ORIENTED_EDGE ( 'NONE', *, *, #2001, .F. ) ;
#181 = CARTESIAN_POINT ( 'NONE',  ( 69.60000000000000853, 18.00000000000000000, 22.00000000000000000 ) ) ;
#182 = VECTOR ( 'NONE', #276, 1000.000000000000000 ) ;
#183 = EDGE_CURVE ( 'NONE', #2075, #521, #1998, .T. ) ;
#184 = DIRECTION ( 'NONE',  ( 1.000000000000000000, 0.000000000000000000, 0.000000000000000000 ) ) ;
#185 = ORIENTED_EDGE ( 'NONE', *, *, #609, .F. ) ;
#186 = ORIENTED_EDGE ( 'NONE', *, *, #670, .T. ) ;
#187 = ADVANCED_FACE ( 'NONE', ( #1480 ), #2006, .F. ) ;
#188 = LINE ( 'NONE', #15, #834 ) ;
#189 = FACE_BOUND ( 'NONE', #1221, .T. ) ;
#190 = VERTEX_POINT ( 'NONE', #179 ) ;
#191 = VERTEX_POINT ( 'NONE', #2148 ) ;
#192 = AXIS2_PLACEMENT_3D ( 'NONE', #134, #797, #300 ) ;
#193 = DIRECTION ( 'NONE',  ( 1.000000000000000000, 0.000000000000000000, 0.000000000000000000 ) ) ;
#194 = CARTESIAN_POINT ( 'NONE',  ( 5.150000000000000355, 18.00000000000000000, 0.000000000000000000 ) ) ;
#195 = ORIENTED_EDGE ( 'NONE', *, *, #1503, .T. ) ;
#196 = ORIENTED_EDGE ( 'NONE', *, *, #1572, .F. ) ;
#197 = PLANE ( 'NONE',  #2153 ) ;
#198 = VERTEX_POINT ( 'NONE', #8 ) ;
#199 = CONTEXT_DEPENDENT_SHAPE_REPRESENTATION ( #1695, #451 ) ;
#200 = AXIS2_PLACEMENT_3D ( 'NONE', #440, #119, #450 ) ;
#201 = CARTESIAN_POINT ( 'NONE',  ( 56.50000000000000000, 38.00000000000000000, 0.000000000000000000 ) ) ;
#202 = ORIENTED_EDGE ( 'NONE', *, *, #216, .F. ) ;
#203 = FACE_BOUND ( 'NONE', #1609, .T. ) ;
#204 = VERTEX_POINT ( 'NONE', #1802 ) ;
#205 = ORIENTED_EDGE ( 'NONE', *, *, #742, .F. ) ;
#206 = FACE_BOUND ( 'NONE', #10, .T. ) ;
#207 = CYLINDRICAL_SURFACE ( 'NONE', #1219, 1.099999999999999423 ) ;
#208 = EDGE_LOOP ( 'NONE', ( #1234, #1938 ) ) ;
#209 = CARTESIAN_POINT ( 'NONE',  ( 15.49999999999999822, 50.00000000000000000, 0.000000000000000000 ) ) ;
#210 = ADVANCED_FACE ( 'NONE', ( #963 ), #1469, .T. ) ;
#211 = AXIS2_PLACEMENT_3D ( 'NONE', #1817, #1502, #2140 ) ;
#212 = ORIENTED_EDGE ( 'NONE', *, *, #2022, .T. ) ;
#213 = DIRECTION ( 'NONE',  ( -1.000000000000000000, 0.000000000000000000, -0.000000000000000000 ) ) ;
#214 = VECTOR ( 'NONE', #1355, 1000.000000000000000 ) ;
#215 = VERTEX_POINT ( 'NONE', #1040 ) ;
#216 = EDGE_CURVE ( 'NONE', #2066, #1417, #1557, .T. ) ;
#217 = DIRECTION ( 'NONE',  ( -0.000000000000000000, -0.000000000000000000, -1.000000000000000000 ) ) ;
#218 = ORIENTED_EDGE ( 'NONE', *, *, #514, .F. ) ;
#219 = AXIS2_PLACEMENT_3D ( 'NONE', #2041, #1209, #262 ) ;
#220 = CARTESIAN_POINT ( 'NONE',  ( 15.49999999999999822, 50.00000000000000000, 2.000000000000000000 ) ) ;
#221 = DIRECTION ( 'NONE',  ( -0.000000000000000000, -1.000000000000000000, -0.000000000000000000 ) ) ;
#222 = ORIENTED_EDGE ( 'NONE', *, *, #1056, .F. ) ;
#223 = DIRECTION ( 'NONE',  ( 0.000000000000000000, 0.000000000000000000, 1.000000000000000000 ) ) ;
#224 = EDGE_CURVE ( 'NONE', #1758, #204, #31, .T. ) ;
#225 = VERTEX_POINT ( 'NONE', #705 ) ;
#226 = FACE_BOUND ( 'NONE', #1258, .T. ) ;
#227 = ORIENTED_EDGE ( 'NONE', *, *, #1860, .F. ) ;
#228 = COORDINATED_UNIVERSAL_TIME_OFFSET ( 8, 0, .AHEAD. ) ;
#229 = CARTESIAN_POINT ( 'NONE',  ( 17.50000000000000000, 50.00000000000000000, 2.000000000000000000 ) ) ;
#230 = ORIENTED_EDGE ( 'NONE', *, *, #6, .F. ) ;
#231 = CARTESIAN_POINT ( 'NONE',  ( 6.500000000000000000, 54.00000000000000000, 5.000000000000000888 ) ) ;
#232 = CARTESIAN_POINT ( 'NONE',  ( 56.50000000000000000, 46.00000000000000000, 0.000000000000000000 ) ) ;
#233 = ORIENTED_EDGE ( 'NONE', *, *, #2063, .F. ) ;
#234 = DIRECTION ( 'NONE',  ( 1.000000000000000000, 0.000000000000000000, 0.000000000000000000 ) ) ;
#235 = ORIENTED_EDGE ( 'NONE', *, *, #1256, .F. ) ;
#236 = FACE_OUTER_BOUND ( 'NONE', #1866, .T. ) ;
#237 = CIRCLE ( 'NONE', #481, 1.099999999999999423 ) ;
#238 = CARTESIAN_POINT ( 'NONE',  ( 75.00000000000000000, 0.000000000000000000, 0.000000000000000000 ) ) ;
#239 = CIRCLE ( 'NONE', #1356, 1.350000000000004086 ) ;
#240 = FACE_BOUND ( 'NONE', #1824, .T. ) ;
#241 = VERTEX_POINT ( 'NONE', #400 ) ;
#242 = EDGE_LOOP ( 'NONE', ( #1382, #341, #1885, #2020 ) ) ;
#243 = CARTESIAN_POINT ( 'NONE',  ( 68.50000000000000000, 18.00000000000000000, 2.000000000000000000 ) ) ;
#244 = DIRECTION ( 'NONE',  ( 0.000000000000000000, 0.000000000000000000, 1.000000000000000000 ) ) ;
#245 = VERTEX_POINT ( 'NONE', #1374 ) ;
#246 = CARTESIAN_POINT ( 'NONE',  ( 69.85000000000000853, 54.00000000000000000, 2.000000000000000000 ) ) ;
#247 = ADVANCED_FACE ( 'NONE', ( #1516, #749 ), #892, .F. ) ;
#248 = VERTEX_POINT ( 'NONE', #571 ) ;
#249 = CYLINDRICAL_SURFACE ( 'NONE', #508, 1.100000000000000311 ) ;
#250 = EDGE_CURVE ( 'NONE', #1082, #191, #1861, .T. ) ;
#251 = LINE ( 'NONE', #238, #2045 ) ;
#252 = LOCAL_TIME ( 2, 20, 31.00000000000000000, #282 ) ;
#253 = MECHANICAL_CONTEXT ( 'NONE', #687, 'mechanical' ) ;
#254 = VECTOR ( 'NONE', #2062, 1000.000000000000000 ) ;
#255 = APPROVAL_PERSON_ORGANIZATION ( #641, #827, #846 ) ;
#256 = ORIENTED_EDGE ( 'NONE', *, *, #1523, .F. ) ;
#257 = DIRECTION ( 'NONE',  ( 0.000000000000000000, 0.000000000000000000, 1.000000000000000000 ) ) ;
#258 = EDGE_CURVE ( 'NONE', #521, #1888, #1688, .T. ) ;
#259 = CARTESIAN_POINT ( 'NONE',  ( 39.50000000000000000, 3.899999999999999911, 0.000000000000000000 ) ) ;
#260 = EDGE_CURVE ( 'NONE', #1389, #802, #879, .T. ) ;
#261 = CC_DESIGN_PERSON_AND_ORGANIZATION_ASSIGNMENT ( #1085, #95, ( #744 ) ) ;
#262 = DIRECTION ( 'NONE',  ( 1.000000000000000000, 0.000000000000000000, 0.000000000000000000 ) ) ;
#263 = EDGE_LOOP ( 'NONE', ( #1350, #1059, #1242, #580 ) ) ;
#264 = CYLINDRICAL_SURFACE ( 'NONE', #762, 1.349999999999999645 ) ;
#265 = PERSON_AND_ORGANIZATION_ROLE ( 'creator' ) ;
#266 = ORIENTED_EDGE ( 'NONE', *, *, #1770, .F. ) ;
#267 = PLANE ( 'NONE',  #1127 ) ;
#268 = AXIS2_PLACEMENT_3D ( 'NONE', #1987, #986, #1648 ) ;
#269 = CARTESIAN_POINT ( 'NONE',  ( 75.00000000000000000, 61.00000000000000000, 0.000000000000000000 ) ) ;
#270 = VECTOR ( 'NONE', #1586, 1000.000000000000000 ) ;
#271 = CARTESIAN_POINT ( 'NONE',  ( 6.500000000000000000, 18.00000000000000000, 2.000000000000000000 ) ) ;
#272 = CARTESIAN_POINT ( 'NONE',  ( 64.50000000000000000, 38.00000000000000000, 2.000000000000000000 ) ) ;
#273 = PERSON_AND_ORGANIZATION_ROLE ( 'classification_officer' ) ;
#274 = ORIENTED_EDGE ( 'NONE', *, *, #1348, .T. ) ;
#275 = AXIS2_PLACEMENT_3D ( 'NONE', #503, #1837, #819 ) ;
#276 = DIRECTION ( 'NONE',  ( 0.000000000000000000, 0.000000000000000000, -1.000000000000000000 ) ) ;
#277 = LINE ( 'NONE', #600, #1813 ) ;
#278 = PRODUCT_DEFINITION_SHAPE ( 'NONE', 'NONE',  #2125 ) ;
#279 = CC_DESIGN_DATE_AND_TIME_ASSIGNMENT ( #1306, #837, ( #1891 ) ) ;
#280 = PLANE ( 'NONE',  #1811 ) ;
#281 = DIRECTION ( 'NONE',  ( -0.000000000000000000, 1.000000000000000000, 0.000000000000000000 ) ) ;
#282 = COORDINATED_UNIVERSAL_TIME_OFFSET ( 8, 0, .AHEAD. ) ;
#283 = ADVANCED_FACE ( 'NONE', ( #693, #1015, #530, #226, #1068, #544, #1027, #1729, #189 ), #1212, .F. ) ;
#284 = AXIS2_PLACEMENT_3D ( 'NONE', #573, #1240, #1691 ) ;
#285 = ORIENTED_EDGE ( 'NONE', *, *, #696, .F. ) ;
#286 = FACE_OUTER_BOUND ( 'NONE', #1988, .T. ) ;
#287 = CIRCLE ( 'NONE', #880, 1.349999999999999645 ) ;
#288 = APPLICATION_CONTEXT ( 'configuration controlled 3d designs of mechanical parts and assemblies' ) ;
#289 = APPROVAL_PERSON_ORGANIZATION ( #1742, #364, #519 ) ;
#290 = DIRECTION ( 'NONE',  ( -1.000000000000000000, 0.000000000000000000, 0.000000000000000000 ) ) ;
#291 = EDGE_CURVE ( 'NONE', #791, #521, #1875, .T. ) ;
#292 = CARTESIAN_POINT ( 'NONE',  ( 56.50000000000000000, 46.00000000000000000, 2.000000000000000000 ) ) ;
#293 = VECTOR ( 'NONE', #933, 1000.000000000000000 ) ;
#294 = CARTESIAN_POINT ( 'NONE',  ( 71.50000000000001421, 54.00000000000000000, 5.000000000000000000 ) ) ;
#295 = COORDINATED_UNIVERSAL_TIME_OFFSET ( 8, 0, .AHEAD. ) ;
#296 = EDGE_LOOP ( 'NONE', ( #1490, #1017, #598, #1737 ) ) ;
#297 = LINE ( 'NONE', #127, #1720 ) ;
#298 = CARTESIAN_POINT ( 'NONE',  ( 73.00000000000000000, 2.000000000000000000, 2.000000000000001776 ) ) ;
#299 = CYLINDRICAL_SURFACE ( 'NONE', #1951, 2.000000000000003553 ) ;
#300 = DIRECTION ( 'NONE',  ( -1.000000000000000000, 0.000000000000000000, -0.000000000000000000 ) ) ;
#301 = APPROVAL_ROLE ( '' ) ;
#302 = LINE ( 'NONE', #1307, #1738 ) ;
#303 = VERTEX_POINT ( 'NONE', #42 ) ;
#304 = DIRECTION ( 'NONE',  ( 0.000000000000000000, 0.000000000000000000, -1.000000000000000000 ) ) ;
#305 = CARTESIAN_POINT ( 'NONE',  ( 67.15000000000000568, 18.00000000000000000, 0.000000000000000000 ) ) ;
#306 = CIRCLE ( 'NONE', #19, 3.000000000000002665 ) ;
#307 = EDGE_LOOP ( 'NONE', ( #1251, #52, #1794, #1021 ) ) ;
#308 = AXIS2_PLACEMENT_3D ( 'NONE', #942, #1611, #110 ) ;
#309 = DIRECTION ( 'NONE',  ( -0.000000000000000000, -0.000000000000000000, -1.000000000000000000 ) ) ;
#310 = DIRECTION ( 'NONE',  ( 0.000000000000000000, 0.000000000000000000, 1.000000000000000000 ) ) ;
#311 = PERSON_AND_ORGANIZATION ( #395, #1090 ) ;
#312 = DIRECTION ( 'NONE',  ( -0.000000000000000000, -1.000000000000000000, -0.000000000000000000 ) ) ;
#313 = ADVANCED_FACE ( 'NONE', ( #2054 ), #2027, .T. ) ;
#314 = ORIENTED_EDGE ( 'NONE', *, *, #991, .T. ) ;
#315 = CARTESIAN_POINT ( 'NONE',  ( 68.50000000000000000, 54.00000000000000000, 5.000000000000000888 ) ) ;
#316 = LINE ( 'NONE', #1161, #111 ) ;
#317 = DIRECTION ( 'NONE',  ( 0.000000000000000000, 0.000000000000000000, -1.000000000000000000 ) ) ;
#318 = VECTOR ( 'NONE', #978, 1000.000000000000000 ) ;
#319 = EDGE_CURVE ( 'NONE', #14, #2051, #1978, .T. ) ;
#320 = APPROVAL ( #1261, 'æœª' ) ;
#321 = CALENDAR_DATE ( 2026, 13, 9 ) ;
#322 = CARTESIAN_POINT ( 'NONE',  ( 32.50000000000000000, 53.50000000000000000, 2.000000000000000000 ) ) ;
#323 = ORIENTED_EDGE ( 'NONE', *, *, #1568, .T. ) ;
#324 = DIRECTION ( 'NONE',  ( 0.000000000000000000, 1.000000000000000000, 0.000000000000000000 ) ) ;
#325 = EDGE_LOOP ( 'NONE', ( #783, #682, #171, #2031 ) ) ;
#326 = DIRECTION ( 'NONE',  ( -0.000000000000000000, -0.000000000000000000, -1.000000000000000000 ) ) ;
#327 = VECTOR ( 'NONE', #750, 1000.000000000000000 ) ;
#328 = PERSON_AND_ORGANIZATION ( #395, #1090 ) ;
#329 = VECTOR ( 'NONE', #1465, 1000.000000000000000 ) ;
#330 = FACE_OUTER_BOUND ( 'NONE', #1395, .T. ) ;
#331 = ORIENTED_EDGE ( 'NONE', *, *, #1474, .F. ) ;
#332 = EDGE_CURVE ( 'NONE', #1972, #2083, #1869, .T. ) ;
#333 = PLANE ( 'NONE',  #211 ) ;
#334 = PLANE ( 'NONE',  #32 ) ;
#335 = ORIENTED_EDGE ( 'NONE', *, *, #934, .T. ) ;
#336 = CARTESIAN_POINT ( 'NONE',  ( 68.50000000000000000, 54.00000000000000000, 0.000000000000000000 ) ) ;
#337 = ADVANCED_FACE ( 'NONE', ( #236 ), #56, .F. ) ;
#338 = AXIS2_PLACEMENT_3D ( 'NONE', #2124, #452, #459 ) ;
#339 = EDGE_CURVE ( 'NONE', #65, #1901, #363, .T. ) ;
#340 = SECURITY_CLASSIFICATION_LEVEL ( 'unclassified' ) ;
#341 = ORIENTED_EDGE ( 'NONE', *, *, #1642, .T. ) ;
#342 = CARTESIAN_POINT ( 'NONE',  ( 0.000000000000000000, 0.000000000000000000, 2.000000000000000000 ) ) ;
#343 = ORIENTED_EDGE ( 'NONE', *, *, #1117, .T. ) ;
#344 = DIRECTION ( 'NONE',  ( 1.000000000000000000, 0.000000000000000000, 0.000000000000000000 ) ) ;
#345 = EDGE_CURVE ( 'NONE', #753, #1852, #1765, .T. ) ;
#346 = DIRECTION ( 'NONE',  ( -1.000000000000000000, 0.000000000000000000, 0.000000000000000000 ) ) ;
#347 = CARTESIAN_POINT ( 'NONE',  ( 68.50000000000000000, 18.00000000000000000, 5.000000000000000000 ) ) ;
#348 = CIRCLE ( 'NONE', #1790, 1.349999999999999645 ) ;
#349 = DESIGN_CONTEXT ( 'detailed design', #1254, 'design' ) ;
#350 = PERSON_AND_ORGANIZATION_ROLE ( 'classification_officer' ) ;
#351 = EDGE_LOOP ( 'NONE', ( #531, #1640, #1626, #1358 ) ) ;
#352 = CARTESIAN_POINT ( 'NONE',  ( 68.50000000000000000, 18.00000000000000000, 5.000000000000000000 ) ) ;
#353 = EDGE_LOOP ( 'NONE', ( #412, #1717 ) ) ;
#354 = VERTEX_POINT ( 'NONE', #294 ) ;
#355 = DIRECTION ( 'NONE',  ( 0.000000000000000000, 0.000000000000000000, -1.000000000000000000 ) ) ;
#356 = VECTOR ( 'NONE', #2084, 1000.000000000000000 ) ;
#357 = DIRECTION ( 'NONE',  ( -0.000000000000000000, -1.000000000000000000, -0.000000000000000000 ) ) ;
#358 = EDGE_LOOP ( 'NONE', ( #697, #727, #28, #1014 ) ) ;
#359 = CARTESIAN_POINT ( 'NONE',  ( 6.500000000000000000, 18.00000000000000000, 0.000000000000000000 ) ) ;
#360 = EDGE_LOOP ( 'NONE', ( #1563, #447 ) ) ;
#361 = DIRECTION ( 'NONE',  ( 1.000000000000000000, 0.000000000000000000, 0.000000000000000000 ) ) ;
#362 = ORIENTED_EDGE ( 'NONE', *, *, #291, .T. ) ;
#363 = CIRCLE ( 'NONE', #89, 3.000000000000002665 ) ;
#364 = APPROVAL ( #1361, 'UNKNOWN' ) ;
#365 = PLANE ( 'NONE',  #1850 ) ;
#366 = EDGE_LOOP ( 'NONE', ( #878, #331, #1368, #2064 ) ) ;
#367 = ORIENTED_EDGE ( 'NONE', *, *, #1673, .T. ) ;
#368 = CYLINDRICAL_SURFACE ( 'NONE', #1677, 1.350000000000004086 ) ;
#369 = LINE ( 'NONE', #1035, #1878 ) ;
#370 = VERTEX_POINT ( 'NONE', #2098 ) ;
#371 = ADVANCED_FACE ( 'NONE', ( #93 ), #1914, .T. ) ;
#372 = CARTESIAN_POINT ( 'NONE',  ( 7.599999999999998757, 54.00000000000000000, 22.00000000000000000 ) ) ;
#373 = VECTOR ( 'NONE', #579, 1000.000000000000000 ) ;
#374 = ORIENTED_EDGE ( 'NONE', *, *, #1606, .F. ) ;
#375 = DIRECTION ( 'NONE',  ( -1.000000000000000000, 0.000000000000000000, 0.000000000000000000 ) ) ;
#376 = ORIENTED_EDGE ( 'NONE', *, *, #1749, .T. ) ;
#377 = EDGE_CURVE ( 'NONE', #163, #1865, #123, .T. ) ;
#378 = DIRECTION ( 'NONE',  ( 0.000000000000000000, 0.000000000000000000, -1.000000000000000000 ) ) ;
#379 = ORIENTED_EDGE ( 'NONE', *, *, #16, .F. ) ;
#380 = CARTESIAN_POINT ( 'NONE',  ( 6.500000000000000000, 18.00000000000000000, 5.000000000000000000 ) ) ;
#381 = LINE ( 'NONE', #756, #800 ) ;
#382 = ORIENTED_EDGE ( 'NONE', *, *, #1568, .F. ) ;
#383 = DIRECTION ( 'NONE',  ( 0.000000000000000000, 0.000000000000000000, -1.000000000000000000 ) ) ;
#384 = LOCAL_TIME ( 2, 20, 31.00000000000000000, #1407 ) ;
#385 = LOCAL_TIME ( 2, 20, 31.00000000000000000, #708 ) ;
#386 = ORIENTED_EDGE ( 'NONE', *, *, #16, .T. ) ;
#387 = CARTESIAN_POINT ( 'NONE',  ( 68.50000000000000000, 18.00000000000000000, 0.000000000000000000 ) ) ;
#388 = CIRCLE ( 'NONE', #916, 1.100000000000003642 ) ;
#389 = ORIENTED_EDGE ( 'NONE', *, *, #1262, .F. ) ;
#390 = PERSON_AND_ORGANIZATION_ROLE ( 'creator' ) ;
#391 = CARTESIAN_POINT ( 'NONE',  ( 0.000000000000000000, 0.000000000000000000, 0.000000000000000000 ) ) ;
#392 = ORIENTED_EDGE ( 'NONE', *, *, #1808, .T. ) ;
#393 = AXIS2_PLACEMENT_3D ( 'NONE', #1087, #1709, #577 ) ;
#394 = DIRECTION ( 'NONE',  ( 0.000000000000000000, 1.000000000000000000, 0.000000000000000000 ) ) ;
#395 = PERSON ( 'æœª', 'æœª', 'æœª', ('æœª'), ('æœª'), ('æœª') ) ;
#396 = LINE ( 'NONE', #591, #863 ) ;
#397 = ORIENTED_EDGE ( 'NONE', *, *, #1022, .T. ) ;
#398 = LINE ( 'NONE', #743, #1932 ) ;
#399 = EDGE_LOOP ( 'NONE', ( #1804, #2003, #482, #1775 ) ) ;
#400 = CARTESIAN_POINT ( 'NONE',  ( 3.499999999999998668, 54.00000000000000000, 2.000000000000000000 ) ) ;
#401 = ORIENTED_EDGE ( 'NONE', *, *, #504, .F. ) ;
#402 = CARTESIAN_POINT ( 'NONE',  ( 71.50000000000001421, 18.00000000000000000, 2.000000000000000000 ) ) ;
#403 = ADVANCED_FACE ( 'NONE', ( #584 ), #264, .F. ) ;
#404 = ORIENTED_EDGE ( 'NONE', *, *, #250, .F. ) ;
#405 = ORIENTED_EDGE ( 'NONE', *, *, #495, .T. ) ;
#406 = DIRECTION ( 'NONE',  ( 1.000000000000000000, 0.000000000000000000, 0.000000000000000000 ) ) ;
#407 = AXIS2_PLACEMENT_3D ( 'NONE', #147, #1984, #2135 ) ;
#408 = DIRECTION ( 'NONE',  ( 0.000000000000000000, 0.000000000000000000, -1.000000000000000000 ) ) ;
#409 = VERTEX_POINT ( 'NONE', #82 ) ;
#410 = EDGE_CURVE ( 'NONE', #241, #245, #650, .T. ) ;
#411 = CARTESIAN_POINT ( 'NONE',  ( 6.500000000000000000, 18.00000000000000000, 22.00000000000000000 ) ) ;
#412 = ORIENTED_EDGE ( 'NONE', *, *, #410, .F. ) ;
#413 = CYLINDRICAL_SURFACE ( 'NONE', #1450, 1.100000000000003642 ) ;
#414 = AXIS2_PLACEMENT_3D ( 'NONE', #1164, #326, #993 ) ;
#415 = EDGE_CURVE ( 'NONE', #1590, #1331, #1757, .T. ) ;
#416 = LINE ( 'NONE', #1084, #618 ) ;
#417 = VECTOR ( 'NONE', #1504, 1000.000000000000000 ) ;
#418 = VERTEX_POINT ( 'NONE', #1287 ) ;
#419 = ADVANCED_FACE ( 'NONE', ( #1114 ), #413, .F. ) ;
#420 = APPROVAL ( #1057, 'æœª' ) ;
#421 = ORIENTED_EDGE ( 'NONE', *, *, #1412, .T. ) ;
#422 = LINE ( 'NONE', #1577, #1335 ) ;
#423 = FACE_OUTER_BOUND ( 'NONE', #358, .T. ) ;
#424 = CARTESIAN_POINT ( 'NONE',  ( 32.50000000000000000, 53.50000000000000000, 2.000000000000000000 ) ) ;
#425 = VERTEX_POINT ( 'NONE', #789 ) ;
#426 = CYLINDRICAL_SURFACE ( 'NONE', #1210, 3.000000000000000000 ) ;
#427 = DIRECTION ( 'NONE',  ( -0.000000000000000000, -0.000000000000000000, 1.000000000000000000 ) ) ;
#428 = CC_DESIGN_APPROVAL ( #320, ( #70 ) ) ;
#429 = PERSON_AND_ORGANIZATION_ROLE ( 'design_owner' ) ;
#430 = ORIENTED_EDGE ( 'NONE', *, *, #728, .F. ) ;
#431 = DIRECTION ( 'NONE',  ( 0.000000000000000000, 0.000000000000000000, 1.000000000000000000 ) ) ;
#432 = DIRECTION ( 'NONE',  ( -1.000000000000000000, 0.000000000000000000, 0.000000000000000000 ) ) ;
#433 = CARTESIAN_POINT ( 'NONE',  ( 56.50000000000000000, 38.00000000000000000, 2.000000000000000000 ) ) ;
#434 = DIRECTION ( 'NONE',  ( 0.000000000000000000, 0.000000000000000000, 1.000000000000000000 ) ) ;
#435 = PERSON_AND_ORGANIZATION_ROLE ( 'design_supplier' ) ;
#436 = ORIENTED_EDGE ( 'NONE', *, *, #808, .T. ) ;
#437 = ORIENTED_EDGE ( 'NONE', *, *, #832, .F. ) ;
#438 = CARTESIAN_POINT ( 'NONE',  ( 71.50000000000001421, 18.00000000000000000, 5.000000000000000000 ) ) ;
#439 = AXIS2_PLACEMENT_3D ( 'NONE', #1815, #828, #1174 ) ;
#440 = CARTESIAN_POINT ( 'NONE',  ( 42.50000000000000000, 48.50000000000000000, 2.000000000000000000 ) ) ;
#441 = AXIS2_PLACEMENT_3D ( 'NONE', #1363, #906, #558 ) ;
#442 = ADVANCED_FACE ( 'NONE', ( #1782 ), #249, .F. ) ;
#443 = CARTESIAN_POINT ( 'NONE',  ( 68.50000000000000000, 54.00000000000000000, 2.000000000000000000 ) ) ;
#444 = EDGE_CURVE ( 'NONE', #225, #1855, #614, .T. ) ;
#445 = DIRECTION ( 'NONE',  ( 0.000000000000000000, 0.000000000000000000, -1.000000000000000000 ) ) ;
#446 = DATE_TIME_ROLE ( 'classification_date' ) ;
#447 = ORIENTED_EDGE ( 'NONE', *, *, #1803, .T. ) ;
#448 = AXIS2_PLACEMENT_3D ( 'NONE', #271, #787, #1780 ) ;
#449 = PLANE ( 'NONE',  #1133 ) ;
#450 = DIRECTION ( 'NONE',  ( 0.000000000000000000, 0.000000000000000000, 1.000000000000000000 ) ) ;
#451 = PRODUCT_DEFINITION_SHAPE ( 'NONE', 'NONE',  #2163 ) ;
#452 = DIRECTION ( 'NONE',  ( 0.000000000000000000, 0.000000000000000000, 1.000000000000000000 ) ) ;
#453 = CARTESIAN_POINT ( 'NONE',  ( 9.500000000000000000, 18.00000000000000000, 5.000000000000000000 ) ) ;
#454 = PERSON_AND_ORGANIZATION_ROLE ( 'creator' ) ;
#455 = LOCAL_TIME ( 2, 20, 31.00000000000000000, #295 ) ;
#456 = ORIENTED_EDGE ( 'NONE', *, *, #1285, .F. ) ;
#457 = FACE_OUTER_BOUND ( 'NONE', #575, .T. ) ;
#458 = DIRECTION ( 'NONE',  ( 0.000000000000000000, 0.000000000000000000, 1.000000000000000000 ) ) ;
#459 = DIRECTION ( 'NONE',  ( 1.000000000000000000, 0.000000000000000000, 0.000000000000000000 ) ) ;
#460 = VECTOR ( 'NONE', #1740, 1000.000000000000000 ) ;
#461 = CARTESIAN_POINT ( 'NONE',  ( 42.50000000000000000, 48.50000000000000000, 0.000000000000000000 ) ) ;
#462 = PERSON_AND_ORGANIZATION_ROLE ( 'creator' ) ;
#463 = LINE ( 'NONE', #2161, #1278 ) ;
#464 = ORIENTED_EDGE ( 'NONE', *, *, #17, .T. ) ;
#465 = DIRECTION ( 'NONE',  ( 1.000000000000000000, 0.000000000000000000, 0.000000000000000000 ) ) ;
#466 = CARTESIAN_POINT ( 'NONE',  ( 75.00000000000000000, 0.000000000000000000, 2.000000000000000000 ) ) ;
#467 = ORIENTED_EDGE ( 'NONE', *, *, #1337, .T. ) ;
#468 = CLOSED_SHELL ( 'NONE', ( #1535, #1799, #1970, #1643, #337, #283, #1470, #1541, #187, #552, #1943, #770, #371, #1286, #313, #91, #581, #1122, #1733, #172, #2149, #1095, #120, #403, #1156, #109, #864, #612 ) ) ;
#469 = EDGE_CURVE ( 'NONE', #2128, #1888, #1429, .T. ) ;
#470 = DIRECTION ( 'NONE',  ( 1.000000000000000000, 0.000000000000000000, 0.000000000000000000 ) ) ;
#471 = AXIS2_PLACEMENT_3D ( 'NONE', #473, #1142, #310 ) ;
#472 = ADVANCED_FACE ( 'NONE', ( #1954 ), #426, .T. ) ;
#473 = CARTESIAN_POINT ( 'NONE',  ( 75.00000000000000000, 0.000000000000000000, 2.000000000000000000 ) ) ;
#474 = COORDINATED_UNIVERSAL_TIME_OFFSET ( 8, 0, .AHEAD. ) ;
#475 = FACE_BOUND ( 'NONE', #2044, .T. ) ;
#476 = ORIENTED_EDGE ( 'NONE', *, *, #155, .F. ) ;
#477 = DIRECTION ( 'NONE',  ( 1.000000000000000000, 0.000000000000000000, 0.000000000000000000 ) ) ;
#478 = EDGE_CURVE ( 'NONE', #65, #370, #2088, .T. ) ;
#479 = LINE ( 'NONE', #466, #1753 ) ;
#480 = EDGE_CURVE ( 'NONE', #1417, #2066, #1659, .T. ) ;
#481 = AXIS2_PLACEMENT_3D ( 'NONE', #669, #309, #1336 ) ;
#482 = ORIENTED_EDGE ( 'NONE', *, *, #938, .F. ) ;
#483 = CIRCLE ( 'NONE', #1081, 1.349999999999999645 ) ;
#484 = DIRECTION ( 'NONE',  ( -0.000000000000000000, -0.000000000000000000, -1.000000000000000000 ) ) ;
#485 = FACE_BOUND ( 'NONE', #1146, .T. ) ;
#486 = COORDINATED_UNIVERSAL_TIME_OFFSET ( 8, 0, .AHEAD. ) ;
#487 = PLANE ( 'NONE',  #793 ) ;
#488 = ORIENTED_EDGE ( 'NONE', *, *, #674, .T. ) ;
#489 = DIRECTION ( 'NONE',  ( 0.000000000000000000, 0.000000000000000000, 1.000000000000000000 ) ) ;
#490 = CARTESIAN_POINT ( 'NONE',  ( 75.00000000000000000, 61.00000000000000000, 2.000000000000000000 ) ) ;
#491 = ORIENTED_EDGE ( 'NONE', *, *, #1308, .T. ) ;
#492 = AXIS2_PLACEMENT_3D ( 'NONE', #511, #1667, #840 ) ;
#493 = FACE_OUTER_BOUND ( 'NONE', #242, .T. ) ;
#494 = VECTOR ( 'NONE', #46, 1000.000000000000000 ) ;
#495 = EDGE_CURVE ( 'NONE', #1649, #1545, #1773, .T. ) ;
#496 = VECTOR ( 'NONE', #704, 1000.000000000000000 ) ;
#497 = APPROVAL_ROLE ( '' ) ;
#498 = FACE_OUTER_BOUND ( 'NONE', #126, .T. ) ;
#499 = VERTEX_POINT ( 'NONE', #758 ) ;
#500 = LINE ( 'NONE', #181, #974 ) ;
#501 = DIRECTION ( 'NONE',  ( -0.000000000000000000, -0.000000000000000000, -1.000000000000000000 ) ) ;
#502 = ORIENTED_EDGE ( 'NONE', *, *, #1700, .T. ) ;
#503 = CARTESIAN_POINT ( 'NONE',  ( 68.50000000000000000, 18.00000000000000000, 5.000000000000000888 ) ) ;
#504 = EDGE_CURVE ( 'NONE', #867, #1073, #1605, .T. ) ;
#505 = APPROVAL_ROLE ( '' ) ;
#506 = ADVANCED_FACE ( 'NONE', ( #1448 ), #1126, .T. ) ;
#507 = EDGE_LOOP ( 'NONE', ( #2058, #2119 ) ) ;
#508 = AXIS2_PLACEMENT_3D ( 'NONE', #114, #445, #602 ) ;
#509 = DIRECTION ( 'NONE',  ( 0.000000000000000000, 0.000000000000000000, -1.000000000000000000 ) ) ;
#510 = EDGE_LOOP ( 'NONE', ( #663, #913, #675, #404 ) ) ;
#511 = CARTESIAN_POINT ( 'NONE',  ( 0.000000000000000000, 0.000000000000000000, 0.000000000000000000 ) ) ;
#512 = DIRECTION ( 'NONE',  ( -1.000000000000000000, 0.000000000000000000, 0.000000000000000000 ) ) ;
#513 = EDGE_LOOP ( 'NONE', ( #1927, #274, #524, #1708 ) ) ;
#514 = EDGE_CURVE ( 'NONE', #720, #624, #2126, .T. ) ;
#515 = AXIS2_PLACEMENT_3D ( 'NONE', #347, #2143, #1685 ) ;
#516 = CARTESIAN_POINT ( 'NONE',  ( 56.50000000000000000, 38.00000000000000000, 2.000000000000000000 ) ) ;
#517 = EDGE_CURVE ( 'NONE', #62, #354, #2009, .T. ) ;
#518 = AXIS2_PLACEMENT_3D ( 'NONE', #1974, #324, #635 ) ;
#519 = APPROVAL_ROLE ( '' ) ;
#520 = DIRECTION ( 'NONE',  ( -0.000000000000000000, -0.000000000000000000, -1.000000000000000000 ) ) ;
#521 = VERTEX_POINT ( 'NONE', #628 ) ;
#522 = FACE_OUTER_BOUND ( 'NONE', #1542, .T. ) ;
#523 = CARTESIAN_POINT ( 'NONE',  ( 0.000000000000000000, 0.000000000000000000, 0.000000000000000000 ) ) ;
#524 = ORIENTED_EDGE ( 'NONE', *, *, #1292, .T. ) ;
#525 = DIRECTION ( 'NONE',  ( 1.000000000000000000, 0.000000000000000000, 0.000000000000000000 ) ) ;
#526 = ORIENTED_EDGE ( 'NONE', *, *, #1868, .T. ) ;
#527 = VECTOR ( 'NONE', #1907, 1000.000000000000000 ) ;
#528 = ORGANIZATION ( 'NAUO-ORG1', 'UNSPECIFIED', 'UNSPECIFIED' ) ;
#529 = DESIGN_CONTEXT ( 'detailed design', #288, 'design' ) ;
#530 = FACE_BOUND ( 'NONE', #1599, .T. ) ;
#531 = ORIENTED_EDGE ( 'NONE', *, *, #926, .F. ) ;
#532 = CARTESIAN_POINT ( 'NONE',  ( -37.50000000000000000, -30.50000000000000000, -11.00000000000000000 ) ) ;
#533 = ADVANCED_FACE ( 'NONE', ( #485, #1153, #2145, #1800, #1632 ), #1296, .F. ) ;
#534 = FACE_OUTER_BOUND ( 'NONE', #2042, .T. ) ;
#535 = VERTEX_POINT ( 'NONE', #1812 ) ;
#536 = ORIENTED_EDGE ( 'NONE', *, *, #224, .F. ) ;
#537 = CARTESIAN_POINT ( 'NONE',  ( 56.50000000000000000, 46.00000000000000000, 2.000000000000000000 ) ) ;
#538 = CARTESIAN_POINT ( 'NONE',  ( 68.50000000000000000, 18.00000000000000000, 2.000000000000000000 ) ) ;
#539 = VERTEX_POINT ( 'NONE', #1976 ) ;
#540 = FACE_OUTER_BOUND ( 'NONE', #940, .T. ) ;
#541 = EDGE_CURVE ( 'NONE', #1957, #1237, #1968, .T. ) ;
#542 = AXIS2_PLACEMENT_3D ( 'NONE', #322, #160, #167 ) ;
#543 = ORIENTED_EDGE ( 'NONE', *, *, #345, .T. ) ;
#544 = FACE_BOUND ( 'NONE', #2055, .T. ) ;
#545 = ORIENTED_EDGE ( 'NONE', *, *, #1698, .T. ) ;
#546 = AXIS2_PLACEMENT_3D ( 'NONE', #1849, #2065, #1530 ) ;
#547 = CALENDAR_DATE ( 2026, 13, 9 ) ;
#548 = VERTEX_POINT ( 'NONE', #961 ) ;
#549 = CARTESIAN_POINT ( 'NONE',  ( 2.000000000000000000, 2.000000000000000000, 22.00000000000000000 ) ) ;
#550 = ORIENTED_EDGE ( 'NONE', *, *, #1739, .F. ) ;
#551 = CARTESIAN_POINT ( 'NONE',  ( 39.50000000000000000, 14.90000000000000036, 2.000000000000000000 ) ) ;
#552 = ADVANCED_FACE ( 'NONE', ( #640 ), #1305, .F. ) ;
#553 = LINE ( 'NONE', #1710, #1565 ) ;
#554 = ORIENTED_EDGE ( 'NONE', *, *, #541, .T. ) ;
#555 = FACE_OUTER_BOUND ( 'NONE', #1344, .T. ) ;
#556 = CIRCLE ( 'NONE', #1255, 3.000000000000002665 ) ;
#557 = ORIENTED_EDGE ( 'NONE', *, *, #469, .F. ) ;
#558 = DIRECTION ( 'NONE',  ( 0.000000000000000000, -0.000000000000000000, -1.000000000000000000 ) ) ;
#559 = ORIENTED_EDGE ( 'NONE', *, *, #853, .F. ) ;
#560 = LINE ( 'NONE', #1562, #977 ) ;
#561 = ORIENTED_EDGE ( 'NONE', *, *, #1276, .T. ) ;
#562 = DIRECTION ( 'NONE',  ( 1.000000000000000000, 0.000000000000000000, -0.000000000000000000 ) ) ;
#563 = CARTESIAN_POINT ( 'NONE',  ( 75.00000000000000000, 0.000000000000000000, 0.000000000000000000 ) ) ;
#564 = VERTEX_POINT ( 'NONE', #971 ) ;
#565 = LINE ( 'NONE', #1246, #460 ) ;
#566 = PRODUCT_DEFINITION_FORMATION_WITH_SPECIFIED_SOURCE ( 'ä»', '', #1445, .NOT_KNOWN. ) ;
#567 = AXIS2_PLACEMENT_3D ( 'NONE', #1080, #1415, #903 ) ;
#568 = CC_DESIGN_APPROVAL ( #142, ( #1891 ) ) ;
#569 = VERTEX_POINT ( 'NONE', #1645 ) ;
#570 = EDGE_CURVE ( 'NONE', #2036, #830, #306, .T. ) ;
#571 = CARTESIAN_POINT ( 'NONE',  ( 5.399999999999999467, 18.00000000000000000, 0.000000000000000000 ) ) ;
#572 = ORIENTED_EDGE ( 'NONE', *, *, #2096, .F. ) ;
#573 = CARTESIAN_POINT ( 'NONE',  ( 0.000000000000000000, 0.000000000000000000, 0.000000000000000000 ) ) ;
#574 = CARTESIAN_POINT ( 'NONE',  ( 0.000000000000000000, 61.00000000000000000, 2.000000000000000000 ) ) ;
#575 = EDGE_LOOP ( 'NONE', ( #885, #987, #2061, #1743 ) ) ;
#576 = VECTOR ( 'NONE', #1928, 1000.000000000000000 ) ;
#577 = DIRECTION ( 'NONE',  ( 1.000000000000000000, 0.000000000000000000, 0.000000000000000000 ) ) ;
#578 = EDGE_CURVE ( 'NONE', #354, #62, #556, .T. ) ;
#579 = DIRECTION ( 'NONE',  ( 0.000000000000000000, 1.000000000000000000, 0.000000000000000000 ) ) ;
#580 = ORIENTED_EDGE ( 'NONE', *, *, #469, .T. ) ;
#581 = ADVANCED_FACE ( 'NONE', ( #2132 ), #280, .T. ) ;
#582 = DIRECTION ( 'NONE',  ( -0.000000000000000000, -0.000000000000000000, -1.000000000000000000 ) ) ;
#583 = ORIENTED_EDGE ( 'NONE', *, *, #934, .F. ) ;
#584 = FACE_OUTER_BOUND ( 'NONE', #667, .T. ) ;
#585 = EDGE_CURVE ( 'NONE', #499, #2066, #122, .T. ) ;
#586 = VERTEX_POINT ( 'NONE', #2113 ) ;
#587 = APPLICATION_PROTOCOL_DEFINITION ( 'international standard', 'config_control_design', 1994, #9 ) ;
#588 = DIRECTION ( 'NONE',  ( 0.000000000000000000, 0.000000000000000000, -1.000000000000000000 ) ) ;
#589 = ORIENTED_EDGE ( 'NONE', *, *, #728, .T. ) ;
#590 = DIRECTION ( 'NONE',  ( 0.000000000000000000, 0.000000000000000000, 1.000000000000000000 ) ) ;
#591 = CARTESIAN_POINT ( 'NONE',  ( 2.000000000000000000, 2.000000000000000000, 22.00000000000000000 ) ) ;
#592 = DIRECTION ( 'NONE',  ( 1.000000000000000000, 0.000000000000000000, 0.000000000000000000 ) ) ;
#593 = ORIENTED_EDGE ( 'NONE', *, *, #1056, .T. ) ;
#594 = CARTESIAN_POINT ( 'NONE',  ( 73.00000000000000000, 59.00000000000000000, 22.00000000000000000 ) ) ;
#595 = VECTOR ( 'NONE', #1475, 1000.000000000000000 ) ;
#596 = DIRECTION ( 'NONE',  ( 0.000000000000000000, 0.000000000000000000, -1.000000000000000000 ) ) ;
#597 = CALENDAR_DATE ( 2026, 13, 9 ) ;
#598 = ORIENTED_EDGE ( 'NONE', *, *, #1494, .T. ) ;
#599 = CARTESIAN_POINT ( 'NONE',  ( 64.50000000000000000, 38.00000000000000000, 0.000000000000000000 ) ) ;
#600 = CARTESIAN_POINT ( 'NONE',  ( 39.50000000000000000, 3.899999999999999911, 0.000000000000000000 ) ) ;
#601 = DIRECTION ( 'NONE',  ( -0.000000000000000000, -0.000000000000000000, -1.000000000000000000 ) ) ;
#602 = DIRECTION ( 'NONE',  ( -1.000000000000000000, 0.000000000000000000, 0.000000000000000000 ) ) ;
#603 = APPROVAL ( #945, 'æœª' ) ;
#604 = CIRCLE ( 'NONE', #1497, 2.000000000000001776 ) ;
#605 = PERSON_AND_ORGANIZATION_ROLE ( 'design_supplier' ) ;
#606 = VECTOR ( 'NONE', #1030, 1000.000000000000000 ) ;
#607 = VERTEX_POINT ( 'NONE', #2097 ) ;
#608 = PLANE ( 'NONE',  #1587 ) ;
#609 = EDGE_CURVE ( 'NONE', #1862, #241, #1447, .T. ) ;
#610 = CARTESIAN_POINT ( 'NONE',  ( 39.50000000000000000, 14.90000000000000036, 0.000000000000000000 ) ) ;
#611 = VECTOR ( 'NONE', #725, 1000.000000000000000 ) ;
#612 = ADVANCED_FACE ( 'NONE', ( #1963 ), #299, .F. ) ;
#613 = DIRECTION ( 'NONE',  ( -1.000000000000000000, -0.000000000000000000, -0.000000000000000000 ) ) ;
#614 = LINE ( 'NONE', #594, #1385 ) ;
#615 = DATE_TIME_ROLE ( 'classification_date' ) ;
#616 = ORIENTED_EDGE ( 'NONE', *, *, #1669, .T. ) ;
#617 = CARTESIAN_POINT ( 'NONE',  ( 68.50000000000000000, 54.00000000000000000, 2.000000000000000000 ) ) ;
#618 = VECTOR ( 'NONE', #920, 1000.000000000000000 ) ;
#619 = PLANE ( 'NONE',  #658 ) ;
#620 = VECTOR ( 'NONE', #2043, 1000.000000000000000 ) ;
#621 = DIRECTION ( 'NONE',  ( 0.000000000000000000, 0.000000000000000000, -1.000000000000000000 ) ) ;
#622 = DIRECTION ( 'NONE',  ( -0.000000000000000000, -0.000000000000000000, 1.000000000000000000 ) ) ;
#623 = SHAPE_DEFINITION_REPRESENTATION ( #278, #1181 ) ;
#624 = VERTEX_POINT ( 'NONE', #1267 ) ;
#625 = DIRECTION ( 'NONE',  ( 1.000000000000000000, 0.000000000000000000, 0.000000000000000000 ) ) ;
#626 = CARTESIAN_POINT ( 'NONE',  ( 64.50000000000000000, 38.00000000000000000, 2.000000000000000000 ) ) ;
#627 = CYLINDRICAL_SURFACE ( 'NONE', #902, 1.100000000000003642 ) ;
#628 = CARTESIAN_POINT ( 'NONE',  ( 56.50000000000000000, 38.00000000000000000, 0.000000000000000000 ) ) ;
#629 = APPLICATION_PROTOCOL_DEFINITION ( 'international standard', 'config_control_design', 1994, #687 ) ;
#630 = SECURITY_CLASSIFICATION ( '', '', #1271 ) ;
#631 = EDGE_LOOP ( 'NONE', ( #1239, #1883, #946, #1536 ) ) ;
#632 = LINE ( 'NONE', #438, #293 ) ;
#633 = CIRCLE ( 'NONE', #2000, 3.000000000000000000 ) ;
#634 = APPROVAL_PERSON_ORGANIZATION ( #1496, #142, #497 ) ;
#635 = DIRECTION ( 'NONE',  ( 0.000000000000000000, -0.000000000000000000, 1.000000000000000000 ) ) ;
#636 = EDGE_CURVE ( 'NONE', #905, #1082, #1933, .T. ) ;
#637 = DIRECTION ( 'NONE',  ( 0.000000000000000000, 0.000000000000000000, -1.000000000000000000 ) ) ;
#638 = VECTOR ( 'NONE', #625, 1000.000000000000000 ) ;
#639 = EDGE_CURVE ( 'NONE', #1247, #1545, #1918, .T. ) ;
#640 = FACE_OUTER_BOUND ( 'NONE', #1893, .T. ) ;
#641 = PERSON_AND_ORGANIZATION ( #395, #1090 ) ;
#642 = EDGE_CURVE ( 'NONE', #1431, #564, #1275, .T. ) ;
#643 = CC_DESIGN_DATE_AND_TIME_ASSIGNMENT ( #781, #446, ( #744 ) ) ;
#644 = CARTESIAN_POINT ( 'NONE',  ( 68.50000000000000000, 54.00000000000000000, 5.000000000000000000 ) ) ;
#645 = ORIENTED_EDGE ( 'NONE', *, *, #1151, .T. ) ;
#646 = CARTESIAN_POINT ( 'NONE',  ( 32.50000000000000000, 53.50000000000000000, 0.000000000000000000 ) ) ;
#647 = DIRECTION ( 'NONE',  ( -0.000000000000000000, -0.000000000000000000, -1.000000000000000000 ) ) ;
#648 = CLOSED_SHELL ( 'NONE', ( #1636, #419, #955, #739, #506, #776, #829, #472, #1549, #2100, #1903, #806, #247, #2118, #1806, #1224, #1386, #1994, #533, #1899, #1886, #733, #976, #1705, #58, #210, #121, #1615, #1191, #1324, #442 ) ) ;
#649 = CARTESIAN_POINT ( 'NONE',  ( 17.50000000000000000, 50.00000000000000000, 0.000000000000000000 ) ) ;
#650 = CIRCLE ( 'NONE', #1772, 3.000000000000000888 ) ;
#651 = DIRECTION ( 'NONE',  ( -1.000000000000000000, 0.000000000000000000, 0.000000000000000000 ) ) ;
#652 = APPROVAL_STATUS ( 'not_yet_approved' ) ;
#653 = CARTESIAN_POINT ( 'NONE',  ( 6.500000000000000000, 54.00000000000000000, 2.000000000000000000 ) ) ;
#654 = EDGE_LOOP ( 'NONE', ( #476, #1537, #1451, #1441 ) ) ;
#655 = DIRECTION ( 'NONE',  ( 0.000000000000000000, 0.000000000000000000, 1.000000000000000000 ) ) ;
#656 = DIRECTION ( 'NONE',  ( 0.000000000000000000, 0.000000000000000000, 1.000000000000000000 ) ) ;
#657 = VECTOR ( 'NONE', #2085, 1000.000000000000000 ) ;
#658 = AXIS2_PLACEMENT_3D ( 'NONE', #626, #432, #458 ) ;
#659 = DIRECTION ( 'NONE',  ( 0.000000000000000000, -1.000000000000000000, 0.000000000000000000 ) ) ;
#660 = PERSON_AND_ORGANIZATION_ROLE ( 'design_owner' ) ;
#661 = CARTESIAN_POINT ( 'NONE',  ( 67.15000000000000568, 18.00000000000000000, 2.000000000000000000 ) ) ;
#662 = CC_DESIGN_PERSON_AND_ORGANIZATION_ASSIGNMENT ( #984, #1338, ( #2030 ) ) ;
#663 = ORIENTED_EDGE ( 'NONE', *, *, #1416, .F. ) ;
#664 = SHAPE_REPRESENTATION_RELATIONSHIP ( 'NONE' , 'NONE' ,  #1787, #1847 ) ;
#665 = APPROVAL_PERSON_ORGANIZATION ( #1349, #1304, #505 ) ;
#666 = CARTESIAN_POINT ( 'NONE',  ( 71.50000000000001421, 54.00000000000000000, 5.000000000000000000 ) ) ;
#667 = EDGE_LOOP ( 'NONE', ( #1619, #616, #1372, #202 ) ) ;
#668 = ORGANIZATION ( 'NAUO-ORG2', 'UNSPECIFIED', 'UNSPECIFIED' ) ;
#669 = CARTESIAN_POINT ( 'NONE',  ( 6.500000000000000000, 54.00000000000000000, 5.000000000000000888 ) ) ;
#670 = EDGE_CURVE ( 'NONE', #2072, #1138, #1141, .T. ) ;
#671 = CIRCLE ( 'NONE', #567, 1.350000000000004086 ) ;
#672 = DATE_TIME_ROLE ( 'classification_date' ) ;
#673 = DIRECTION ( 'NONE',  ( 1.000000000000000000, 0.000000000000000000, 0.000000000000000000 ) ) ;
#674 = EDGE_CURVE ( 'NONE', #1758, #1213, #165, .T. ) ;
#675 = ORIENTED_EDGE ( 'NONE', *, *, #12, .F. ) ;
#676 = CARTESIAN_POINT ( 'NONE',  ( 0.000000000000000000, 0.000000000000000000, 0.000000000000000000 ) ) ;
#677 = LINE ( 'NONE', #1343, #2133 ) ;
#678 = EDGE_LOOP ( 'NONE', ( #1228, #1119, #502, #589 ) ) ;
#679 = DIRECTION ( 'NONE',  ( 0.000000000000000000, 0.000000000000000000, -1.000000000000000000 ) ) ;
#680 = DATE_AND_TIME ( #321, #1614 ) ;
#681 = CARTESIAN_POINT ( 'NONE',  ( 65.50000000000000000, 18.00000000000000000, 5.000000000000000000 ) ) ;
#682 = ORIENTED_EDGE ( 'NONE', *, *, #1176, .T. ) ;
#683 = CARTESIAN_POINT ( 'NONE',  ( 67.40000000000000568, 18.00000000000000000, 0.000000000000000000 ) ) ;
#684 = LINE ( 'NONE', #1193, #1437 ) ;
#685 = VERTEX_POINT ( 'NONE', #936 ) ;
#686 = ORIENTED_EDGE ( 'NONE', *, *, #857, .T. ) ;
#687 = APPLICATION_CONTEXT ( 'configuration controlled 3d designs of mechanical parts and assemblies' ) ;
#688 = VECTOR ( 'NONE', #1725, 1000.000000000000000 ) ;
#689 = CARTESIAN_POINT ( 'NONE',  ( 6.500000000000000000, 54.00000000000000000, 5.000000000000000000 ) ) ;
#690 = EDGE_LOOP ( 'NONE', ( #1913, #593 ) ) ;
#691 = VECTOR ( 'NONE', #1062, 1000.000000000000000 ) ;
#692 = ORIENTED_EDGE ( 'NONE', *, *, #45, .T. ) ;
#693 = FACE_BOUND ( 'NONE', #1008, .T. ) ;
#694 = EDGE_LOOP ( 'NONE', ( #975, #1726, #715, #1032 ) ) ;
#695 = DIRECTION ( 'NONE',  ( 1.000000000000000000, 0.000000000000000000, 0.000000000000000000 ) ) ;
#696 = EDGE_CURVE ( 'NONE', #1722, #1862, #1455, .T. ) ;
#697 = ORIENTED_EDGE ( 'NONE', *, *, #1176, .F. ) ;
#698 = EDGE_LOOP ( 'NONE', ( #1876, #1784, #1908, #314 ) ) ;
#699 = DIRECTION ( 'NONE',  ( 0.000000000000000000, 0.000000000000000000, -1.000000000000000000 ) ) ;
#700 = EDGE_CURVE ( 'NONE', #711, #1649, #1178, .T. ) ;
#701 = VERTEX_POINT ( 'NONE', #1124 ) ;
#702 = VECTOR ( 'NONE', #1650, 1000.000000000000000 ) ;
#703 = VECTOR ( 'NONE', #908, 1000.000000000000000 ) ;
#704 = DIRECTION ( 'NONE',  ( -0.000000000000000000, -0.000000000000000000, -1.000000000000000000 ) ) ;
#705 = CARTESIAN_POINT ( 'NONE',  ( 73.00000000000000000, 59.00000000000000000, 22.00000000000000000 ) ) ;
#706 = ORIENTED_EDGE ( 'NONE', *, *, #319, .T. ) ;
#707 = EDGE_CURVE ( 'NONE', #569, #1980, #1789, .T. ) ;
#708 = COORDINATED_UNIVERSAL_TIME_OFFSET ( 8, 0, .AHEAD. ) ;
#709 = CC_DESIGN_DATE_AND_TIME_ASSIGNMENT ( #1969, #125, ( #1668 ) ) ;
#710 = FACE_BOUND ( 'NONE', #1199, .T. ) ;
#711 = VERTEX_POINT ( 'NONE', #927 ) ;
#712 = VERTEX_POINT ( 'NONE', #1944 ) ;
#713 = CARTESIAN_POINT ( 'NONE',  ( 64.50000000000000000, 38.00000000000000000, 0.000000000000000000 ) ) ;
#714 = DIRECTION ( 'NONE',  ( -1.000000000000000000, 0.000000000000000000, 0.000000000000000000 ) ) ;
#715 = ORIENTED_EDGE ( 'NONE', *, *, #1348, .F. ) ;
#716 = CARTESIAN_POINT ( 'NONE',  ( 6.500000000000000000, 18.00000000000000000, 5.000000000000000000 ) ) ;
#717 = VECTOR ( 'NONE', #312, 1000.000000000000000 ) ;
#718 = ORIENTED_EDGE ( 'NONE', *, *, #938, .T. ) ;
#719 = CARTESIAN_POINT ( 'NONE',  ( 6.500000000000000000, 18.00000000000000000, 0.000000000000000000 ) ) ;
#720 = VERTEX_POINT ( 'NONE', #133 ) ;
#721 = VECTOR ( 'NONE', #937, 1000.000000000000000 ) ;
#722 = PERSON_AND_ORGANIZATION ( #395, #1090 ) ;
#723 = LINE ( 'NONE', #1367, #1332 ) ;
#724 = ORIENTED_EDGE ( 'NONE', *, *, #1013, .T. ) ;
#725 = DIRECTION ( 'NONE',  ( 0.000000000000000000, 0.000000000000000000, -1.000000000000000000 ) ) ;
#726 = DIRECTION ( 'NONE',  ( -1.000000000000000000, -0.000000000000000000, -0.000000000000000000 ) ) ;
#727 = ORIENTED_EDGE ( 'NONE', *, *, #1956, .T. ) ;
#728 = EDGE_CURVE ( 'NONE', #830, #2036, #1520, .T. ) ;
#729 = CARTESIAN_POINT ( 'NONE',  ( 5.150000000000000355, 18.00000000000000000, 2.000000000000000000 ) ) ;
#730 = AXIS2_PLACEMENT_3D ( 'NONE', #689, #156, #5 ) ;
#731 = ORIENTED_EDGE ( 'NONE', *, *, #1929, .T. ) ;
#732 = DIRECTION ( 'NONE',  ( 0.000000000000000000, 0.000000000000000000, -1.000000000000000000 ) ) ;
#733 = ADVANCED_FACE ( 'NONE', ( #795 ), #1810, .T. ) ;
#734 = FACE_BOUND ( 'NONE', #360, .T. ) ;
#735 = CALENDAR_DATE ( 2026, 13, 9 ) ;
#736 = FACE_BOUND ( 'NONE', #856, .T. ) ;
#737 = EDGE_LOOP ( 'NONE', ( #1110, #405, #376, #1041 ) ) ;
#738 = FACE_OUTER_BOUND ( 'NONE', #1162, .T. ) ;
#739 = ADVANCED_FACE ( 'NONE', ( #1630 ), #627, .F. ) ;
#740 = LINE ( 'NONE', #1895, #1037 ) ;
#741 = ORIENTED_EDGE ( 'NONE', *, *, #444, .F. ) ;
#742 = EDGE_CURVE ( 'NONE', #1567, #1408, #1495, .T. ) ;
#743 = CARTESIAN_POINT ( 'NONE',  ( 42.50000000000000000, 48.50000000000000000, 2.000000000000000000 ) ) ;
#744 = SECURITY_CLASSIFICATION ( '', '', #2090 ) ;
#745 = SECURITY_CLASSIFICATION_LEVEL ( 'unclassified' ) ;
#746 = AXIS2_PLACEMENT_3D ( 'NONE', #107, #1785, #2129 ) ;
#747 = LOCAL_TIME ( 2, 20, 31.00000000000000000, #486 ) ;
#748 = ORIENTED_EDGE ( 'NONE', *, *, #985, .F. ) ;
#749 = FACE_BOUND ( 'NONE', #1325, .T. ) ;
#750 = DIRECTION ( 'NONE',  ( 0.000000000000000000, 0.000000000000000000, -1.000000000000000000 ) ) ;
#751 = PERSON_AND_ORGANIZATION_ROLE ( 'design_owner' ) ;
#752 = LINE ( 'NONE', #1574, #1050 ) ;
#753 = VERTEX_POINT ( 'NONE', #1846 ) ;
#754 = AXIS2_PLACEMENT_3D ( 'NONE', #911, #898, #2059 ) ;
#755 = CARTESIAN_POINT ( 'NONE',  ( 73.00000000000000000, 59.00000000000000000, 2.000000000000001776 ) ) ;
#756 = CARTESIAN_POINT ( 'NONE',  ( 0.000000000000000000, 0.000000000000000000, 22.00000000000000000 ) ) ;
#757 = CARTESIAN_POINT ( 'NONE',  ( 32.50000000000000000, 48.50000000000000000, 2.000000000000000000 ) ) ;
#758 = CARTESIAN_POINT ( 'NONE',  ( 7.849999999999999645, 18.00000000000000000, 2.000000000000000000 ) ) ;
#759 = LINE ( 'NONE', #2089, #929 ) ;
#760 = PERSON_AND_ORGANIZATION_ROLE ( 'creator' ) ;
#761 = VERTEX_POINT ( 'NONE', #144 ) ;
#762 = AXIS2_PLACEMENT_3D ( 'NONE', #944, #1923, #1248 ) ;
#763 = ORIENTED_EDGE ( 'NONE', *, *, #1714, .T. ) ;
#764 = DIRECTION ( 'NONE',  ( -1.000000000000000000, 0.000000000000000000, 0.000000000000000000 ) ) ;
#765 = DIRECTION ( 'NONE',  ( 0.000000000000000000, 0.000000000000000000, -1.000000000000000000 ) ) ;
#766 = CC_DESIGN_PERSON_AND_ORGANIZATION_ASSIGNMENT ( #1165, #660, ( #101 ) ) ;
#767 = CARTESIAN_POINT ( 'NONE',  ( 68.50000000000000000, 54.00000000000000000, 22.00000000000000000 ) ) ;
#768 = DIRECTION ( 'NONE',  ( 0.000000000000000000, -0.000000000000000000, 1.000000000000000000 ) ) ;
#769 = VECTOR ( 'NONE', #484, 1000.000000000000000 ) ;
#770 = ADVANCED_FACE ( 'NONE', ( #2152 ), #844, .T. ) ;
#771 = COORDINATED_UNIVERSAL_TIME_OFFSET ( 8, 0, .AHEAD. ) ;
#772 = CIRCLE ( 'NONE', #1985, 3.000000000000000888 ) ;
#773 = ORIENTED_EDGE ( 'NONE', *, *, #1314, .F. ) ;
#774 = EDGE_LOOP ( 'NONE', ( #862, #24, #464, #1526 ) ) ;
#775 = CARTESIAN_POINT ( 'NONE',  ( 0.000000000000000000, 61.00000000000000000, 2.000000000000000000 ) ) ;
#776 = ADVANCED_FACE ( 'NONE', ( #1171 ), #1346, .T. ) ;
#777 = DIRECTION ( 'NONE',  ( -1.000000000000000000, 0.000000000000000000, 0.000000000000000000 ) ) ;
#778 = EDGE_CURVE ( 'NONE', #190, #851, #237, .T. ) ;
#779 = DIRECTION ( 'NONE',  ( 1.000000000000000000, 0.000000000000000000, 0.000000000000000000 ) ) ;
#780 = DIRECTION ( 'NONE',  ( -1.000000000000000000, 0.000000000000000000, 0.000000000000000000 ) ) ;
#781 = DATE_AND_TIME ( #1759, #455 ) ;
#782 = AXIS2_PLACEMENT_3D ( 'NONE', #1864, #695, #1377 ) ;
#783 = ORIENTED_EDGE ( 'NONE', *, *, #1992, .T. ) ;
#784 = DIRECTION ( 'NONE',  ( -1.000000000000000000, -0.000000000000000000, -0.000000000000000000 ) ) ;
#785 = LINE ( 'NONE', #1444, #1180 ) ;
#786 = AXIS2_PLACEMENT_3D ( 'NONE', #2086, #889, #592 ) ;
#787 = DIRECTION ( 'NONE',  ( -0.000000000000000000, -0.000000000000000000, 1.000000000000000000 ) ) ;
#788 = PRODUCT_DEFINITION_SHAPE ( 'NONE', 'NONE',  #2162 ) ;
#789 = CARTESIAN_POINT ( 'NONE',  ( 42.50000000000000000, 53.50000000000000000, 2.000000000000000000 ) ) ;
#790 = COORDINATED_UNIVERSAL_TIME_OFFSET ( 8, 0, .AHEAD. ) ;
#791 = VERTEX_POINT ( 'NONE', #516 ) ;
#792 = CARTESIAN_POINT ( 'NONE',  ( 32.50000000000000000, 48.50000000000000000, 2.000000000000000000 ) ) ;
#793 = AXIS2_PLACEMENT_3D ( 'NONE', #1979, #1155, #509 ) ;
#794 = DIRECTION ( 'NONE',  ( 1.000000000000000000, 0.000000000000000000, 0.000000000000000000 ) ) ;
#795 = FACE_OUTER_BOUND ( 'NONE', #1547, .T. ) ;
#796 = EDGE_CURVE ( 'NONE', #1948, #1188, #1779, .T. ) ;
#797 = DIRECTION ( 'NONE',  ( 0.000000000000000000, 0.000000000000000000, -1.000000000000000000 ) ) ;
#798 = UNCERTAINTY_MEASURE_WITH_UNIT (LENGTH_MEASURE( 1.000000000000000082E-05 ), #1365, 'distance_accuracy_value', 'NONE');
#799 = PERSON_AND_ORGANIZATION ( #395, #1090 ) ;
#800 = VECTOR ( 'NONE', #221, 1000.000000000000000 ) ;
#801 = EDGE_CURVE ( 'NONE', #1671, #855, #188, .T. ) ;
#802 = VERTEX_POINT ( 'NONE', #836 ) ;
#803 = CIRCLE ( 'NONE', #1707, 1.100000000000000311 ) ;
#804 = CYLINDRICAL_SURFACE ( 'NONE', #78, 1.349999999999998757 ) ;
#805 = LINE ( 'NONE', #1628, #1522 ) ;
#806 = ADVANCED_FACE ( 'NONE', ( #2011 ), #1198, .T. ) ;
#807 = DIRECTION ( 'NONE',  ( 0.000000000000000000, 0.000000000000000000, -1.000000000000000000 ) ) ;
#808 = EDGE_CURVE ( 'NONE', #2051, #14, #1144, .T. ) ;
#809 = EDGE_CURVE ( 'NONE', #1689, #1170, #860, .T. ) ;
#810 = DIRECTION ( 'NONE',  ( -0.000000000000000000, -0.000000000000000000, -1.000000000000000000 ) ) ;
#811 = CALENDAR_DATE ( 2026, 13, 9 ) ;
#812 = DIRECTION ( 'NONE',  ( -1.000000000000000000, 0.000000000000000000, 0.000000000000000000 ) ) ;
#813 = LOCAL_TIME ( 2, 20, 31.00000000000000000, #790 ) ;
#814 = ORIENTED_EDGE ( 'NONE', *, *, #1745, .T. ) ;
#815 = CARTESIAN_POINT ( 'NONE',  ( 56.50000000000000000, 46.00000000000000000, 0.000000000000000000 ) ) ;
#816 = AXIS2_PLACEMENT_3D ( 'NONE', #1639, #656, #1826 ) ;
#817 = CC_DESIGN_APPROVAL ( #1123, ( #2030 ) ) ;
#818 = DIRECTION ( 'NONE',  ( 0.000000000000000000, 0.000000000000000000, 1.000000000000000000 ) ) ;
#819 = DIRECTION ( 'NONE',  ( 1.000000000000000000, 0.000000000000000000, 0.000000000000000000 ) ) ;
#820 = CARTESIAN_POINT ( 'NONE',  ( 68.50000000000000000, 54.00000000000000000, 2.000000000000000000 ) ) ;
#821 = PERSON_AND_ORGANIZATION ( #395, #1090 ) ;
#822 = DIRECTION ( 'NONE',  ( 0.000000000000000000, 0.000000000000000000, 1.000000000000000000 ) ) ;
#823 = EDGE_LOOP ( 'NONE', ( #891, #1510, #1086, #748 ) ) ;
#824 = CARTESIAN_POINT ( 'NONE',  ( 75.00000000000000000, 0.000000000000000000, 22.00000000000000000 ) ) ;
#825 = LINE ( 'NONE', #1982, #769 ) ;
#826 = AXIS2_PLACEMENT_3D ( 'NONE', #1270, #434, #1405 ) ;
#827 = APPROVAL ( #1136, 'æœª' ) ;
#828 = DIRECTION ( 'NONE',  ( 0.000000000000000000, 0.000000000000000000, 1.000000000000000000 ) ) ;
#829 = ADVANCED_FACE ( 'NONE', ( #2004 ), #970, .T. ) ;
#830 = VERTEX_POINT ( 'NONE', #2021 ) ;
#831 = CARTESIAN_POINT ( 'NONE',  ( 71.50000000000001421, 54.00000000000000000, 2.000000000000000000 ) ) ;
#832 = EDGE_CURVE ( 'NONE', #932, #1671, #1313, .T. ) ;
#833 = CARTESIAN_POINT ( 'NONE',  ( 67.50000000000000000, 3.899999999999999911, 2.000000000000000000 ) ) ;
#834 = VECTOR ( 'NONE', #679, 1000.000000000000000 ) ;
#835 = ORIENTED_EDGE ( 'NONE', *, *, #1342, .F. ) ;
#836 = CARTESIAN_POINT ( 'NONE',  ( 75.00000000000000000, 0.000000000000000000, 0.000000000000000000 ) ) ;
#837 = DATE_TIME_ROLE ( 'classification_date' ) ;
#838 = LINE ( 'NONE', #2155, #717 ) ;
#839 = ORIENTED_EDGE ( 'NONE', *, *, #260, .T. ) ;
#840 = DIRECTION ( 'NONE',  ( -1.000000000000000000, 0.000000000000000000, -0.000000000000000000 ) ) ;
#841 = LOCAL_TIME ( 2, 20, 31.00000000000000000, #228 ) ;
#842 = LINE ( 'NONE', #1651, #1091 ) ;
#843 = VERTEX_POINT ( 'NONE', #1829 ) ;
#844 = PLANE ( 'NONE',  #1115 ) ;
#845 = AXIS2_PLACEMENT_3D ( 'NONE', #877, #582, #1544 ) ;
#846 = APPROVAL_ROLE ( '' ) ;
#847 = DIRECTION ( 'NONE',  ( 0.000000000000000000, 0.000000000000000000, -1.000000000000000000 ) ) ;
#848 = ORIENTED_EDGE ( 'NONE', *, *, #1064, .T. ) ;
#849 = PLANE ( 'NONE',  #1196 ) ;
#850 = VERTEX_POINT ( 'NONE', #1001 ) ;
#851 = VERTEX_POINT ( 'NONE', #1641 ) ;
#852 = CARTESIAN_POINT ( 'NONE',  ( 32.50000000000000000, 48.50000000000000000, 2.000000000000000000 ) ) ;
#853 = EDGE_CURVE ( 'NONE', #843, #35, #825, .T. ) ;
#854 = CARTESIAN_POINT ( 'NONE',  ( 0.000000000000000000, 0.000000000000000000, 2.000000000000000000 ) ) ;
#855 = VERTEX_POINT ( 'NONE', #1993 ) ;
#856 = EDGE_LOOP ( 'NONE', ( #724, #1719, #2016, #1551 ) ) ;
#857 = EDGE_CURVE ( 'NONE', #701, #1331, #1983, .T. ) ;
#858 = FACE_BOUND ( 'NONE', #897, .T. ) ;
#859 = ORIENTED_EDGE ( 'NONE', *, *, #1184, .T. ) ;
#860 = CIRCLE ( 'NONE', #1704, 2.000000000000001776 ) ;
#861 = DIRECTION ( 'NONE',  ( -0.000000000000000000, -0.000000000000000000, -1.000000000000000000 ) ) ;
#862 = ORIENTED_EDGE ( 'NONE', *, *, #1503, .F. ) ;
#863 = VECTOR ( 'NONE', #900, 1000.000000000000000 ) ;
#864 = ADVANCED_FACE ( 'NONE', ( #493 ), #1507, .F. ) ;
#865 = EDGE_CURVE ( 'NONE', #586, #1044, #1602, .T. ) ;
#866 = DIRECTION ( 'NONE',  ( 0.000000000000000000, 0.000000000000000000, 1.000000000000000000 ) ) ;
#867 = VERTEX_POINT ( 'NONE', #1696 ) ;
#868 = DIRECTION ( 'NONE',  ( 1.000000000000000000, 0.000000000000000000, 0.000000000000000000 ) ) ;
#869 = CYLINDRICAL_SURFACE ( 'NONE', #1996, 2.000000000000003553 ) ;
#870 = EDGE_LOOP ( 'NONE', ( #1299, #235, #266, #1588 ) ) ;
#871 = ORIENTED_EDGE ( 'NONE', *, *, #639, .F. ) ;
#872 = FACE_OUTER_BOUND ( 'NONE', #2047, .T. ) ;
#873 = LINE ( 'NONE', #51, #1321 ) ;
#874 = ORIENTED_EDGE ( 'NONE', *, *, #1860, .T. ) ;
#875 = AXIS2_PLACEMENT_3D ( 'NONE', #1703, #1718, #894 ) ;
#876 = AXIS2_PLACEMENT_3D ( 'NONE', #140, #818, #1333 ) ;
#877 = CARTESIAN_POINT ( 'NONE',  ( 6.500000000000000000, 54.00000000000000000, 5.000000000000000000 ) ) ;
#878 = ORIENTED_EDGE ( 'NONE', *, *, #2032, .F. ) ;
#879 = LINE ( 'NONE', #1546, #620 ) ;
#880 = AXIS2_PLACEMENT_3D ( 'NONE', #1223, #223, #1569 ) ;
#881 = ORIENTED_EDGE ( 'NONE', *, *, #2096, .T. ) ;
#882 = APPROVAL_STATUS ( 'not_yet_approved' ) ;
#883 = FACE_OUTER_BOUND ( 'NONE', #106, .T. ) ;
#884 = EDGE_CURVE ( 'NONE', #843, #685, #381, .T. ) ;
#885 = ORIENTED_EDGE ( 'NONE', *, *, #495, .F. ) ;
#886 = CARTESIAN_POINT ( 'NONE',  ( 17.50000000000000000, 50.00000000000000000, 2.000000000000000000 ) ) ;
#887 = DIRECTION ( 'NONE',  ( 1.000000000000000000, 0.000000000000000000, 0.000000000000000000 ) ) ;
#888 = ORIENTED_EDGE ( 'NONE', *, *, #1446, .F. ) ;
#889 = DIRECTION ( 'NONE',  ( 0.000000000000000000, 0.000000000000000000, 1.000000000000000000 ) ) ;
#890 = PRODUCT_DEFINITION ( 'æœ', '', #1644, #349 ) ;
#891 = ORIENTED_EDGE ( 'NONE', *, *, #1803, .F. ) ;
#892 = PLANE ( 'NONE',  #1311 ) ;
#893 = ORIENTED_EDGE ( 'NONE', *, *, #2154, .T. ) ;
#894 = DIRECTION ( 'NONE',  ( 1.000000000000000000, 0.000000000000000000, 0.000000000000000000 ) ) ;
#895 = DIRECTION ( 'NONE',  ( 0.000000000000000000, 0.000000000000000000, -1.000000000000000000 ) ) ;
#896 = EDGE_CURVE ( 'NONE', #720, #564, #553, .T. ) ;
#897 = EDGE_LOOP ( 'NONE', ( #1167, #859, #195, #561 ) ) ;
#898 = DIRECTION ( 'NONE',  ( 1.000000000000000000, 0.000000000000000000, 0.000000000000000000 ) ) ;
#899 = EDGE_CURVE ( 'NONE', #1408, #418, #1371, .T. ) ;
#900 = DIRECTION ( 'NONE',  ( -0.000000000000000000, -1.000000000000000000, -0.000000000000000000 ) ) ;
#901 = ORIENTED_EDGE ( 'NONE', *, *, #1183, .F. ) ;
#902 = AXIS2_PLACEMENT_3D ( 'NONE', #767, #807, #1463 ) ;
#903 = DIRECTION ( 'NONE',  ( 1.000000000000000000, 0.000000000000000000, 0.000000000000000000 ) ) ;
#904 = AXIS2_PLACEMENT_3D ( 'NONE', #1435, #2106, #1975 ) ;
#905 = VERTEX_POINT ( 'NONE', #64 ) ;
#906 = DIRECTION ( 'NONE',  ( 0.000000000000000000, -1.000000000000000000, 0.000000000000000000 ) ) ;
#907 = CARTESIAN_POINT ( 'NONE',  ( 69.85000000000000853, 54.00000000000000000, 0.000000000000000000 ) ) ;
#908 = DIRECTION ( 'NONE',  ( 0.000000000000000000, 0.000000000000000000, -1.000000000000000000 ) ) ;
#909 = ORIENTED_EDGE ( 'NONE', *, *, #377, .F. ) ;
#910 = VERTEX_POINT ( 'NONE', #1207 ) ;
#911 = CARTESIAN_POINT ( 'NONE',  ( 0.000000000000000000, 0.000000000000000000, 22.00000000000000000 ) ) ;
#912 = DIRECTION ( 'NONE',  ( 1.000000000000000000, 0.000000000000000000, -0.000000000000000000 ) ) ;
#913 = ORIENTED_EDGE ( 'NONE', *, *, #983, .F. ) ;
#914 = CARTESIAN_POINT ( 'NONE',  ( 68.50000000000000000, 54.00000000000000000, 2.000000000000000000 ) ) ;
#915 =( GEOMETRIC_REPRESENTATION_CONTEXT ( 3 ) GLOBAL_UNCERTAINTY_ASSIGNED_CONTEXT ( ( #798 ) ) GLOBAL_UNIT_ASSIGNED_CONTEXT ( ( #1365, #2068, #1042 ) ) REPRESENTATION_CONTEXT ( 'NONE', 'WORKASPACE' ) );
#916 = AXIS2_PLACEMENT_3D ( 'NONE', #1236, #2077, #1404 ) ;
#917 = CC_DESIGN_APPROVAL ( #827, ( #1644 ) ) ;
#918 = ORIENTED_EDGE ( 'NONE', *, *, #1064, .F. ) ;
#919 = DIRECTION ( 'NONE',  ( 0.000000000000000000, 0.000000000000000000, -1.000000000000000000 ) ) ;
#920 = DIRECTION ( 'NONE',  ( 1.000000000000000000, 0.000000000000000000, 0.000000000000000000 ) ) ;
#921 = APPROVAL_STATUS ( 'not_yet_approved' ) ;
#922 = ORIENTED_EDGE ( 'NONE', *, *, #155, .T. ) ;
#923 = AXIS2_PLACEMENT_3D ( 'NONE', #1291, #1958, #1795 ) ;
#924 = PLANE ( 'NONE',  #1971 ) ;
#925 = LINE ( 'NONE', #1797, #965 ) ;
#926 = EDGE_CURVE ( 'NONE', #564, #607, #1525, .T. ) ;
#927 = CARTESIAN_POINT ( 'NONE',  ( 3.499999999999999556, 18.00000000000000000, 5.000000000000000000 ) ) ;
#928 = CARTESIAN_POINT ( 'NONE',  ( 67.40000000000000568, 54.00000000000000000, 22.00000000000000000 ) ) ;
#929 = VECTOR ( 'NONE', #596, 1000.000000000000000 ) ;
#930 = PERSON_AND_ORGANIZATION ( #395, #1090 ) ;
#931 = ORIENTED_EDGE ( 'NONE', *, *, #150, .F. ) ;
#932 = VERTEX_POINT ( 'NONE', #1077 ) ;
#933 = DIRECTION ( 'NONE',  ( -0.000000000000000000, -0.000000000000000000, -1.000000000000000000 ) ) ;
#934 = EDGE_CURVE ( 'NONE', #1471, #370, #962, .T. ) ;
#935 = CARTESIAN_POINT ( 'NONE',  ( 67.40000000000000568, 18.00000000000000000, 5.000000000000000888 ) ) ;
#936 = CARTESIAN_POINT ( 'NONE',  ( 0.000000000000000000, 0.000000000000000000, 22.00000000000000000 ) ) ;
#937 = DIRECTION ( 'NONE',  ( -0.000000000000000000, -0.000000000000000000, -1.000000000000000000 ) ) ;
#938 = EDGE_CURVE ( 'NONE', #1281, #910, #97, .T. ) ;
#939 = CALENDAR_DATE ( 2026, 13, 9 ) ;
#940 = EDGE_LOOP ( 'NONE', ( #379, #572, #1217, #2080 ) ) ;
#941 = DIRECTION ( 'NONE',  ( -1.000000000000000000, 0.000000000000000000, 0.000000000000000000 ) ) ;
#942 = CARTESIAN_POINT ( 'NONE',  ( 6.500000000000000000, 54.00000000000000000, 22.00000000000000000 ) ) ;
#943 = CARTESIAN_POINT ( 'NONE',  ( 17.50000000000000000, 50.00000000000000000, 2.000000000000000000 ) ) ;
#944 = CARTESIAN_POINT ( 'NONE',  ( 6.500000000000000000, 18.00000000000000000, 2.000000000000000000 ) ) ;
#945 = APPROVAL_STATUS ( 'not_yet_approved' ) ;
#946 = ORIENTED_EDGE ( 'NONE', *, *, #1929, .F. ) ;
#947 = CARTESIAN_POINT ( 'NONE',  ( 67.15000000000000568, 18.00000000000000000, 2.000000000000000000 ) ) ;
#948 = EDGE_CURVE ( 'NONE', #802, #1073, #2060, .T. ) ;
#949 = FACE_OUTER_BOUND ( 'NONE', #694, .T. ) ;
#950 = VECTOR ( 'NONE', #1919, 1000.000000000000000 ) ;
#951 = DIRECTION ( 'NONE',  ( -1.000000000000000000, 0.000000000000000000, 0.000000000000000000 ) ) ;
#952 = EDGE_CURVE ( 'NONE', #1865, #910, #369, .T. ) ;
#953 = CARTESIAN_POINT ( 'NONE',  ( 68.50000000000000000, 18.00000000000000000, 2.000000000000000000 ) ) ;
#954 = PERSON_AND_ORGANIZATION ( #395, #1090 ) ;
#955 = ADVANCED_FACE ( 'NONE', ( #1413 ), #207, .F. ) ;
#956 = ORIENTED_EDGE ( 'NONE', *, *, #1189, .T. ) ;
#957 = DIRECTION ( 'NONE',  ( 0.000000000000000000, -1.000000000000000000, 0.000000000000000000 ) ) ;
#958 = CARTESIAN_POINT ( 'NONE',  ( 69.85000000000000853, 54.00000000000000000, 2.000000000000000000 ) ) ;
#959 = APPROVAL ( #882, 'æœª' ) ;
#960 = CARTESIAN_POINT ( 'NONE',  ( 6.500000000000000000, 54.00000000000000000, 5.000000000000000000 ) ) ;
#961 = CARTESIAN_POINT ( 'NONE',  ( 7.599999999999998757, 54.00000000000000000, 0.000000000000000000 ) ) ;
#962 = CIRCLE ( 'NONE', #1034, 3.000000000000002665 ) ;
#963 = FACE_OUTER_BOUND ( 'NONE', #678, .T. ) ;
#964 = ORIENTED_EDGE ( 'NONE', *, *, #896, .F. ) ;
#965 = VECTOR ( 'NONE', #2130, 1000.000000000000000 ) ;
#966 = CARTESIAN_POINT ( 'NONE',  ( 56.50000000000000000, 46.00000000000000000, 2.000000000000000000 ) ) ;
#967 = LINE ( 'NONE', #1149, #417 ) ;
#968 = VECTOR ( 'NONE', #1319, 1000.000000000000000 ) ;
#969 = ORIENTED_EDGE ( 'NONE', *, *, #796, .F. ) ;
#970 = CYLINDRICAL_SURFACE ( 'NONE', #515, 3.000000000000002665 ) ;
#971 = CARTESIAN_POINT ( 'NONE',  ( 2.000000000000000000, 2.000000000000000000, 2.000000000000001776 ) ) ;
#972 = COORDINATED_UNIVERSAL_TIME_OFFSET ( 8, 0, .AHEAD. ) ;
#973 = PLANE ( 'NONE',  #992 ) ;
#974 = VECTOR ( 'NONE', #355, 1000.000000000000000 ) ;
#975 = ORIENTED_EDGE ( 'NONE', *, *, #1523, .T. ) ;
#976 = ADVANCED_FACE ( 'NONE', ( #2074, #1553 ), #197, .T. ) ;
#977 = VECTOR ( 'NONE', #357, 1000.000000000000000 ) ;
#978 = DIRECTION ( 'NONE',  ( 1.000000000000000000, 0.000000000000000000, 0.000000000000000000 ) ) ;
#979 = VERTEX_POINT ( 'NONE', #1381 ) ;
#980 = EDGE_LOOP ( 'NONE', ( #1840, #1403, #1357, #2053 ) ) ;
#981 = CC_DESIGN_PERSON_AND_ORGANIZATION_ASSIGNMENT ( #1937, #273, ( #630 ) ) ;
#982 = DIRECTION ( 'NONE',  ( -1.000000000000000000, 0.000000000000000000, 0.000000000000000000 ) ) ;
#983 = EDGE_CURVE ( 'NONE', #418, #215, #873, .T. ) ;
#984 = PERSON_AND_ORGANIZATION ( #1172, #528 ) ;
#985 = EDGE_CURVE ( 'NONE', #190, #198, #1566, .T. ) ;
#986 = DIRECTION ( 'NONE',  ( 0.000000000000000000, 0.000000000000000000, 1.000000000000000000 ) ) ;
#987 = ORIENTED_EDGE ( 'NONE', *, *, #700, .F. ) ;
#988 = DIRECTION ( 'NONE',  ( 0.000000000000000000, 0.000000000000000000, -1.000000000000000000 ) ) ;
#989 = FACE_OUTER_BOUND ( 'NONE', #296, .T. ) ;
#990 = ORIENTED_EDGE ( 'NONE', *, *, #478, .F. ) ;
#991 = EDGE_CURVE ( 'NONE', #979, #1957, #740, .T. ) ;
#992 = AXIS2_PLACEMENT_3D ( 'NONE', #1137, #1329, #847 ) ;
#993 = DIRECTION ( 'NONE',  ( 1.000000000000000000, 0.000000000000000000, 0.000000000000000000 ) ) ;
#994 = VECTOR ( 'NONE', #1187, 1000.000000000000000 ) ;
#995 = APPROVAL_STATUS ( 'not_yet_approved' ) ;
#996 = PLANE ( 'NONE',  #1105 ) ;
#997 = EDGE_LOOP ( 'NONE', ( #1917, #1208, #1848, #1560 ) ) ;
#998 = CARTESIAN_POINT ( 'NONE',  ( 2.000000000000000000, 2.000000000000000000, 22.00000000000000000 ) ) ;
#999 = DIRECTION ( 'NONE',  ( 0.000000000000000000, 0.000000000000000000, 1.000000000000000000 ) ) ;
#1000 = AXIS2_PLACEMENT_3D ( 'NONE', #1819, #1672, #173 ) ;
#1001 = CARTESIAN_POINT ( 'NONE',  ( 32.50000000000000000, 53.50000000000000000, 0.000000000000000000 ) ) ;
#1002 = PERSON_AND_ORGANIZATION_ROLE ( 'creator' ) ;
#1003 = PLANE ( 'NONE',  #268 ) ;
#1004 = ORIENTED_EDGE ( 'NONE', *, *, #410, .T. ) ;
#1005 = FACE_BOUND ( 'NONE', #1637, .T. ) ;
#1006 = APPROVAL_PERSON_ORGANIZATION ( #954, #2034, #1439 ) ;
#1007 = LINE ( 'NONE', #1660, #145 ) ;
#1008 = EDGE_LOOP ( 'NONE', ( #233, #1462 ) ) ;
#1009 = CIRCLE ( 'NONE', #2069, 2.000000000000001776 ) ;
#1010 = APPROVAL_PERSON_ORGANIZATION ( #984, #1123, #301 ) ;
#1011 = DIRECTION ( 'NONE',  ( 1.000000000000000000, 0.000000000000000000, 0.000000000000000000 ) ) ;
#1012 = VECTOR ( 'NONE', #1723, 1000.000000000000000 ) ;
#1013 = EDGE_CURVE ( 'NONE', #1230, #2075, #1857, .T. ) ;
#1014 = ORIENTED_EDGE ( 'NONE', *, *, #319, .F. ) ;
#1015 = FACE_BOUND ( 'NONE', #2078, .T. ) ;
#1016 = ORIENTED_EDGE ( 'NONE', *, *, #948, .F. ) ;
#1017 = ORIENTED_EDGE ( 'NONE', *, *, #1376, .F. ) ;
#1018 = DIRECTION ( 'NONE',  ( -0.000000000000000000, 1.000000000000000000, 0.000000000000000000 ) ) ;
#1019 = EDGE_CURVE ( 'NONE', #248, #1697, #803, .T. ) ;
#1020 = LINE ( 'NONE', #1879, #2105 ) ;
#1021 = ORIENTED_EDGE ( 'NONE', *, *, #801, .T. ) ;
#1022 = EDGE_CURVE ( 'NONE', #761, #720, #396, .T. ) ;
#1023 = EDGE_CURVE ( 'NONE', #535, #753, #38, .T. ) ;
#1024 = DIRECTION ( 'NONE',  ( 0.000000000000000000, 0.000000000000000000, -1.000000000000000000 ) ) ;
#1025 = ORIENTED_EDGE ( 'NONE', *, *, #707, .F. ) ;
#1026 = VECTOR ( 'NONE', #361, 1000.000000000000000 ) ;
#1027 = FACE_OUTER_BOUND ( 'NONE', #92, .T. ) ;
#1028 = ORIENTED_EDGE ( 'NONE', *, *, #578, .T. ) ;
#1029 = DIRECTION ( 'NONE',  ( 0.000000000000000000, 0.000000000000000000, 1.000000000000000000 ) ) ;
#1030 = DIRECTION ( 'NONE',  ( 0.000000000000000000, 0.000000000000000000, -1.000000000000000000 ) ) ;
#1031 = ORIENTED_EDGE ( 'NONE', *, *, #504, .T. ) ;
#1032 = ORIENTED_EDGE ( 'NONE', *, *, #1420, .T. ) ;
#1033 = LINE ( 'NONE', #63, #611 ) ;
#1034 = AXIS2_PLACEMENT_3D ( 'NONE', #538, #1046, #1402 ) ;
#1035 = CARTESIAN_POINT ( 'NONE',  ( 69.85000000000000853, 18.00000000000000000, 2.000000000000000000 ) ) ;
#1036 = ORIENTED_EDGE ( 'NONE', *, *, #1125, .T. ) ;
#1037 = VECTOR ( 'NONE', #699, 1000.000000000000000 ) ;
#1038 = CYLINDRICAL_SURFACE ( 'NONE', #845, 3.000000000000000888 ) ;
#1039 = ORIENTED_EDGE ( 'NONE', *, *, #1749, .F. ) ;
#1040 = CARTESIAN_POINT ( 'NONE',  ( 0.000000000000000000, 61.00000000000000000, 0.000000000000000000 ) ) ;
#1041 = ORIENTED_EDGE ( 'NONE', *, *, #1713, .F. ) ;
#1042 =( NAMED_UNIT ( * ) SI_UNIT ( $, .STERADIAN. ) SOLID_ANGLE_UNIT ( ) );
#1043 = FACE_OUTER_BOUND ( 'NONE', #510, .T. ) ;
#1044 = VERTEX_POINT ( 'NONE', #1244 ) ;
#1045 = DIRECTION ( 'NONE',  ( -0.000000000000000000, -0.000000000000000000, 1.000000000000000000 ) ) ;
#1046 = DIRECTION ( 'NONE',  ( -0.000000000000000000, -0.000000000000000000, 1.000000000000000000 ) ) ;
#1047 = PRODUCT_RELATED_PRODUCT_CATEGORY ( 'detail', '', ( #1781 ) ) ;
#1048 = EDGE_LOOP ( 'NONE', ( #2102, #1272, #888, #212 ) ) ;
#1049 =( GEOMETRIC_REPRESENTATION_CONTEXT ( 3 ) GLOBAL_UNCERTAINTY_ASSIGNED_CONTEXT ( ( #176 ) ) GLOBAL_UNIT_ASSIGNED_CONTEXT ( ( #1906, #1203, #1071 ) ) REPRESENTATION_CONTEXT ( 'NONE', 'WORKASPACE' ) );
#1050 = VECTOR ( 'NONE', #74, 1000.000000000000000 ) ;
#1051 = CARTESIAN_POINT ( 'NONE',  ( 67.40000000000000568, 54.00000000000000000, 5.000000000000000888 ) ) ;
#1052 = EDGE_LOOP ( 'NONE', ( #1108, #1423, #1999, #222 ) ) ;
#1053 = DIRECTION ( 'NONE',  ( -1.000000000000000000, 0.000000000000000000, -0.000000000000000000 ) ) ;
#1054 = VECTOR ( 'NONE', #1900, 1000.000000000000000 ) ;
#1055 = ORIENTED_EDGE ( 'NONE', *, *, #1669, .F. ) ;
#1056 = EDGE_CURVE ( 'NONE', #1697, #248, #1147, .T. ) ;
#1057 = APPROVAL_STATUS ( 'not_yet_approved' ) ;
#1058 = DIRECTION ( 'NONE',  ( -1.000000000000000000, 0.000000000000000000, -0.000000000000000000 ) ) ;
#1059 = ORIENTED_EDGE ( 'NONE', *, *, #291, .F. ) ;
#1060 = DIRECTION ( 'NONE',  ( -1.000000000000000000, 0.000000000000000000, 0.000000000000000000 ) ) ;
#1061 = MANIFOLD_SOLID_BREP ( 'ÇÐ³ý-À­Éì2', #648 ) ;
#1062 = DIRECTION ( 'NONE',  ( -1.000000000000000000, -0.000000000000000000, -0.000000000000000000 ) ) ;
#1063 = VERTEX_POINT ( 'NONE', #1769 ) ;
#1064 = EDGE_CURVE ( 'NONE', #624, #1431, #805, .T. ) ;
#1065 = CARTESIAN_POINT ( 'NONE',  ( 9.500000000000000000, 18.00000000000000000, 5.000000000000000000 ) ) ;
#1066 = COORDINATED_UNIVERSAL_TIME_OFFSET ( 8, 0, .AHEAD. ) ;
#1067 = VERTEX_POINT ( 'NONE', #610 ) ;
#1068 = FACE_BOUND ( 'NONE', #1629, .T. ) ;
#1069 = CARTESIAN_POINT ( 'NONE',  ( 68.50000000000000000, 54.00000000000000000, 5.000000000000000888 ) ) ;
#1070 = AXIS2_PLACEMENT_3D ( 'NONE', #1277, #281, #768 ) ;
#1071 =( NAMED_UNIT ( * ) SI_UNIT ( $, .STERADIAN. ) SOLID_ANGLE_UNIT ( ) );
#1072 = LINE ( 'NONE', #1241, #214 ) ;
#1073 = VERTEX_POINT ( 'NONE', #269 ) ;
#1074 = ORIENTED_EDGE ( 'NONE', *, *, #49, .T. ) ;
#1075 = FACE_OUTER_BOUND ( 'NONE', #399, .T. ) ;
#1076 = PERSON ( 'NAUO-PER2', 'UNSPECIFIED', 'UNSPECIFIED', ('UNSPECIFIED'), ('UNSPECIFIED'), ('UNSPECIFIED') ) ;
#1077 = CARTESIAN_POINT ( 'NONE',  ( 32.50000000000000000, 53.50000000000000000, 2.000000000000000000 ) ) ;
#1078 = EDGE_LOOP ( 'NONE', ( #131, #526, #741, #1493 ) ) ;
#1079 = VECTOR ( 'NONE', #637, 1000.000000000000000 ) ;
#1080 = CARTESIAN_POINT ( 'NONE',  ( 68.50000000000000000, 18.00000000000000000, 2.000000000000000000 ) ) ;
#1081 = AXIS2_PLACEMENT_3D ( 'NONE', #1274, #1100, #2121 ) ;
#1082 = VERTEX_POINT ( 'NONE', #2095 ) ;
#1083 = CARTESIAN_POINT ( 'NONE',  ( 68.50000000000000000, 18.00000000000000000, 22.00000000000000000 ) ) ;
#1084 = CARTESIAN_POINT ( 'NONE',  ( 39.50000000000000000, 3.899999999999999911, 2.000000000000000000 ) ) ;
#1085 = PERSON_AND_ORGANIZATION ( #395, #1090 ) ;
#1086 = ORIENTED_EDGE ( 'NONE', *, *, #1673, .F. ) ;
#1087 = CARTESIAN_POINT ( 'NONE',  ( 6.500000000000000000, 18.00000000000000000, 2.000000000000000000 ) ) ;
#1088 = CYLINDRICAL_SURFACE ( 'NONE', #21, 1.350000000000004086 ) ;
#1089 = CYLINDRICAL_SURFACE ( 'NONE', #2137, 1.100000000000003642 ) ;
#1090 = ORGANIZATION ( 'æœª', 'æœª', '' ) ;
#1091 = VECTOR ( 'NONE', #1179, 1000.000000000000000 ) ;
#1092 = LOCAL_TIME ( 2, 20, 31.00000000000000000, #2013 ) ;
#1093 = EDGE_LOOP ( 'NONE', ( #382, #835, #1352, #1004 ) ) ;
#1094 = CARTESIAN_POINT ( 'NONE',  ( 65.50000000000000000, 18.00000000000000000, 5.000000000000000000 ) ) ;
#1095 = ADVANCED_FACE ( 'NONE', ( #1950 ), #1283, .T. ) ;
#1096 = DIRECTION ( 'NONE',  ( -1.000000000000000000, 0.000000000000000000, 0.000000000000000000 ) ) ;
#1097 = COORDINATED_UNIVERSAL_TIME_OFFSET ( 8, 0, .AHEAD. ) ;
#1098 = ORIENTED_EDGE ( 'NONE', *, *, #884, .F. ) ;
#1099 = CARTESIAN_POINT ( 'NONE',  ( 71.50000000000001421, 18.00000000000000000, 5.000000000000000000 ) ) ;
#1100 = DIRECTION ( 'NONE',  ( 0.000000000000000000, 0.000000000000000000, 1.000000000000000000 ) ) ;
#1101 = EDGE_CURVE ( 'NONE', #910, #1281, #239, .T. ) ;
#1102 = CC_DESIGN_DATE_AND_TIME_ASSIGNMENT ( #1214, #1877, ( #2125 ) ) ;
#1103 = CARTESIAN_POINT ( 'NONE',  ( 0.000000000000000000, 0.000000000000000000, 2.000000000000000000 ) ) ;
#1104 = DIRECTION ( 'NONE',  ( 0.000000000000000000, 0.000000000000000000, -1.000000000000000000 ) ) ;
#1105 = AXIS2_PLACEMENT_3D ( 'NONE', #1665, #822, #1145 ) ;
#1106 = PERSON_AND_ORGANIZATION ( #395, #1090 ) ;
#1107 = MANIFOLD_SOLID_BREP ( 'ÇÐ³ý-À­Éì4', #468 ) ;
#1108 = ORIENTED_EDGE ( 'NONE', *, *, #45, .F. ) ;
#1109 = AXIS2_PLACEMENT_3D ( 'NONE', #387, #866, #1559 ) ;
#1110 = ORIENTED_EDGE ( 'NONE', *, *, #1714, .F. ) ;
#1111 = CARTESIAN_POINT ( 'NONE',  ( 0.000000000000000000, 61.00000000000000000, 2.000000000000000000 ) ) ;
#1112 = DIRECTION ( 'NONE',  ( 0.000000000000000000, 0.000000000000000000, 1.000000000000000000 ) ) ;
#1113 = DIRECTION ( 'NONE',  ( -0.000000000000000000, -0.000000000000000000, 1.000000000000000000 ) ) ;
#1114 = FACE_OUTER_BOUND ( 'NONE', #2159, .T. ) ;
#1115 = AXIS2_PLACEMENT_3D ( 'NONE', #1326, #1486, #1653 ) ;
#1116 = APPLICATION_PROTOCOL_DEFINITION ( 'international standard', 'config_control_design', 1994, #288 ) ;
#1117 = EDGE_CURVE ( 'NONE', #1044, #586, #2094, .T. ) ;
#1118 = PRODUCT_DEFINITION_SHAPE ( 'NONE', 'NONE',  #1668 ) ;
#1119 = ORIENTED_EDGE ( 'NONE', *, *, #517, .F. ) ;
#1120 = CYLINDRICAL_SURFACE ( 'NONE', #746, 3.000000000000000000 ) ;
#1121 = CARTESIAN_POINT ( 'NONE',  ( 68.50000000000000000, 18.00000000000000000, 5.000000000000000000 ) ) ;
#1122 = ADVANCED_FACE ( 'NONE', ( #1601 ), #619, .T. ) ;
#1123 = APPROVAL ( #652, 'UNKNOWN' ) ;
#1124 = CARTESIAN_POINT ( 'NONE',  ( 69.60000000000000853, 54.00000000000000000, 0.000000000000000000 ) ) ;
#1125 = EDGE_CURVE ( 'NONE', #1855, #1431, #2104, .T. ) ;
#1126 = CYLINDRICAL_SURFACE ( 'NONE', #50, 3.000000000000002665 ) ;
#1127 = AXIS2_PLACEMENT_3D ( 'NONE', #1620, #764, #1131 ) ;
#1128 = COORDINATED_UNIVERSAL_TIME_OFFSET ( 8, 0, .AHEAD. ) ;
#1129 = CC_DESIGN_PERSON_AND_ORGANIZATION_ASSIGNMENT ( #1279, #429, ( #1781 ) ) ;
#1130 = ORIENTED_EDGE ( 'NONE', *, *, #1956, .F. ) ;
#1131 = DIRECTION ( 'NONE',  ( 0.000000000000000000, 0.000000000000000000, 1.000000000000000000 ) ) ;
#1132 = CARTESIAN_POINT ( 'NONE',  ( 5.150000000000001243, 54.00000000000000000, 2.000000000000000000 ) ) ;
#1133 = AXIS2_PLACEMENT_3D ( 'NONE', #1111, #957, #1973 ) ;
#1134 = DIRECTION ( 'NONE',  ( 0.000000000000000000, -0.000000000000000000, 1.000000000000000000 ) ) ;
#1135 = DIRECTION ( 'NONE',  ( 0.000000000000000000, 1.000000000000000000, 0.000000000000000000 ) ) ;
#1136 = APPROVAL_STATUS ( 'not_yet_approved' ) ;
#1137 = CARTESIAN_POINT ( 'NONE',  ( 32.50000000000000000, 48.50000000000000000, 2.000000000000000000 ) ) ;
#1138 = VERTEX_POINT ( 'NONE', #259 ) ;
#1139 = CARTESIAN_POINT ( 'NONE',  ( 6.500000000000000000, 54.00000000000000000, 2.000000000000000000 ) ) ;
#1140 = CARTESIAN_POINT ( 'NONE',  ( 5.150000000000000355, 18.00000000000000000, 2.000000000000000000 ) ) ;
#1141 = LINE ( 'NONE', #102, #1664 ) ;
#1142 = DIRECTION ( 'NONE',  ( -1.000000000000000000, 0.000000000000000000, 0.000000000000000000 ) ) ;
#1143 = APPROVAL_DATE_TIME ( #1814, #827 ) ;
#1144 = CIRCLE ( 'NONE', #1488, 1.350000000000004086 ) ;
#1145 = DIRECTION ( 'NONE',  ( 1.000000000000000000, 0.000000000000000000, -0.000000000000000000 ) ) ;
#1146 = EDGE_LOOP ( 'NONE', ( #430, #105 ) ) ;
#1147 = CIRCLE ( 'NONE', #1920, 1.100000000000000311 ) ;
#1148 = FACE_OUTER_BOUND ( 'NONE', #698, .T. ) ;
#1149 = CARTESIAN_POINT ( 'NONE',  ( 0.000000000000000000, 0.000000000000000000, 0.000000000000000000 ) ) ;
#1150 = ORIENTED_EDGE ( 'NONE', *, *, #514, .T. ) ;
#1151 = EDGE_CURVE ( 'NONE', #624, #225, #925, .T. ) ;
#1152 = DIRECTION ( 'NONE',  ( 0.000000000000000000, -0.000000000000000000, -1.000000000000000000 ) ) ;
#1153 = FACE_BOUND ( 'NONE', #353, .T. ) ;
#1154 = PERSON_AND_ORGANIZATION_ROLE ( 'design_supplier' ) ;
#1155 = DIRECTION ( 'NONE',  ( 1.000000000000000000, -0.000000000000000000, 0.000000000000000000 ) ) ;
#1156 = ADVANCED_FACE ( 'NONE', ( #423 ), #1088, .F. ) ;
#1157 = VECTOR ( 'NONE', #1168, 1000.000000000000000 ) ;
#1158 = ORIENTED_EDGE ( 'NONE', *, *, #517, .T. ) ;
#1159 = DIRECTION ( 'NONE',  ( 1.000000000000000000, 0.000000000000000000, 0.000000000000000000 ) ) ;
#1160 = VECTOR ( 'NONE', #1204, 1000.000000000000000 ) ;
#1161 = CARTESIAN_POINT ( 'NONE',  ( 75.00000000000000000, 0.000000000000000000, 22.00000000000000000 ) ) ;
#1162 = EDGE_LOOP ( 'NONE', ( #57, #151, #1098, #1309 ) ) ;
#1163 = AXIS2_PLACEMENT_3D ( 'NONE', #914, #383, #1584 ) ;
#1164 = CARTESIAN_POINT ( 'NONE',  ( 6.500000000000000000, 18.00000000000000000, 5.000000000000000888 ) ) ;
#1165 = PERSON_AND_ORGANIZATION ( #395, #1090 ) ;
#1166 = CARTESIAN_POINT ( 'NONE',  ( 0.000000000000000000, 61.00000000000000000, 0.000000000000000000 ) ) ;
#1167 = ORIENTED_EDGE ( 'NONE', *, *, #1608, .T. ) ;
#1168 = DIRECTION ( 'NONE',  ( -1.000000000000000000, -0.000000000000000000, -0.000000000000000000 ) ) ;
#1169 = CARTESIAN_POINT ( 'NONE',  ( 67.40000000000000568, 54.00000000000000000, 0.000000000000000000 ) ) ;
#1170 = VERTEX_POINT ( 'NONE', #88 ) ;
#1171 = FACE_OUTER_BOUND ( 'NONE', #23, .T. ) ;
#1172 = PERSON ( 'NAUO-PER1', 'UNSPECIFIED', 'UNSPECIFIED', ('UNSPECIFIED'), ('UNSPECIFIED'), ('UNSPECIFIED') ) ;
#1173 = SHAPE_DEFINITION_REPRESENTATION ( #1939, #1787 ) ;
#1174 = DIRECTION ( 'NONE',  ( 1.000000000000000000, 0.000000000000000000, 0.000000000000000000 ) ) ;
#1175 = ORIENTED_EDGE ( 'NONE', *, *, #1414, .F. ) ;
#1176 = EDGE_CURVE ( 'NONE', #1576, #14, #1425, .T. ) ;
#1177 = CARTESIAN_POINT ( 'NONE',  ( 19.50000000000000355, 50.00000000000000000, 2.000000000000000000 ) ) ;
#1178 = CIRCLE ( 'NONE', #904, 3.000000000000000000 ) ;
#1179 = DIRECTION ( 'NONE',  ( 0.000000000000000000, 1.000000000000000000, 0.000000000000000000 ) ) ;
#1180 = VECTOR ( 'NONE', #1786, 1000.000000000000000 ) ;
#1181 = SHAPE_REPRESENTATION ( 'RX_Enclosure', ( #1464, #1930, #875 ), #1049 ) ;
#1182 = DIRECTION ( 'NONE',  ( 0.000000000000000000, 0.000000000000000000, 1.000000000000000000 ) ) ;
#1183 = EDGE_CURVE ( 'NONE', #1901, #65, #1457, .T. ) ;
#1184 = EDGE_CURVE ( 'NONE', #1067, #1138, #277, .T. ) ;
#1185 = EDGE_CURVE ( 'NONE', #712, #204, #483, .T. ) ;
#1186 = DATE_TIME_ROLE ( 'classification_date' ) ;
#1187 = DIRECTION ( 'NONE',  ( 0.000000000000000000, 0.000000000000000000, -1.000000000000000000 ) ) ;
#1188 = VERTEX_POINT ( 'NONE', #935 ) ;
#1189 = EDGE_CURVE ( 'NONE', #245, #241, #772, .T. ) ;
#1190 = CARTESIAN_POINT ( 'NONE',  ( 67.15000000000000568, 54.00000000000000000, 0.000000000000000000 ) ) ;
#1191 = ADVANCED_FACE ( 'NONE', ( #1434 ), #1942, .F. ) ;
#1192 = APPROVAL_PERSON_ORGANIZATION ( #1548, #959, #59 ) ;
#1193 = CARTESIAN_POINT ( 'NONE',  ( 0.000000000000000000, 0.000000000000000000, 0.000000000000000000 ) ) ;
#1194 = ORIENTED_EDGE ( 'NONE', *, *, #444, .T. ) ;
#1195 = ORIENTED_EDGE ( 'NONE', *, *, #339, .T. ) ;
#1196 = AXIS2_PLACEMENT_3D ( 'NONE', #1513, #1981, #2002 ) ;
#1197 = CC_DESIGN_APPROVAL ( #364, ( #1297 ) ) ;
#1198 = PLANE ( 'NONE',  #130 ) ;
#1199 = EDGE_LOOP ( 'NONE', ( #1872, #1904 ) ) ;
#1200 = CIRCLE ( 'NONE', #175, 1.350000000000004086 ) ;
#1201 = DIRECTION ( 'NONE',  ( 1.000000000000000000, 0.000000000000000000, 0.000000000000000000 ) ) ;
#1202 = ORIENTED_EDGE ( 'NONE', *, *, #12, .T. ) ;
#1203 =( NAMED_UNIT ( * ) PLANE_ANGLE_UNIT ( ) SI_UNIT ( $, .RADIAN. ) );
#1204 = DIRECTION ( 'NONE',  ( 0.000000000000000000, 0.000000000000000000, -1.000000000000000000 ) ) ;
#1205 = EDGE_LOOP ( 'NONE', ( #1573, #559, #154, #1031 ) ) ;
#1206 = DIRECTION ( 'NONE',  ( 0.000000000000000000, 0.000000000000000000, -1.000000000000000000 ) ) ;
#1207 = CARTESIAN_POINT ( 'NONE',  ( 69.85000000000000853, 18.00000000000000000, 0.000000000000000000 ) ) ;
#1208 = ORIENTED_EDGE ( 'NONE', *, *, #991, .F. ) ;
#1209 = DIRECTION ( 'NONE',  ( 0.000000000000000000, 0.000000000000000000, 1.000000000000000000 ) ) ;
#1210 = AXIS2_PLACEMENT_3D ( 'NONE', #2116, #1935, #780 ) ;
#1211 = ORIENTED_EDGE ( 'NONE', *, *, #1446, .T. ) ;
#1212 = PLANE ( 'NONE',  #1484 ) ;
#1213 = VERTEX_POINT ( 'NONE', #1132 ) ;
#1214 = DATE_AND_TIME ( #547, #385 ) ;
#1215 = CC_DESIGN_PERSON_AND_ORGANIZATION_ASSIGNMENT ( #328, #462, ( #1644 ) ) ;
#1216 = CARTESIAN_POINT ( 'NONE',  ( 42.50000000000000000, 53.50000000000000000, 2.000000000000000000 ) ) ;
#1217 = ORIENTED_EDGE ( 'NONE', *, *, #415, .T. ) ;
#1218 = DIRECTION ( 'NONE',  ( 0.000000000000000000, -0.000000000000000000, -1.000000000000000000 ) ) ;
#1219 = AXIS2_PLACEMENT_3D ( 'NONE', #1882, #1580, #714 ) ;
#1220 = CARTESIAN_POINT ( 'NONE',  ( 2.000000000000000000, 2.000000000000000000, 2.000000000000001776 ) ) ;
#1221 = EDGE_LOOP ( 'NONE', ( #437, #196, #2156, #180 ) ) ;
#1222 = EDGE_CURVE ( 'NONE', #932, #850, #785, .T. ) ;
#1223 = CARTESIAN_POINT ( 'NONE',  ( 6.500000000000000000, 18.00000000000000000, 2.000000000000000000 ) ) ;
#1224 = ADVANCED_FACE ( 'NONE', ( #949 ), #1621, .F. ) ;
#1225 = EDGE_LOOP ( 'NONE', ( #374, #1694, #1400, #1340 ) ) ;
#1226 = CARTESIAN_POINT ( 'NONE',  ( 0.000000000000000000, 0.000000000000000000, 22.00000000000000000 ) ) ;
#1227 = ORIENTED_EDGE ( 'NONE', *, *, #1905, .F. ) ;
#1228 = ORIENTED_EDGE ( 'NONE', *, *, #1412, .F. ) ;
#1229 = LINE ( 'NONE', #2046, #1370 ) ;
#1230 = VERTEX_POINT ( 'NONE', #4 ) ;
#1231 = CARTESIAN_POINT ( 'NONE',  ( 6.500000000000000000, 18.00000000000000000, 2.000000000000000000 ) ) ;
#1232 = AXIS2_PLACEMENT_3D ( 'NONE', #998, #1018, #1472 ) ;
#1233 = CARTESIAN_POINT ( 'NONE',  ( 6.500000000000000000, 18.00000000000000000, 0.000000000000000000 ) ) ;
#1234 = ORIENTED_EDGE ( 'NONE', *, *, #1342, .T. ) ;
#1235 = LOCAL_TIME ( 2, 20, 31.00000000000000000, #1830 ) ;
#1236 = CARTESIAN_POINT ( 'NONE',  ( 68.50000000000000000, 18.00000000000000000, 0.000000000000000000 ) ) ;
#1237 = VERTEX_POINT ( 'NONE', #1301 ) ;
#1238 = DIRECTION ( 'NONE',  ( 0.000000000000000000, 0.000000000000000000, 1.000000000000000000 ) ) ;
#1239 = ORIENTED_EDGE ( 'NONE', *, *, #983, .T. ) ;
#1240 = DIRECTION ( 'NONE',  ( 0.000000000000000000, 0.000000000000000000, 1.000000000000000000 ) ) ;
#1241 = CARTESIAN_POINT ( 'NONE',  ( 39.50000000000000000, 3.899999999999999911, 0.000000000000000000 ) ) ;
#1242 = ORIENTED_EDGE ( 'NONE', *, *, #1528, .T. ) ;
#1243 = LINE ( 'NONE', #713, #1582 ) ;
#1244 = CARTESIAN_POINT ( 'NONE',  ( 7.599999999999999645, 18.00000000000000000, 5.000000000000000888 ) ) ;
#1245 = ORIENTED_EDGE ( 'NONE', *, *, #570, .T. ) ;
#1246 = CARTESIAN_POINT ( 'NONE',  ( 39.50000000000000000, 14.90000000000000036, 0.000000000000000000 ) ) ;
#1247 = VERTEX_POINT ( 'NONE', #2010 ) ;
#1248 = DIRECTION ( 'NONE',  ( -1.000000000000000000, 0.000000000000000000, 0.000000000000000000 ) ) ;
#1249 = ORIENTED_EDGE ( 'NONE', *, *, #177, .T. ) ;
#1250 = DATE_AND_TIME ( #1890, #384 ) ;
#1251 = ORIENTED_EDGE ( 'NONE', *, *, #1308, .F. ) ;
#1252 = CARTESIAN_POINT ( 'NONE',  ( 7.849999999999999645, 54.00000000000000000, 2.000000000000000000 ) ) ;
#1253 = DIRECTION ( 'NONE',  ( 1.000000000000000000, 0.000000000000000000, 0.000000000000000000 ) ) ;
#1254 = APPLICATION_CONTEXT ( 'configuration controlled 3d designs of mechanical parts and assemblies' ) ;
#1255 = AXIS2_PLACEMENT_3D ( 'NONE', #1613, #1294, #470 ) ;
#1256 = EDGE_CURVE ( 'NONE', #1567, #191, #479, .T. ) ;
#1257 = DIRECTION ( 'NONE',  ( -1.000000000000000000, 0.000000000000000000, 0.000000000000000000 ) ) ;
#1258 = EDGE_LOOP ( 'NONE', ( #1378, #1130 ) ) ;
#1259 = DIRECTION ( 'NONE',  ( 1.000000000000000000, 0.000000000000000000, 0.000000000000000000 ) ) ;
#1260 = CARTESIAN_POINT ( 'NONE',  ( 68.50000000000000000, 18.00000000000000000, 2.000000000000000000 ) ) ;
#1261 = APPROVAL_STATUS ( 'not_yet_approved' ) ;
#1262 = EDGE_CURVE ( 'NONE', #1687, #1417, #1835, .T. ) ;
#1263 = PRODUCT_RELATED_PRODUCT_CATEGORY ( 'detail', '', ( #1445 ) ) ;
#1264 = ORIENTED_EDGE ( 'NONE', *, *, #1739, .T. ) ;
#1265 = CARTESIAN_POINT ( 'NONE',  ( 5.399999999999999467, 18.00000000000000000, 22.00000000000000000 ) ) ;
#1266 = DIRECTION ( 'NONE',  ( 0.000000000000000000, -1.000000000000000000, 0.000000000000000000 ) ) ;
#1267 = CARTESIAN_POINT ( 'NONE',  ( 73.00000000000000000, 2.000000000000000000, 22.00000000000000000 ) ) ;
#1268 = CC_DESIGN_APPROVAL ( #959, ( #2125 ) ) ;
#1269 = CIRCLE ( 'NONE', #876, 1.100000000000003642 ) ;
#1270 = CARTESIAN_POINT ( 'NONE',  ( 6.500000000000000000, 18.00000000000000000, 0.000000000000000000 ) ) ;
#1271 = SECURITY_CLASSIFICATION_LEVEL ( 'unclassified' ) ;
#1272 = ORIENTED_EDGE ( 'NONE', *, *, #636, .F. ) ;
#1273 = CARTESIAN_POINT ( 'NONE',  ( 0.000000000000000000, 61.00000000000000000, 22.00000000000000000 ) ) ;
#1274 = CARTESIAN_POINT ( 'NONE',  ( 6.500000000000000000, 54.00000000000000000, 0.000000000000000000 ) ) ;
#1275 = LINE ( 'NONE', #1284, #2092 ) ;
#1276 = EDGE_CURVE ( 'NONE', #1652, #1852, #1323, .T. ) ;
#1277 = CARTESIAN_POINT ( 'NONE',  ( 39.50000000000000000, 3.899999999999999911, 2.000000000000000000 ) ) ;
#1278 = VECTOR ( 'NONE', #673, 1000.000000000000000 ) ;
#1279 = PERSON_AND_ORGANIZATION ( #395, #1090 ) ;
#1280 = VECTOR ( 'NONE', #1571, 1000.000000000000000 ) ;
#1281 = VERTEX_POINT ( 'NONE', #305 ) ;
#1282 = LINE ( 'NONE', #1265, #1964 ) ;
#1283 = PLANE ( 'NONE',  #200 ) ;
#1284 = CARTESIAN_POINT ( 'NONE',  ( 2.000000000000000000, 2.000000000000000000, 2.000000000000001776 ) ) ;
#1285 = EDGE_CURVE ( 'NONE', #35, #85, #967, .T. ) ;
#1286 = ADVANCED_FACE ( 'NONE', ( #1670 ), #334, .T. ) ;
#1287 = CARTESIAN_POINT ( 'NONE',  ( 75.00000000000000000, 61.00000000000000000, 0.000000000000000000 ) ) ;
#1288 = VECTOR ( 'NONE', #1622, 1000.000000000000000 ) ;
#1289 = PERSON_AND_ORGANIZATION ( #395, #1090 ) ;
#1290 = ORIENTED_EDGE ( 'NONE', *, *, #1276, .F. ) ;
#1291 = CARTESIAN_POINT ( 'NONE',  ( 17.50000000000000000, 50.00000000000000000, 0.000000000000000000 ) ) ;
#1292 = EDGE_CURVE ( 'NONE', #1389, #867, #316, .T. ) ;
#1293 = DIRECTION ( 'NONE',  ( -0.000000000000000000, -0.000000000000000000, 1.000000000000000000 ) ) ;
#1294 = DIRECTION ( 'NONE',  ( 0.000000000000000000, 0.000000000000000000, 1.000000000000000000 ) ) ;
#1295 = APPROVAL_PERSON_ORGANIZATION ( #1289, #320, #2099 ) ;
#1296 = PLANE ( 'NONE',  #192 ) ;
#1297 = SECURITY_CLASSIFICATION ( '', '', #745 ) ;
#1298 = PERSON_AND_ORGANIZATION ( #395, #1090 ) ;
#1299 = ORIENTED_EDGE ( 'NONE', *, *, #250, .T. ) ;
#1300 = LINE ( 'NONE', #775, #1506 ) ;
#1301 = CARTESIAN_POINT ( 'NONE',  ( 42.50000000000000000, 53.50000000000000000, 0.000000000000000000 ) ) ;
#1302 = AXIS2_PLACEMENT_3D ( 'NONE', #1433, #431, #98 ) ;
#1303 = DIRECTION ( 'NONE',  ( -1.000000000000000000, 0.000000000000000000, 0.000000000000000000 ) ) ;
#1304 = APPROVAL ( #1986, 'æœª' ) ;
#1305 = PLANE ( 'NONE',  #471 ) ;
#1306 = DATE_AND_TIME ( #1839, #73 ) ;
#1307 = CARTESIAN_POINT ( 'NONE',  ( 2.000000000000000000, 59.00000000000000000, 22.00000000000000000 ) ) ;
#1308 = EDGE_CURVE ( 'NONE', #850, #855, #677, .T. ) ;
#1309 = ORIENTED_EDGE ( 'NONE', *, *, #853, .T. ) ;
#1310 = CARTESIAN_POINT ( 'NONE',  ( 56.50000000000000000, 46.00000000000000000, 2.000000000000000000 ) ) ;
#1311 = AXIS2_PLACEMENT_3D ( 'NONE', #1226, #1716, #213 ) ;
#1312 = FACE_OUTER_BOUND ( 'NONE', #1360, .T. ) ;
#1313 = LINE ( 'NONE', #852, #1354 ) ;
#1314 = EDGE_CURVE ( 'NONE', #2128, #569, #842, .T. ) ;
#1315 = DIRECTION ( 'NONE',  ( -1.000000000000000000, 0.000000000000000000, 0.000000000000000000 ) ) ;
#1316 = APPLICATION_CONTEXT ( 'configuration controlled 3d designs of mechanical parts and assemblies' ) ;
#1317 = CALENDAR_DATE ( 2026, 13, 9 ) ;
#1318 = AXIS2_PLACEMENT_3D ( 'NONE', #27, #1871, #887 ) ;
#1319 = DIRECTION ( 'NONE',  ( -0.000000000000000000, -1.000000000000000000, -0.000000000000000000 ) ) ;
#1320 = ORIENTED_EDGE ( 'NONE', *, *, #2114, .T. ) ;
#1321 = VECTOR ( 'NONE', #726, 1000.000000000000000 ) ;
#1322 = CARTESIAN_POINT ( 'NONE',  ( 39.50000000000000000, 3.899999999999999911, 2.000000000000000000 ) ) ;
#1323 = LINE ( 'NONE', #2151, #132 ) ;
#1324 = ADVANCED_FACE ( 'NONE', ( #989 ), #2141, .F. ) ;
#1325 = EDGE_LOOP ( 'NONE', ( #81, #1843, #1575, #218 ) ) ;
#1326 = CARTESIAN_POINT ( 'NONE',  ( 39.50000000000000000, 3.899999999999999911, 2.000000000000000000 ) ) ;
#1327 = COORDINATED_UNIVERSAL_TIME_OFFSET ( 8, 0, .AHEAD. ) ;
#1328 = ITEM_DEFINED_TRANSFORMATION ( 'NONE', 'NONE', #1930,  #1436 ) ;
#1329 = DIRECTION ( 'NONE',  ( 1.000000000000000000, -0.000000000000000000, 0.000000000000000000 ) ) ;
#1330 = CC_DESIGN_APPROVAL ( #2034, ( #744 ) ) ;
#1331 = VERTEX_POINT ( 'NONE', #1169 ) ;
#1332 = VECTOR ( 'NONE', #34, 1000.000000000000000 ) ;
#1333 = DIRECTION ( 'NONE',  ( 1.000000000000000000, 0.000000000000000000, 0.000000000000000000 ) ) ;
#1334 = ORIENTED_EDGE ( 'NONE', *, *, #1777, .F. ) ;
#1335 = VECTOR ( 'NONE', #1206, 1000.000000000000000 ) ;
#1336 = DIRECTION ( 'NONE',  ( 1.000000000000000000, 0.000000000000000000, 0.000000000000000000 ) ) ;
#1337 = EDGE_CURVE ( 'NONE', #1980, #791, #1007, .T. ) ;
#1338 = PERSON_AND_ORGANIZATION_ROLE ( 'classification_officer' ) ;
#1339 = CARTESIAN_POINT ( 'NONE',  ( 56.50000000000000000, 38.00000000000000000, 0.000000000000000000 ) ) ;
#1340 = ORIENTED_EDGE ( 'NONE', *, *, #1698, .F. ) ;
#1341 = DIRECTION ( 'NONE',  ( -0.000000000000000000, -0.000000000000000000, -1.000000000000000000 ) ) ;
#1342 = EDGE_CURVE ( 'NONE', #1862, #1722, #1821, .T. ) ;
#1343 = CARTESIAN_POINT ( 'NONE',  ( 32.50000000000000000, 48.50000000000000000, 0.000000000000000000 ) ) ;
#1344 = EDGE_LOOP ( 'NONE', ( #1816, #692, #2040, #1702 ) ) ;
#1345 = CC_DESIGN_PERSON_AND_ORGANIZATION_ASSIGNMENT ( #311, #1477, ( #1891 ) ) ;
#1346 = CYLINDRICAL_SURFACE ( 'NONE', #730, 3.000000000000000888 ) ;
#1347 = EDGE_CURVE ( 'NONE', #1331, #701, #1269, .T. ) ;
#1348 = EDGE_CURVE ( 'NONE', #685, #1389, #1818, .T. ) ;
#1349 = PERSON_AND_ORGANIZATION ( #395, #1090 ) ;
#1350 = ORIENTED_EDGE ( 'NONE', *, *, #258, .F. ) ;
#1351 = DIRECTION ( 'NONE',  ( -1.000000000000000000, -0.000000000000000000, -0.000000000000000000 ) ) ;
#1352 = ORIENTED_EDGE ( 'NONE', *, *, #609, .T. ) ;
#1353 = FACE_OUTER_BOUND ( 'NONE', #1517, .T. ) ;
#1354 = VECTOR ( 'NONE', #1515, 1000.000000000000000 ) ;
#1355 = DIRECTION ( 'NONE',  ( 1.000000000000000000, 0.000000000000000000, 0.000000000000000000 ) ) ;
#1356 = AXIS2_PLACEMENT_3D ( 'NONE', #1959, #1461, #794 ) ;
#1357 = ORIENTED_EDGE ( 'NONE', *, *, #707, .T. ) ;
#1358 = ORIENTED_EDGE ( 'NONE', *, *, #1868, .F. ) ;
#1359 = DIRECTION ( 'NONE',  ( 0.000000000000000000, 0.000000000000000000, 1.000000000000000000 ) ) ;
#1360 = EDGE_LOOP ( 'NONE', ( #1940, #401, #1682, #839 ) ) ;
#1361 = APPROVAL_STATUS ( 'not_yet_approved' ) ;
#1362 = EDGE_LOOP ( 'NONE', ( #39, #2091 ) ) ;
#1363 = CARTESIAN_POINT ( 'NONE',  ( 39.50000000000000000, 14.90000000000000036, 2.000000000000000000 ) ) ;
#1364 = ORIENTED_EDGE ( 'NONE', *, *, #1905, .T. ) ;
#1365 =( LENGTH_UNIT ( ) NAMED_UNIT ( * ) SI_UNIT ( .MILLI., .METRE. ) );
#1366 = LOCAL_TIME ( 2, 20, 31.00000000000000000, #1327 ) ;
#1367 = CARTESIAN_POINT ( 'NONE',  ( 0.000000000000000000, 61.00000000000000000, 22.00000000000000000 ) ) ;
#1368 = ORIENTED_EDGE ( 'NONE', *, *, #1572, .T. ) ;
#1369 = DIRECTION ( 'NONE',  ( 1.000000000000000000, 0.000000000000000000, 0.000000000000000000 ) ) ;
#1370 = VECTOR ( 'NONE', #378, 1000.000000000000000 ) ;
#1371 = LINE ( 'NONE', #1910, #1631 ) ;
#1372 = ORIENTED_EDGE ( 'NONE', *, *, #1262, .T. ) ;
#1373 = DIRECTION ( 'NONE',  ( -1.000000000000000000, 0.000000000000000000, 0.000000000000000000 ) ) ;
#1374 = CARTESIAN_POINT ( 'NONE',  ( 9.500000000000001776, 54.00000000000000000, 2.000000000000000000 ) ) ;
#1375 = ORIENTED_EDGE ( 'NONE', *, *, #809, .F. ) ;
#1376 = EDGE_CURVE ( 'NONE', #1188, #1948, #1724, .T. ) ;
#1377 = DIRECTION ( 'NONE',  ( 0.000000000000000000, 0.000000000000000000, -1.000000000000000000 ) ) ;
#1378 = ORIENTED_EDGE ( 'NONE', *, *, #1992, .F. ) ;
#1379 = ORIENTED_EDGE ( 'NONE', *, *, #1337, .F. ) ;
#1380 = DIRECTION ( 'NONE',  ( 0.000000000000000000, 0.000000000000000000, -1.000000000000000000 ) ) ;
#1381 = CARTESIAN_POINT ( 'NONE',  ( 42.50000000000000000, 48.50000000000000000, 2.000000000000000000 ) ) ;
#1382 = ORIENTED_EDGE ( 'NONE', *, *, #952, .F. ) ;
#1383 = CIRCLE ( 'NONE', #439, 1.349999999999999645 ) ;
#1384 = CARTESIAN_POINT ( 'NONE',  ( 68.50000000000000000, 54.00000000000000000, 22.00000000000000000 ) ) ;
#1385 = VECTOR ( 'NONE', #1596, 1000.000000000000000 ) ;
#1386 = ADVANCED_FACE ( 'NONE', ( #1312 ), #849, .F. ) ;
#1387 = ORIENTED_EDGE ( 'NONE', *, *, #1184, .F. ) ;
#1388 = CARTESIAN_POINT ( 'NONE',  ( 0.000000000000000000, 0.000000000000000000, 0.000000000000000000 ) ) ;
#1389 = VERTEX_POINT ( 'NONE', #824 ) ;
#1390 = LINE ( 'NONE', #523, #527 ) ;
#1391 = ORIENTED_EDGE ( 'NONE', *, *, #415, .F. ) ;
#1392 = DIRECTION ( 'NONE',  ( 0.000000000000000000, 0.000000000000000000, 1.000000000000000000 ) ) ;
#1393 = AXIS2_PLACEMENT_3D ( 'NONE', #960, #1603, #779 ) ;
#1394 = CARTESIAN_POINT ( 'NONE',  ( 68.50000000000000000, 18.00000000000000000, 5.000000000000000000 ) ) ;
#1395 = EDGE_LOOP ( 'NONE', ( #43, #1554, #467, #362 ) ) ;
#1396 = CARTESIAN_POINT ( 'NONE',  ( 3.499999999999999556, 18.00000000000000000, 5.000000000000000000 ) ) ;
#1397 = DIRECTION ( 'NONE',  ( 0.000000000000000000, 0.000000000000000000, 1.000000000000000000 ) ) ;
#1398 = FACE_OUTER_BOUND ( 'NONE', #208, .T. ) ;
#1399 = PLANE ( 'NONE',  #782 ) ;
#1400 = ORIENTED_EDGE ( 'NONE', *, *, #985, .T. ) ;
#1401 = CARTESIAN_POINT ( 'NONE',  ( 67.50000000000000000, 14.90000000000000036, 0.000000000000000000 ) ) ;
#1402 = DIRECTION ( 'NONE',  ( -1.000000000000000000, 0.000000000000000000, 0.000000000000000000 ) ) ;
#1403 = ORIENTED_EDGE ( 'NONE', *, *, #1796, .F. ) ;
#1404 = DIRECTION ( 'NONE',  ( 1.000000000000000000, 0.000000000000000000, 0.000000000000000000 ) ) ;
#1405 = DIRECTION ( 'NONE',  ( 1.000000000000000000, 0.000000000000000000, 0.000000000000000000 ) ) ;
#1406 = EDGE_LOOP ( 'NONE', ( #1290, #1175, #168, #543 ) ) ;
#1407 = COORDINATED_UNIVERSAL_TIME_OFFSET ( 8, 0, .AHEAD. ) ;
#1408 = VERTEX_POINT ( 'NONE', #490 ) ;
#1409 = DIRECTION ( 'NONE',  ( 1.000000000000000000, -0.000000000000000000, 0.000000000000000000 ) ) ;
#1410 = ORIENTED_EDGE ( 'NONE', *, *, #2019, .T. ) ;
#1411 = CARTESIAN_POINT ( 'NONE',  ( 2.000000000000000000, 59.00000000000000000, 2.000000000000001776 ) ) ;
#1412 = EDGE_CURVE ( 'NONE', #354, #2036, #2158, .T. ) ;
#1413 = FACE_OUTER_BOUND ( 'NONE', #823, .T. ) ;
#1414 = EDGE_CURVE ( 'NONE', #535, #1652, #1721, .T. ) ;
#1415 = DIRECTION ( 'NONE',  ( 0.000000000000000000, 0.000000000000000000, 1.000000000000000000 ) ) ;
#1416 = EDGE_CURVE ( 'NONE', #215, #1082, #1390, .T. ) ;
#1417 = VERTEX_POINT ( 'NONE', #194 ) ;
#1418 = VECTOR ( 'NONE', #1135, 1000.000000000000000 ) ;
#1419 = DIRECTION ( 'NONE',  ( 0.000000000000000000, 0.000000000000000000, 1.000000000000000000 ) ) ;
#1420 = EDGE_CURVE ( 'NONE', #685, #85, #1020, .T. ) ;
#1421 = DIRECTION ( 'NONE',  ( -0.000000000000000000, -0.000000000000000000, -1.000000000000000000 ) ) ;
#1422 = APPROVAL_DATE_TIME ( #1783, #420 ) ;
#1423 = ORIENTED_EDGE ( 'NONE', *, *, #865, .F. ) ;
#1424 = LINE ( 'NONE', #947, #576 ) ;
#1425 = LINE ( 'NONE', #958, #1633 ) ;
#1426 = AXIS2_PLACEMENT_3D ( 'NONE', #1798, #1454, #90 ) ;
#1427 = CARTESIAN_POINT ( 'NONE',  ( 7.849999999999999645, 18.00000000000000000, 2.000000000000000000 ) ) ;
#1428 = AXIS2_PLACEMENT_3D ( 'NONE', #1121, #1112, #1453 ) ;
#1429 = LINE ( 'NONE', #272, #2147 ) ;
#1430 = APPROVAL_STATUS ( 'not_yet_approved' ) ;
#1431 = VERTEX_POINT ( 'NONE', #1748 ) ;
#1432 = ORIENTED_EDGE ( 'NONE', *, *, #6, .T. ) ;
#1433 = CARTESIAN_POINT ( 'NONE',  ( 68.50000000000000000, 54.00000000000000000, 2.000000000000000000 ) ) ;
#1434 = FACE_OUTER_BOUND ( 'NONE', #1225, .T. ) ;
#1435 = CARTESIAN_POINT ( 'NONE',  ( 6.500000000000000000, 18.00000000000000000, 5.000000000000000000 ) ) ;
#1436 = AXIS2_PLACEMENT_3D ( 'NONE', #676, #655, #1159 ) ;
#1437 = VECTOR ( 'NONE', #1732, 1000.000000000000000 ) ;
#1438 = DIRECTION ( 'NONE',  ( 0.000000000000000000, 0.000000000000000000, -1.000000000000000000 ) ) ;
#1439 = APPROVAL_ROLE ( '' ) ;
#1440 = AXIS2_PLACEMENT_3D ( 'NONE', #411, #1922, #1373 ) ;
#1441 = ORIENTED_EDGE ( 'NONE', *, *, #17, .F. ) ;
#1442 = VERTEX_POINT ( 'NONE', #574 ) ;
#1443 = DIRECTION ( 'NONE',  ( 0.000000000000000000, 0.000000000000000000, -1.000000000000000000 ) ) ;
#1444 = CARTESIAN_POINT ( 'NONE',  ( 32.50000000000000000, 53.50000000000000000, 2.000000000000000000 ) ) ;
#1445 = PRODUCT ( 'RX_Enclosure', 'RX_Enclosure', '', ( #1532 ) ) ;
#1446 = EDGE_CURVE ( 'NONE', #1442, #905, #560, .T. ) ;
#1447 = LINE ( 'NONE', #1771, #1841 ) ;
#1448 = FACE_OUTER_BOUND ( 'NONE', #1755, .T. ) ;
#1449 = CALENDAR_DATE ( 2026, 13, 9 ) ;
#1450 = AXIS2_PLACEMENT_3D ( 'NONE', #1083, #1946, #1616 ) ;
#1451 = ORIENTED_EDGE ( 'NONE', *, *, #1023, .F. ) ;
#1452 = DIRECTION ( 'NONE',  ( 0.000000000000000000, -1.000000000000000000, 0.000000000000000000 ) ) ;
#1453 = DIRECTION ( 'NONE',  ( 1.000000000000000000, 0.000000000000000000, 0.000000000000000000 ) ) ;
#1454 = DIRECTION ( 'NONE',  ( -0.000000000000000000, -0.000000000000000000, -1.000000000000000000 ) ) ;
#1455 = CIRCLE ( 'NONE', #1393, 3.000000000000001776 ) ;
#1456 = CARTESIAN_POINT ( 'NONE',  ( 2.000000000000000000, 2.000000000000000000, 22.00000000000000000 ) ) ;
#1457 = CIRCLE ( 'NONE', #1428, 3.000000000000002665 ) ;
#1458 = APPROVAL_DATE_TIME ( #1766, #320 ) ;
#1459 = ORIENTED_EDGE ( 'NONE', *, *, #742, .T. ) ;
#1460 = DIRECTION ( 'NONE',  ( -0.000000000000000000, -0.000000000000000000, -1.000000000000000000 ) ) ;
#1461 = DIRECTION ( 'NONE',  ( 0.000000000000000000, 0.000000000000000000, 1.000000000000000000 ) ) ;
#1462 = ORIENTED_EDGE ( 'NONE', *, *, #1859, .F. ) ;
#1463 = DIRECTION ( 'NONE',  ( -1.000000000000000000, 0.000000000000000000, 0.000000000000000000 ) ) ;
#1464 = AXIS2_PLACEMENT_3D ( 'NONE', #2081, #1029, #868 ) ;
#1465 = DIRECTION ( 'NONE',  ( 1.000000000000000000, 0.000000000000000000, 0.000000000000000000 ) ) ;
#1466 = VECTOR ( 'NONE', #501, 1000.000000000000000 ) ;
#1467 = CC_DESIGN_SECURITY_CLASSIFICATION ( #2030, ( #2162 ) ) ;
#1468 = APPROVAL_DATE_TIME ( #1822, #1304 ) ;
#1469 = CYLINDRICAL_SURFACE ( 'NONE', #1625, 3.000000000000002665 ) ;
#1470 = ADVANCED_FACE ( 'NONE', ( #1706, #240, #1550, #1534, #710, #1043, #858, #736, #203 ), #1892, .T. ) ;
#1471 = VERTEX_POINT ( 'NONE', #402 ) ;
#1472 = DIRECTION ( 'NONE',  ( 0.000000000000000000, -0.000000000000000000, 1.000000000000000000 ) ) ;
#1473 = CARTESIAN_POINT ( 'NONE',  ( 68.50000000000000000, 18.00000000000000000, 5.000000000000000888 ) ) ;
#1474 = EDGE_CURVE ( 'NONE', #425, #1237, #2057, .T. ) ;
#1475 = DIRECTION ( 'NONE',  ( 0.000000000000000000, 1.000000000000000000, 0.000000000000000000 ) ) ;
#1476 = DIRECTION ( 'NONE',  ( -0.000000000000000000, -0.000000000000000000, 1.000000000000000000 ) ) ;
#1477 = PERSON_AND_ORGANIZATION_ROLE ( 'classification_officer' ) ;
#1478 = EDGE_CURVE ( 'NONE', #1063, #2051, #2018, .T. ) ;
#1479 = CC_DESIGN_PERSON_AND_ORGANIZATION_ASSIGNMENT ( #1298, #454, ( #1668 ) ) ;
#1480 = FACE_OUTER_BOUND ( 'NONE', #870, .T. ) ;
#1481 = CIRCLE ( 'NONE', #2144, 3.000000000000002665 ) ;
#1482 = ORIENTED_EDGE ( 'NONE', *, *, #480, .F. ) ;
#1483 =( NAMED_UNIT ( * ) SI_UNIT ( $, .STERADIAN. ) SOLID_ANGLE_UNIT ( ) );
#1484 = AXIS2_PLACEMENT_3D ( 'NONE', #854, #732, #1053 ) ;
#1485 = DIRECTION ( 'NONE',  ( 0.000000000000000000, 1.000000000000000000, 0.000000000000000000 ) ) ;
#1486 = DIRECTION ( 'NONE',  ( 1.000000000000000000, -0.000000000000000000, 0.000000000000000000 ) ) ;
#1487 = ITEM_DEFINED_TRANSFORMATION ( 'NONE', 'NONE', #875,  #1436 ) ;
#1488 = AXIS2_PLACEMENT_3D ( 'NONE', #336, #1359, #525 ) ;
#1489 = LINE ( 'NONE', #1166, #1656 ) ;
#1490 = ORIENTED_EDGE ( 'NONE', *, *, #2154, .F. ) ;
#1491 = FACE_BOUND ( 'NONE', #690, .T. ) ;
#1492 = DIRECTION ( 'NONE',  ( 0.000000000000000000, 1.000000000000000000, 0.000000000000000000 ) ) ;
#1493 = ORIENTED_EDGE ( 'NONE', *, *, #87, .T. ) ;
#1494 = EDGE_CURVE ( 'NONE', #1188, #2083, #1229, .T. ) ;
#1495 = LINE ( 'NONE', #2160, #595 ) ;
#1496 = PERSON_AND_ORGANIZATION ( #395, #1090 ) ;
#1497 = AXIS2_PLACEMENT_3D ( 'NONE', #11, #489, #477 ) ;
#1498 = FACE_OUTER_BOUND ( 'NONE', #307, .T. ) ;
#1499 = CC_DESIGN_DATE_AND_TIME_ASSIGNMENT ( #54, #1186, ( #1297 ) ) ;
#1500 = CIRCLE ( 'NONE', #1543, 3.000000000000000000 ) ;
#1501 = EDGE_LOOP ( 'NONE', ( #2023, #1410 ) ) ;
#1502 = DIRECTION ( 'NONE',  ( -0.000000000000000000, 1.000000000000000000, 0.000000000000000000 ) ) ;
#1503 = EDGE_CURVE ( 'NONE', #1138, #1652, #1072, .T. ) ;
#1504 = DIRECTION ( 'NONE',  ( -0.000000000000000000, -1.000000000000000000, -0.000000000000000000 ) ) ;
#1505 = CC_DESIGN_PERSON_AND_ORGANIZATION_ASSIGNMENT ( #1916, #390, ( #2125 ) ) ;
#1506 = VECTOR ( 'NONE', #784, 1000.000000000000000 ) ;
#1507 = CYLINDRICAL_SURFACE ( 'NONE', #60, 1.350000000000004086 ) ;
#1508 = EDGE_CURVE ( 'NONE', #867, #843, #723, .T. ) ;
#1509 = COORDINATED_UNIVERSAL_TIME_OFFSET ( 8, 0, .AHEAD. ) ;
#1510 = ORIENTED_EDGE ( 'NONE', *, *, #1606, .T. ) ;
#1511 = DIRECTION ( 'NONE',  ( 0.000000000000000000, 0.000000000000000000, -1.000000000000000000 ) ) ;
#1512 = ORIENTED_EDGE ( 'NONE', *, *, #1314, .T. ) ;
#1513 = CARTESIAN_POINT ( 'NONE',  ( 75.00000000000000000, 0.000000000000000000, 22.00000000000000000 ) ) ;
#1514 = ORIENTED_EDGE ( 'NONE', *, *, #1936, .F. ) ;
#1515 = DIRECTION ( 'NONE',  ( -0.000000000000000000, -1.000000000000000000, -0.000000000000000000 ) ) ;
#1516 = FACE_OUTER_BOUND ( 'NONE', #513, .T. ) ;
#1517 = EDGE_LOOP ( 'NONE', ( #848, #1531, #964, #1150 ) ) ;
#1518 = ORIENTED_EDGE ( 'NONE', *, *, #1936, .T. ) ;
#1519 = PERSON_AND_ORGANIZATION ( #395, #1090 ) ;
#1520 = CIRCLE ( 'NONE', #2012, 3.000000000000002665 ) ;
#1521 = CARTESIAN_POINT ( 'NONE',  ( 67.15000000000000568, 54.00000000000000000, 2.000000000000000000 ) ) ;
#1522 = VECTOR ( 'NONE', #129, 1000.000000000000000 ) ;
#1523 = EDGE_CURVE ( 'NONE', #85, #802, #684, .T. ) ;
#1524 = ORIENTED_EDGE ( 'NONE', *, *, #1256, .T. ) ;
#1525 = LINE ( 'NONE', #1220, #688 ) ;
#1526 = ORIENTED_EDGE ( 'NONE', *, *, #1414, .T. ) ;
#1527 = CARTESIAN_POINT ( 'NONE',  ( 65.50000000000000000, 54.00000000000000000, 5.000000000000000000 ) ) ;
#1528 = EDGE_CURVE ( 'NONE', #791, #2128, #1854, .T. ) ;
#1529 = CALENDAR_DATE ( 2026, 13, 9 ) ;
#1530 = DIRECTION ( 'NONE',  ( -1.000000000000000000, 0.000000000000000000, 0.000000000000000000 ) ) ;
#1531 = ORIENTED_EDGE ( 'NONE', *, *, #642, .T. ) ;
#1532 = MECHANICAL_CONTEXT ( 'NONE', #1316, 'mechanical' ) ;
#1533 = CC_DESIGN_APPROVAL ( #420, ( #566 ) ) ;
#1534 = FACE_BOUND ( 'NONE', #141, .T. ) ;
#1535 = ADVANCED_FACE ( 'NONE', ( #883 ), #869, .F. ) ;
#1536 = ORIENTED_EDGE ( 'NONE', *, *, #899, .T. ) ;
#1537 = ORIENTED_EDGE ( 'NONE', *, *, #1808, .F. ) ;
#1538 = DIRECTION ( 'NONE',  ( -0.000000000000000000, -0.000000000000000000, -1.000000000000000000 ) ) ;
#1539 = AXIS2_PLACEMENT_3D ( 'NONE', #391, #13, #1058 ) ;
#1540 = CARTESIAN_POINT ( 'NONE',  ( 5.400000000000000355, 54.00000000000000000, 22.00000000000000000 ) ) ;
#1541 = ADVANCED_FACE ( 'NONE', ( #25 ), #1399, .F. ) ;
#1542 = EDGE_LOOP ( 'NONE', ( #456, #931, #1016, #256 ) ) ;
#1543 = AXIS2_PLACEMENT_3D ( 'NONE', #716, #2052, #234 ) ;
#1544 = DIRECTION ( 'NONE',  ( -1.000000000000000000, 0.000000000000000000, 0.000000000000000000 ) ) ;
#1545 = VERTEX_POINT ( 'NONE', #2035 ) ;
#1546 = CARTESIAN_POINT ( 'NONE',  ( 75.00000000000000000, 0.000000000000000000, 22.00000000000000000 ) ) ;
#1547 = EDGE_LOOP ( 'NONE', ( #1227, #1858, #1836, #1074 ) ) ;
#1548 = PERSON_AND_ORGANIZATION ( #395, #1090 ) ;
#1549 = ADVANCED_FACE ( 'NONE', ( #534 ), #365, .T. ) ;
#1550 = FACE_BOUND ( 'NONE', #1730, .T. ) ;
#1551 = ORIENTED_EDGE ( 'NONE', *, *, #1777, .T. ) ;
#1552 = CARTESIAN_POINT ( 'NONE',  ( 3.499999999999998668, 54.00000000000000000, 5.000000000000000000 ) ) ;
#1553 = FACE_OUTER_BOUND ( 'NONE', #1585, .T. ) ;
#1554 = ORIENTED_EDGE ( 'NONE', *, *, #2122, .F. ) ;
#1555 = CIRCLE ( 'NONE', #1863, 1.100000000000003642 ) ;
#1556 = CARTESIAN_POINT ( 'NONE',  ( 7.599999999999999645, 18.00000000000000000, 0.000000000000000000 ) ) ;
#1557 = CIRCLE ( 'NONE', #1945, 1.349999999999999645 ) ;
#1558 = ORIENTED_EDGE ( 'NONE', *, *, #1831, .F. ) ;
#1559 = DIRECTION ( 'NONE',  ( 1.000000000000000000, 0.000000000000000000, 0.000000000000000000 ) ) ;
#1560 = ORIENTED_EDGE ( 'NONE', *, *, #1474, .T. ) ;
#1561 = DIRECTION ( 'NONE',  ( 0.000000000000000000, 0.000000000000000000, 1.000000000000000000 ) ) ;
#1562 = CARTESIAN_POINT ( 'NONE',  ( 0.000000000000000000, 0.000000000000000000, 2.000000000000000000 ) ) ;
#1563 = ORIENTED_EDGE ( 'NONE', *, *, #778, .T. ) ;
#1564 = CARTESIAN_POINT ( 'NONE',  ( 39.50000000000000000, 14.90000000000000036, 2.000000000000000000 ) ) ;
#1565 = VECTOR ( 'NONE', #408, 1000.000000000000000 ) ;
#1566 = LINE ( 'NONE', #1540, #99 ) ;
#1567 = VERTEX_POINT ( 'NONE', #2082 ) ;
#1568 = EDGE_CURVE ( 'NONE', #1722, #245, #752, .T. ) ;
#1569 = DIRECTION ( 'NONE',  ( 1.000000000000000000, 0.000000000000000000, 0.000000000000000000 ) ) ;
#1570 = ORIENTED_EDGE ( 'NONE', *, *, #1745, .F. ) ;
#1571 = DIRECTION ( 'NONE',  ( 1.000000000000000000, 0.000000000000000000, 0.000000000000000000 ) ) ;
#1572 = EDGE_CURVE ( 'NONE', #425, #932, #53, .T. ) ;
#1573 = ORIENTED_EDGE ( 'NONE', *, *, #150, .T. ) ;
#1574 = CARTESIAN_POINT ( 'NONE',  ( 9.500000000000001776, 54.00000000000000000, 5.000000000000000000 ) ) ;
#1575 = ORIENTED_EDGE ( 'NONE', *, *, #1151, .F. ) ;
#1576 = VERTEX_POINT ( 'NONE', #246 ) ;
#1577 = CARTESIAN_POINT ( 'NONE',  ( 2.000000000000000000, 59.00000000000000000, 22.00000000000000000 ) ) ;
#1578 = EDGE_CURVE ( 'NONE', #979, #425, #398, .T. ) ;
#1579 = LOCAL_TIME ( 2, 20, 31.00000000000000000, #1097 ) ;
#1580 = DIRECTION ( 'NONE',  ( 0.000000000000000000, 0.000000000000000000, -1.000000000000000000 ) ) ;
#1581 = ORIENTED_EDGE ( 'NONE', *, *, #1185, .T. ) ;
#1582 = VECTOR ( 'NONE', #394, 1000.000000000000000 ) ;
#1583 = EDGE_CURVE ( 'NONE', #2083, #1972, #388, .T. ) ;
#1584 = DIRECTION ( 'NONE',  ( -1.000000000000000000, 0.000000000000000000, 0.000000000000000000 ) ) ;
#1585 = EDGE_LOOP ( 'NONE', ( #1195, #1679 ) ) ;
#1586 = DIRECTION ( 'NONE',  ( -0.000000000000000000, -0.000000000000000000, -1.000000000000000000 ) ) ;
#1587 = AXIS2_PLACEMENT_3D ( 'NONE', #1273, #1452, #1610 ) ;
#1588 = ORIENTED_EDGE ( 'NONE', *, *, #636, .T. ) ;
#1589 = DATE_AND_TIME ( #1955, #252 ) ;
#1590 = VERTEX_POINT ( 'NONE', #1051 ) ;
#1591 = DIRECTION ( 'NONE',  ( 0.000000000000000000, -1.000000000000000000, 0.000000000000000000 ) ) ;
#1592 = CARTESIAN_POINT ( 'NONE',  ( 6.500000000000000000, 18.00000000000000000, 5.000000000000000888 ) ) ;
#1593 = DIRECTION ( 'NONE',  ( -0.000000000000000000, 1.000000000000000000, 0.000000000000000000 ) ) ;
#1594 = EDGE_LOOP ( 'NONE', ( #901, #1364, #335, #990 ) ) ;
#1595 = AXIS2_PLACEMENT_3D ( 'NONE', #953, #1419, #1259 ) ;
#1596 = DIRECTION ( 'NONE',  ( 0.000000000000000000, 0.000000000000000000, -1.000000000000000000 ) ) ;
#1597 = PERSON_AND_ORGANIZATION ( #395, #1090 ) ;
#1598 = ORIENTED_EDGE ( 'NONE', *, *, #1642, .F. ) ;
#1599 = EDGE_LOOP ( 'NONE', ( #2008, #1897 ) ) ;
#1600 = CARTESIAN_POINT ( 'NONE',  ( 5.150000000000001243, 54.00000000000000000, 2.000000000000000000 ) ) ;
#1601 = FACE_OUTER_BOUND ( 'NONE', #1833, .T. ) ;
#1602 = CIRCLE ( 'NONE', #414, 1.100000000000000311 ) ;
#1603 = DIRECTION ( 'NONE',  ( 0.000000000000000000, 0.000000000000000000, 1.000000000000000000 ) ) ;
#1604 = AXIS2_PLACEMENT_3D ( 'NONE', #1592, #2112, #1921 ) ;
#1605 = LINE ( 'NONE', #2079, #1741 ) ;
#1606 = EDGE_CURVE ( 'NONE', #851, #548, #1912, .T. ) ;
#1607 = DATE_AND_TIME ( #939, #1612 ) ;
#1608 = EDGE_CURVE ( 'NONE', #1852, #1067, #565, .T. ) ;
#1609 = EDGE_LOOP ( 'NONE', ( #72, #491, #1249, #554 ) ) ;
#1610 = DIRECTION ( 'NONE',  ( 0.000000000000000000, -0.000000000000000000, -1.000000000000000000 ) ) ;
#1611 = DIRECTION ( 'NONE',  ( 0.000000000000000000, 0.000000000000000000, -1.000000000000000000 ) ) ;
#1612 = LOCAL_TIME ( 2, 20, 31.00000000000000000, #1128 ) ;
#1613 = CARTESIAN_POINT ( 'NONE',  ( 68.50000000000000000, 54.00000000000000000, 5.000000000000000000 ) ) ;
#1614 = LOCAL_TIME ( 2, 20, 31.00000000000000000, #972 ) ;
#1615 = ADVANCED_FACE ( 'NONE', ( #540 ), #1089, .F. ) ;
#1616 = DIRECTION ( 'NONE',  ( -1.000000000000000000, 0.000000000000000000, 0.000000000000000000 ) ) ;
#1617 = APPROVAL_DATE_TIME ( #1926, #2034 ) ;
#1618 = VECTOR ( 'NONE', #1369, 1000.000000000000000 ) ;
#1619 = ORIENTED_EDGE ( 'NONE', *, *, #585, .F. ) ;
#1620 = CARTESIAN_POINT ( 'NONE',  ( 73.00000000000000000, 2.000000000000000000, 22.00000000000000000 ) ) ;
#1621 = PLANE ( 'NONE',  #518 ) ;
#1622 = DIRECTION ( 'NONE',  ( -0.000000000000000000, -0.000000000000000000, -1.000000000000000000 ) ) ;
#1623 = CARTESIAN_POINT ( 'NONE',  ( 67.50000000000000000, 14.90000000000000036, 2.000000000000000000 ) ) ;
#1624 = APPROVAL_ROLE ( '' ) ;
#1625 = AXIS2_PLACEMENT_3D ( 'NONE', #644, #520, #375 ) ;
#1626 = ORIENTED_EDGE ( 'NONE', *, *, #1125, .F. ) ;
#1627 = LINE ( 'NONE', #1776, #182 ) ;
#1628 = CARTESIAN_POINT ( 'NONE',  ( 73.00000000000000000, 2.000000000000000000, 22.00000000000000000 ) ) ;
#1629 = EDGE_LOOP ( 'NONE', ( #227, #1055 ) ) ;
#1630 = FACE_OUTER_BOUND ( 'NONE', #2139, .T. ) ;
#1631 = VECTOR ( 'NONE', #861, 1000.000000000000000 ) ;
#1632 = FACE_OUTER_BOUND ( 'NONE', #351, .T. ) ;
#1633 = VECTOR ( 'NONE', #765, 1000.000000000000000 ) ;
#1634 = CALENDAR_DATE ( 2026, 13, 9 ) ;
#1635 = CARTESIAN_POINT ( 'NONE',  ( 0.000000000000000000, 0.000000000000000000, 0.000000000000000000 ) ) ;
#1636 = ADVANCED_FACE ( 'NONE', ( #555 ), #1727, .F. ) ;
#1637 = EDGE_LOOP ( 'NONE', ( #2150, #686 ) ) ;
#1638 = CARTESIAN_POINT ( 'NONE',  ( 69.60000000000000853, 18.00000000000000000, 0.000000000000000000 ) ) ;
#1639 = CARTESIAN_POINT ( 'NONE',  ( 6.500000000000000000, 54.00000000000000000, 5.000000000000000000 ) ) ;
#1640 = ORIENTED_EDGE ( 'NONE', *, *, #642, .F. ) ;
#1641 = CARTESIAN_POINT ( 'NONE',  ( 7.599999999999998757, 54.00000000000000000, 5.000000000000000888 ) ) ;
#1642 = EDGE_CURVE ( 'NONE', #1865, #163, #671, .T. ) ;
#1643 = ADVANCED_FACE ( 'NONE', ( #1873 ), #1756, .F. ) ;
#1644 = PRODUCT_DEFINITION_FORMATION_WITH_SPECIFIED_SOURCE ( 'ä»', '', #101, .NOT_KNOWN. ) ;
#1645 = CARTESIAN_POINT ( 'NONE',  ( 64.50000000000000000, 46.00000000000000000, 2.000000000000000000 ) ) ;
#1646 = AXIS2_PLACEMENT_3D ( 'NONE', #1845, #1990, #346 ) ;
#1647 = COORDINATED_UNIVERSAL_TIME_OFFSET ( 8, 0, .AHEAD. ) ;
#1648 = DIRECTION ( 'NONE',  ( 1.000000000000000000, 0.000000000000000000, -0.000000000000000000 ) ) ;
#1649 = VERTEX_POINT ( 'NONE', #1065 ) ;
#1650 = DIRECTION ( 'NONE',  ( 0.000000000000000000, 0.000000000000000000, -1.000000000000000000 ) ) ;
#1651 = CARTESIAN_POINT ( 'NONE',  ( 64.50000000000000000, 38.00000000000000000, 2.000000000000000000 ) ) ;
#1652 = VERTEX_POINT ( 'NONE', #1884 ) ;
#1653 = DIRECTION ( 'NONE',  ( 0.000000000000000000, 0.000000000000000000, -1.000000000000000000 ) ) ;
#1654 = CONTEXT_DEPENDENT_SHAPE_REPRESENTATION ( #1965, #788 ) ;
#1655 = FACE_OUTER_BOUND ( 'NONE', #366, .T. ) ;
#1656 = VECTOR ( 'NONE', #149, 1000.000000000000000 ) ;
#1657 = ORIENTED_EDGE ( 'NONE', *, *, #1859, .T. ) ;
#1658 = FACE_BOUND ( 'NONE', #1362, .T. ) ;
#1659 = CIRCLE ( 'NONE', #826, 1.349999999999999645 ) ;
#1660 = CARTESIAN_POINT ( 'NONE',  ( 56.50000000000000000, 38.00000000000000000, 2.000000000000000000 ) ) ;
#1661 = CARTESIAN_POINT ( 'NONE',  ( 68.50000000000000000, 18.00000000000000000, 2.000000000000000000 ) ) ;
#1662 = CC_DESIGN_PERSON_AND_ORGANIZATION_ASSIGNMENT ( #1742, #350, ( #1297 ) ) ;
#1663 = CALENDAR_DATE ( 2026, 13, 9 ) ;
#1664 = VECTOR ( 'NONE', #1953, 1000.000000000000000 ) ;
#1665 = CARTESIAN_POINT ( 'NONE',  ( 68.50000000000000000, 54.00000000000000000, 5.000000000000000000 ) ) ;
#1666 = ORIENTED_EDGE ( 'NONE', *, *, #1608, .F. ) ;
#1667 = DIRECTION ( 'NONE',  ( 0.000000000000000000, 0.000000000000000000, -1.000000000000000000 ) ) ;
#1668 = PRODUCT_DEFINITION ( 'æœ', '', #70, #529 ) ;
#1669 = EDGE_CURVE ( 'NONE', #499, #1687, #287, .T. ) ;
#1670 = FACE_OUTER_BOUND ( 'NONE', #1406, .T. ) ;
#1671 = VERTEX_POINT ( 'NONE', #757 ) ;
#1672 = DIRECTION ( 'NONE',  ( 0.000000000000000000, 0.000000000000000000, 1.000000000000000000 ) ) ;
#1673 = EDGE_CURVE ( 'NONE', #198, #548, #2107, .T. ) ;
#1674 = DATE_AND_TIME ( #1634, #747 ) ;
#1675 = APPROVAL_PERSON_ORGANIZATION ( #1106, #1870, #1624 ) ;
#1676 = DIRECTION ( 'NONE',  ( 0.000000000000000000, -0.000000000000000000, 1.000000000000000000 ) ) ;
#1677 = AXIS2_PLACEMENT_3D ( 'NONE', #243, #1380, #1060 ) ;
#1678 = LOCAL_TIME ( 2, 20, 31.00000000000000000, #474 ) ;
#1679 = ORIENTED_EDGE ( 'NONE', *, *, #1183, .T. ) ;
#1680 = LINE ( 'NONE', #1177, #1889 ) ;
#1681 = CARTESIAN_POINT ( 'NONE',  ( 0.000000000000000000, 0.000000000000000000, 22.00000000000000000 ) ) ;
#1682 = ORIENTED_EDGE ( 'NONE', *, *, #1292, .F. ) ;
#1683 = EDGE_LOOP ( 'NONE', ( #1666, #26, #392, #1264 ) ) ;
#1684 = CIRCLE ( 'NONE', #1302, 1.350000000000004086 ) ;
#1685 = DIRECTION ( 'NONE',  ( -1.000000000000000000, 0.000000000000000000, 0.000000000000000000 ) ) ;
#1686 = APPROVAL_DATE_TIME ( #1699, #364 ) ;
#1687 = VERTEX_POINT ( 'NONE', #729 ) ;
#1688 = LINE ( 'NONE', #201, #1280 ) ;
#1689 = VERTEX_POINT ( 'NONE', #209 ) ;
#1690 = ORIENTED_EDGE ( 'NONE', *, *, #1700, .F. ) ;
#1691 = DIRECTION ( 'NONE',  ( 1.000000000000000000, 0.000000000000000000, 0.000000000000000000 ) ) ;
#1692 = CC_DESIGN_DATE_AND_TIME_ASSIGNMENT ( #1674, #672, ( #2030 ) ) ;
#1693 = CARTESIAN_POINT ( 'NONE',  ( 56.50000000000000000, 38.00000000000000000, 2.000000000000000000 ) ) ;
#1694 = ORIENTED_EDGE ( 'NONE', *, *, #778, .F. ) ;
#1695 =( REPRESENTATION_RELATIONSHIP ('NONE','NONE', #1181, #1952 ) REPRESENTATION_RELATIONSHIP_WITH_TRANSFORMATION ( #1487 )SHAPE_REPRESENTATION_RELATIONSHIP( ) );
#1696 = CARTESIAN_POINT ( 'NONE',  ( 75.00000000000000000, 61.00000000000000000, 22.00000000000000000 ) ) ;
#1697 = VERTEX_POINT ( 'NONE', #1556 ) ;
#1698 = EDGE_CURVE ( 'NONE', #548, #198, #1898, .T. ) ;
#1699 = DATE_AND_TIME ( #2024, #1966 ) ;
#1700 = EDGE_CURVE ( 'NONE', #62, #830, #1764, .T. ) ;
#1701 = DIRECTION ( 'NONE',  ( 1.000000000000000000, 0.000000000000000000, 0.000000000000000000 ) ) ;
#1702 = ORIENTED_EDGE ( 'NONE', *, *, #1960, .F. ) ;
#1703 = CARTESIAN_POINT ( 'NONE',  ( -37.50000000000000000, -30.50000000000000000, 20.99999999999999645 ) ) ;
#1704 = AXIS2_PLACEMENT_3D ( 'NONE', #649, #1182, #1011 ) ;
#1705 = ADVANCED_FACE ( 'NONE', ( #66 ), #1038, .T. ) ;
#1706 = FACE_BOUND ( 'NONE', #1501, .T. ) ;
#1707 = AXIS2_PLACEMENT_3D ( 'NONE', #1233, #244, #1736 ) ;
#1708 = ORIENTED_EDGE ( 'NONE', *, *, #1508, .T. ) ;
#1709 = DIRECTION ( 'NONE',  ( 0.000000000000000000, 0.000000000000000000, 1.000000000000000000 ) ) ;
#1710 = CARTESIAN_POINT ( 'NONE',  ( 2.000000000000000000, 2.000000000000000000, 22.00000000000000000 ) ) ;
#1711 = ORIENTED_EDGE ( 'NONE', *, *, #224, .T. ) ;
#1712 = DIRECTION ( 'NONE',  ( 0.000000000000000000, 1.000000000000000000, 0.000000000000000000 ) ) ;
#1713 = EDGE_CURVE ( 'NONE', #711, #1247, #40, .T. ) ;
#1714 = EDGE_CURVE ( 'NONE', #1649, #711, #1500, .T. ) ;
#1715 = DESIGN_CONTEXT ( 'detailed design', #9, 'design' ) ;
#1716 = DIRECTION ( 'NONE',  ( 0.000000000000000000, 0.000000000000000000, -1.000000000000000000 ) ) ;
#1717 = ORIENTED_EDGE ( 'NONE', *, *, #1189, .F. ) ;
#1718 = DIRECTION ( 'NONE',  ( 0.000000000000000000, 0.000000000000000000, 1.000000000000000000 ) ) ;
#1719 = ORIENTED_EDGE ( 'NONE', *, *, #183, .T. ) ;
#1720 = VECTOR ( 'NONE', #1460, 1000.000000000000000 ) ;
#1721 = LINE ( 'NONE', #2071, #1160 ) ;
#1722 = VERTEX_POINT ( 'NONE', #1752 ) ;
#1723 = DIRECTION ( 'NONE',  ( -1.000000000000000000, -0.000000000000000000, -0.000000000000000000 ) ) ;
#1724 = CIRCLE ( 'NONE', #2029, 1.100000000000003642 ) ;
#1725 = DIRECTION ( 'NONE',  ( 0.000000000000000000, 1.000000000000000000, 0.000000000000000000 ) ) ;
#1726 = ORIENTED_EDGE ( 'NONE', *, *, #260, .F. ) ;
#1727 = CYLINDRICAL_SURFACE ( 'NONE', #1440, 1.100000000000000311 ) ;
#1728 = VERTEX_POINT ( 'NONE', #220 ) ;
#1729 = FACE_BOUND ( 'NONE', #654, .T. ) ;
#1730 = EDGE_LOOP ( 'NONE', ( #1581, #814 ) ) ;
#1731 = APPROVAL_ROLE ( '' ) ;
#1732 = DIRECTION ( 'NONE',  ( 1.000000000000000000, 0.000000000000000000, 0.000000000000000000 ) ) ;
#1733 = ADVANCED_FACE ( 'NONE', ( #1761 ), #924, .T. ) ;
#1734 = EDGE_LOOP ( 'NONE', ( #871, #1039 ) ) ;
#1735 = CARTESIAN_POINT ( 'NONE',  ( 0.000000000000000000, 0.000000000000000000, 2.000000000000000000 ) ) ;
#1736 = DIRECTION ( 'NONE',  ( 1.000000000000000000, 0.000000000000000000, 0.000000000000000000 ) ) ;
#1737 = ORIENTED_EDGE ( 'NONE', *, *, #332, .F. ) ;
#1738 = VECTOR ( 'NONE', #1351, 1000.000000000000000 ) ;
#1739 = EDGE_CURVE ( 'NONE', #539, #1067, #1909, .T. ) ;
#1740 = DIRECTION ( 'NONE',  ( -1.000000000000000000, -0.000000000000000000, -0.000000000000000000 ) ) ;
#1741 = VECTOR ( 'NONE', #103, 1000.000000000000000 ) ;
#1742 = PERSON_AND_ORGANIZATION ( #1076, #668 ) ;
#1743 = ORIENTED_EDGE ( 'NONE', *, *, #639, .T. ) ;
#1744 = DIRECTION ( 'NONE',  ( 1.000000000000000000, 0.000000000000000000, 0.000000000000000000 ) ) ;
#1745 = EDGE_CURVE ( 'NONE', #204, #712, #348, .T. ) ;
#1746 = DIRECTION ( 'NONE',  ( 1.000000000000000000, 0.000000000000000000, 0.000000000000000000 ) ) ;
#1747 = APPLICATION_PROTOCOL_DEFINITION ( 'international standard', 'config_control_design', 1994, #1316 ) ;
#1748 = CARTESIAN_POINT ( 'NONE',  ( 73.00000000000000000, 2.000000000000000000, 2.000000000000001776 ) ) ;
#1749 = EDGE_CURVE ( 'NONE', #1545, #1247, #633, .T. ) ;
#1750 = ORIENTED_EDGE ( 'NONE', *, *, #926, .T. ) ;
#1751 = ORIENTED_EDGE ( 'NONE', *, *, #2114, .F. ) ;
#1752 = CARTESIAN_POINT ( 'NONE',  ( 9.500000000000001776, 54.00000000000000000, 5.000000000000000000 ) ) ;
#1753 = VECTOR ( 'NONE', #153, 1000.000000000000000 ) ;
#1754 = DIRECTION ( 'NONE',  ( 0.000000000000000000, 0.000000000000000000, 1.000000000000000000 ) ) ;
#1755 = EDGE_LOOP ( 'NONE', ( #1767, #421, #1245, #1690 ) ) ;
#1756 = CYLINDRICAL_SURFACE ( 'NONE', #1163, 1.350000000000004086 ) ;
#1757 = LINE ( 'NONE', #928, #158 ) ;
#1758 = VERTEX_POINT ( 'NONE', #1252 ) ;
#1759 = CALENDAR_DATE ( 2026, 13, 9 ) ;
#1760 = EDGE_LOOP ( 'NONE', ( #1387, #550, #922, #186 ) ) ;
#1761 = FACE_OUTER_BOUND ( 'NONE', #980, .T. ) ;
#1762 = APPROVAL_PERSON_ORGANIZATION ( #104, #603, #116 ) ;
#1763 = CARTESIAN_POINT ( 'NONE',  ( 68.50000000000000000, 54.00000000000000000, 2.000000000000000000 ) ) ;
#1764 = LINE ( 'NONE', #1527, #496 ) ;
#1765 = LINE ( 'NONE', #1623, #2115 ) ;
#1766 = DATE_AND_TIME ( #1774, #1579 ) ;
#1767 = ORIENTED_EDGE ( 'NONE', *, *, #578, .F. ) ;
#1768 = FACE_OUTER_BOUND ( 'NONE', #1809, .T. ) ;
#1769 = CARTESIAN_POINT ( 'NONE',  ( 67.15000000000000568, 54.00000000000000000, 2.000000000000000000 ) ) ;
#1770 = EDGE_CURVE ( 'NONE', #905, #1567, #1894, .T. ) ;
#1771 = CARTESIAN_POINT ( 'NONE',  ( 3.499999999999998668, 54.00000000000000000, 5.000000000000000000 ) ) ;
#1772 = AXIS2_PLACEMENT_3D ( 'NONE', #124, #622, #2108 ) ;
#1773 = LINE ( 'NONE', #453, #721 ) ;
#1774 = CALENDAR_DATE ( 2026, 13, 9 ) ;
#1775 = ORIENTED_EDGE ( 'NONE', *, *, #1934, .F. ) ;
#1776 = CARTESIAN_POINT ( 'NONE',  ( 15.49999999999999822, 50.00000000000000000, 2.000000000000000000 ) ) ;
#1777 = EDGE_CURVE ( 'NONE', #1888, #1230, #1243, .T. ) ;
#1778 = DIRECTION ( 'NONE',  ( 0.000000000000000000, 0.000000000000000000, -1.000000000000000000 ) ) ;
#1779 = CIRCLE ( 'NONE', #275, 1.100000000000003642 ) ;
#1780 = DIRECTION ( 'NONE',  ( -1.000000000000000000, 0.000000000000000000, 0.000000000000000000 ) ) ;
#1781 = PRODUCT ( 'RX_Cover', 'RX_Cover', '', ( #253 ) ) ;
#1782 = FACE_OUTER_BOUND ( 'NONE', #1052, .T. ) ;
#1783 = DATE_AND_TIME ( #735, #841 ) ;
#1784 = ORIENTED_EDGE ( 'NONE', *, *, #801, .F. ) ;
#1785 = DIRECTION ( 'NONE',  ( -0.000000000000000000, -0.000000000000000000, -1.000000000000000000 ) ) ;
#1786 = DIRECTION ( 'NONE',  ( 0.000000000000000000, 0.000000000000000000, -1.000000000000000000 ) ) ;
#1787 = SHAPE_REPRESENTATION ( 'RX_Base', ( #1436 ), #1995 ) ;
#1788 = APPROVAL_PERSON_ORGANIZATION ( #722, #420, #1731 ) ;
#1789 = LINE ( 'NONE', #292, #1838 ) ;
#1790 = AXIS2_PLACEMENT_3D ( 'NONE', #1867, #590, #406 ) ;
#1791 = CARTESIAN_POINT ( 'NONE',  ( 68.50000000000000000, 54.00000000000000000, 5.000000000000000000 ) ) ;
#1792 = APPROVAL_DATE_TIME ( #2117, #603 ) ;
#1793 = VECTOR ( 'NONE', #1443, 1000.000000000000000 ) ;
#1794 = ORIENTED_EDGE ( 'NONE', *, *, #832, .T. ) ;
#1795 = DIRECTION ( 'NONE',  ( 1.000000000000000000, 0.000000000000000000, 0.000000000000000000 ) ) ;
#1796 = EDGE_CURVE ( 'NONE', #569, #1230, #1033, .T. ) ;
#1797 = CARTESIAN_POINT ( 'NONE',  ( 73.00000000000000000, 2.000000000000000000, 22.00000000000000000 ) ) ;
#1798 = CARTESIAN_POINT ( 'NONE',  ( 68.50000000000000000, 18.00000000000000000, 5.000000000000000000 ) ) ;
#1799 = ADVANCED_FACE ( 'NONE', ( #1075 ), #368, .F. ) ;
#1800 = FACE_BOUND ( 'NONE', #1734, .T. ) ;
#1801 = APPROVAL_DATE_TIME ( #178, #1123 ) ;
#1802 = CARTESIAN_POINT ( 'NONE',  ( 7.849999999999999645, 54.00000000000000000, 0.000000000000000000 ) ) ;
#1803 = EDGE_CURVE ( 'NONE', #851, #190, #1825, .T. ) ;
#1804 = ORIENTED_EDGE ( 'NONE', *, *, #377, .T. ) ;
#1805 = FACE_OUTER_BOUND ( 'NONE', #631, .T. ) ;
#1806 = ADVANCED_FACE ( 'NONE', ( #738 ), #2048, .F. ) ;
#1807 = DIRECTION ( 'NONE',  ( 0.000000000000000000, 0.000000000000000000, -1.000000000000000000 ) ) ;
#1808 = EDGE_CURVE ( 'NONE', #753, #539, #2037, .T. ) ;
#1809 = EDGE_LOOP ( 'NONE', ( #1194, #1036, #918, #645 ) ) ;
#1810 = CYLINDRICAL_SURFACE ( 'NONE', #1426, 3.000000000000002665 ) ;
#1811 = AXIS2_PLACEMENT_3D ( 'NONE', #433, #1593, #1134 ) ;
#1812 = CARTESIAN_POINT ( 'NONE',  ( 67.50000000000000000, 3.899999999999999911, 2.000000000000000000 ) ) ;
#1813 = VECTOR ( 'NONE', #1931, 1000.000000000000000 ) ;
#1814 = DATE_AND_TIME ( #1317, #1678 ) ;
#1815 = CARTESIAN_POINT ( 'NONE',  ( 6.500000000000000000, 54.00000000000000000, 2.000000000000000000 ) ) ;
#1816 = ORIENTED_EDGE ( 'NONE', *, *, #1117, .F. ) ;
#1817 = CARTESIAN_POINT ( 'NONE',  ( 32.50000000000000000, 48.50000000000000000, 2.000000000000000000 ) ) ;
#1818 = LINE ( 'NONE', #1681, #318 ) ;
#1819 = CARTESIAN_POINT ( 'NONE',  ( 68.50000000000000000, 54.00000000000000000, 0.000000000000000000 ) ) ;
#1820 = CC_DESIGN_APPROVAL ( #603, ( #630 ) ) ;
#1821 = CIRCLE ( 'NONE', #816, 3.000000000000001776 ) ;
#1822 = DATE_AND_TIME ( #811, #143 ) ;
#1823 = FACE_OUTER_BOUND ( 'NONE', #41, .T. ) ;
#1824 = EDGE_LOOP ( 'NONE', ( #718, #1911 ) ) ;
#1825 = CIRCLE ( 'NONE', #113, 1.099999999999999423 ) ;
#1826 = DIRECTION ( 'NONE',  ( 1.000000000000000000, 0.000000000000000000, 0.000000000000000000 ) ) ;
#1827 = ORIENTED_EDGE ( 'NONE', *, *, #1583, .F. ) ;
#1828 = CC_DESIGN_PERSON_AND_ORGANIZATION_ASSIGNMENT ( #148, #1002, ( #890 ) ) ;
#1829 = CARTESIAN_POINT ( 'NONE',  ( 0.000000000000000000, 61.00000000000000000, 22.00000000000000000 ) ) ;
#1830 = COORDINATED_UNIVERSAL_TIME_OFFSET ( 8, 0, .AHEAD. ) ;
#1831 = EDGE_CURVE ( 'NONE', #761, #607, #422, .T. ) ;
#1832 = CARTESIAN_POINT ( 'NONE',  ( 65.50000000000000000, 54.00000000000000000, 5.000000000000000000 ) ) ;
#1833 = EDGE_LOOP ( 'NONE', ( #1334, #557, #1512, #36 ) ) ;
#1834 = VECTOR ( 'NONE', #22, 1000.000000000000000 ) ;
#1835 = LINE ( 'NONE', #1140, #2014 ) ;
#1836 = ORIENTED_EDGE ( 'NONE', *, *, #478, .T. ) ;
#1837 = DIRECTION ( 'NONE',  ( -0.000000000000000000, -0.000000000000000000, -1.000000000000000000 ) ) ;
#1838 = VECTOR ( 'NONE', #613, 1000.000000000000000 ) ;
#1839 = CALENDAR_DATE ( 2026, 13, 9 ) ;
#1840 = ORIENTED_EDGE ( 'NONE', *, *, #1013, .F. ) ;
#1841 = VECTOR ( 'NONE', #601, 1000.000000000000000 ) ;
#1842 = DIRECTION ( 'NONE',  ( 0.000000000000000000, 1.000000000000000000, 0.000000000000000000 ) ) ;
#1843 = ORIENTED_EDGE ( 'NONE', *, *, #87, .F. ) ;
#1844 = LINE ( 'NONE', #646, #1157 ) ;
#1845 = CARTESIAN_POINT ( 'NONE',  ( 68.50000000000000000, 18.00000000000000000, 22.00000000000000000 ) ) ;
#1846 = CARTESIAN_POINT ( 'NONE',  ( 67.50000000000000000, 14.90000000000000036, 2.000000000000000000 ) ) ;
#1847 = ADVANCED_BREP_SHAPE_REPRESENTATION ( '', ( #1061, #1436 ), #1995 ) ;
#1848 = ORIENTED_EDGE ( 'NONE', *, *, #1578, .T. ) ;
#1849 = CARTESIAN_POINT ( 'NONE',  ( 6.500000000000000000, 18.00000000000000000, 2.000000000000000000 ) ) ;
#1850 = AXIS2_PLACEMENT_3D ( 'NONE', #549, #1409, #588 ) ;
#1851 = CC_DESIGN_SECURITY_CLASSIFICATION ( #1891, ( #1644 ) ) ;
#1852 = VERTEX_POINT ( 'NONE', #1401 ) ;
#1853 = CARTESIAN_POINT ( 'NONE',  ( 64.50000000000000000, 38.00000000000000000, 2.000000000000000000 ) ) ;
#1854 = LINE ( 'NONE', #1693, #494 ) ;
#1855 = VERTEX_POINT ( 'NONE', #755 ) ;
#1856 = CIRCLE ( 'NONE', #923, 2.000000000000001776 ) ;
#1857 = LINE ( 'NONE', #232, #691 ) ;
#1858 = ORIENTED_EDGE ( 'NONE', *, *, #339, .F. ) ;
#1859 = EDGE_CURVE ( 'NONE', #303, #1728, #1009, .T. ) ;
#1860 = EDGE_CURVE ( 'NONE', #1687, #499, #2076, .T. ) ;
#1861 = LINE ( 'NONE', #1388, #1026 ) ;
#1862 = VERTEX_POINT ( 'NONE', #1552 ) ;
#1863 = AXIS2_PLACEMENT_3D ( 'NONE', #1069, #1421, #1746 ) ;
#1864 = CARTESIAN_POINT ( 'NONE',  ( 0.000000000000000000, 0.000000000000000000, 2.000000000000000000 ) ) ;
#1865 = VERTEX_POINT ( 'NONE', #48 ) ;
#1866 = EDGE_LOOP ( 'NONE', ( #874, #55, #1482, #389 ) ) ;
#1867 = CARTESIAN_POINT ( 'NONE',  ( 6.500000000000000000, 54.00000000000000000, 0.000000000000000000 ) ) ;
#1868 = EDGE_CURVE ( 'NONE', #607, #1855, #86, .T. ) ;
#1869 = CIRCLE ( 'NONE', #1109, 1.100000000000003642 ) ;
#1870 = APPROVAL ( #921, 'æœª' ) ;
#1871 = DIRECTION ( 'NONE',  ( 0.000000000000000000, 0.000000000000000000, 1.000000000000000000 ) ) ;
#1872 = ORIENTED_EDGE ( 'NONE', *, *, #480, .T. ) ;
#1873 = FACE_OUTER_BOUND ( 'NONE', #325, .T. ) ;
#1874 = ORIENTED_EDGE ( 'NONE', *, *, #1347, .F. ) ;
#1875 = LINE ( 'NONE', #1902, #1834 ) ;
#1876 = ORIENTED_EDGE ( 'NONE', *, *, #177, .F. ) ;
#1877 = DATE_TIME_ROLE ( 'creation_date' ) ;
#1878 = VECTOR ( 'NONE', #1024, 1000.000000000000000 ) ;
#1879 = CARTESIAN_POINT ( 'NONE',  ( 0.000000000000000000, 0.000000000000000000, 22.00000000000000000 ) ) ;
#1880 = ORIENTED_EDGE ( 'NONE', *, *, #2019, .F. ) ;
#1881 = PLANE ( 'NONE',  #3 ) ;
#1882 = CARTESIAN_POINT ( 'NONE',  ( 6.500000000000000000, 54.00000000000000000, 22.00000000000000000 ) ) ;
#1883 = ORIENTED_EDGE ( 'NONE', *, *, #2022, .F. ) ;
#1884 = CARTESIAN_POINT ( 'NONE',  ( 67.50000000000000000, 3.899999999999999911, 0.000000000000000000 ) ) ;
#1885 = ORIENTED_EDGE ( 'NONE', *, *, #1934, .T. ) ;
#1886 = ADVANCED_FACE ( 'NONE', ( #206, #872 ), #1881, .T. ) ;
#1887 = DIRECTION ( 'NONE',  ( 0.000000000000000000, 0.000000000000000000, 1.000000000000000000 ) ) ;
#1888 = VERTEX_POINT ( 'NONE', #599 ) ;
#1889 = VECTOR ( 'NONE', #988, 1000.000000000000000 ) ;
#1890 = CALENDAR_DATE ( 2026, 13, 9 ) ;
#1891 = SECURITY_CLASSIFICATION ( '', '', #2146 ) ;
#1892 = PLANE ( 'NONE',  #1539 ) ;
#1893 = EDGE_LOOP ( 'NONE', ( #1202, #47, #205, #1524 ) ) ;
#1894 = LINE ( 'NONE', #1735, #950 ) ;
#1895 = CARTESIAN_POINT ( 'NONE',  ( 42.50000000000000000, 48.50000000000000000, 2.000000000000000000 ) ) ;
#1896 = PRODUCT_RELATED_PRODUCT_CATEGORY ( 'detail', '', ( #101 ) ) ;
#1897 = ORIENTED_EDGE ( 'NONE', *, *, #674, .F. ) ;
#1898 = CIRCLE ( 'NONE', #219, 1.099999999999999423 ) ;
#1899 = ADVANCED_FACE ( 'NONE', ( #457 ), #1120, .T. ) ;
#1900 = DIRECTION ( 'NONE',  ( -0.000000000000000000, -0.000000000000000000, -1.000000000000000000 ) ) ;
#1901 = VERTEX_POINT ( 'NONE', #1099 ) ;
#1902 = CARTESIAN_POINT ( 'NONE',  ( 56.50000000000000000, 38.00000000000000000, 2.000000000000000000 ) ) ;
#1903 = ADVANCED_FACE ( 'NONE', ( #1768 ), #267, .T. ) ;
#1904 = ORIENTED_EDGE ( 'NONE', *, *, #216, .T. ) ;
#1905 = EDGE_CURVE ( 'NONE', #1901, #1471, #632, .T. ) ;
#1906 =( LENGTH_UNIT ( ) NAMED_UNIT ( * ) SI_UNIT ( .MILLI., .METRE. ) );
#1907 = DIRECTION ( 'NONE',  ( -0.000000000000000000, -1.000000000000000000, -0.000000000000000000 ) ) ;
#1908 = ORIENTED_EDGE ( 'NONE', *, *, #2001, .T. ) ;
#1909 = LINE ( 'NONE', #1564, #356 ) ;
#1910 = CARTESIAN_POINT ( 'NONE',  ( 75.00000000000000000, 61.00000000000000000, 2.000000000000000000 ) ) ;
#1911 = ORIENTED_EDGE ( 'NONE', *, *, #1101, .T. ) ;
#1912 = LINE ( 'NONE', #372, #71 ) ;
#1913 = ORIENTED_EDGE ( 'NONE', *, *, #1019, .T. ) ;
#1914 = PLANE ( 'NONE',  #1070 ) ;
#1915 = CARTESIAN_POINT ( 'NONE',  ( 69.60000000000000853, 54.00000000000000000, 22.00000000000000000 ) ) ;
#1916 = PERSON_AND_ORGANIZATION ( #395, #1090 ) ;
#1917 = ORIENTED_EDGE ( 'NONE', *, *, #541, .F. ) ;
#1918 = CIRCLE ( 'NONE', #448, 3.000000000000000000 ) ;
#1919 = DIRECTION ( 'NONE',  ( 1.000000000000000000, 0.000000000000000000, 0.000000000000000000 ) ) ;
#1920 = AXIS2_PLACEMENT_3D ( 'NONE', #359, #2039, #1253 ) ;
#1921 = DIRECTION ( 'NONE',  ( 1.000000000000000000, 0.000000000000000000, 0.000000000000000000 ) ) ;
#1922 = DIRECTION ( 'NONE',  ( 0.000000000000000000, 0.000000000000000000, -1.000000000000000000 ) ) ;
#1923 = DIRECTION ( 'NONE',  ( 0.000000000000000000, 0.000000000000000000, -1.000000000000000000 ) ) ;
#1924 = CC_DESIGN_PERSON_AND_ORGANIZATION_ASSIGNMENT ( #821, #1154, ( #1644 ) ) ;
#1925 = DIRECTION ( 'NONE',  ( 0.000000000000000000, 1.000000000000000000, 0.000000000000000000 ) ) ;
#1926 = DATE_AND_TIME ( #1947, #108 ) ;
#1927 = ORIENTED_EDGE ( 'NONE', *, *, #884, .T. ) ;
#1928 = DIRECTION ( 'NONE',  ( 0.000000000000000000, 0.000000000000000000, -1.000000000000000000 ) ) ;
#1929 = EDGE_CURVE ( 'NONE', #1408, #1442, #1300, .T. ) ;
#1930 = AXIS2_PLACEMENT_3D ( 'NONE', #532, #1561, #193 ) ;
#1931 = DIRECTION ( 'NONE',  ( -0.000000000000000000, -1.000000000000000000, -0.000000000000000000 ) ) ;
#1932 = VECTOR ( 'NONE', #1712, 1000.000000000000000 ) ;
#1933 = LINE ( 'NONE', #1103, #1288 ) ;
#1934 = EDGE_CURVE ( 'NONE', #163, #1281, #1424, .T. ) ;
#1935 = DIRECTION ( 'NONE',  ( -0.000000000000000000, -0.000000000000000000, -1.000000000000000000 ) ) ;
#1936 = EDGE_CURVE ( 'NONE', #1213, #712, #1949, .T. ) ;
#1937 = PERSON_AND_ORGANIZATION ( #395, #1090 ) ;
#1938 = ORIENTED_EDGE ( 'NONE', *, *, #696, .T. ) ;
#1939 = PRODUCT_DEFINITION_SHAPE ( 'NONE', 'NONE',  #890 ) ;
#1940 = ORIENTED_EDGE ( 'NONE', *, *, #948, .T. ) ;
#1941 = DIRECTION ( 'NONE',  ( 0.000000000000000000, 0.000000000000000000, -1.000000000000000000 ) ) ;
#1942 = CYLINDRICAL_SURFACE ( 'NONE', #308, 1.099999999999999423 ) ;
#1943 = ADVANCED_FACE ( 'NONE', ( #1805 ), #449, .F. ) ;
#1944 = CARTESIAN_POINT ( 'NONE',  ( 5.150000000000001243, 54.00000000000000000, 0.000000000000000000 ) ) ;
#1945 = AXIS2_PLACEMENT_3D ( 'NONE', #719, #1397, #1201 ) ;
#1946 = DIRECTION ( 'NONE',  ( 0.000000000000000000, 0.000000000000000000, -1.000000000000000000 ) ) ;
#1947 = CALENDAR_DATE ( 2026, 13, 9 ) ;
#1948 = VERTEX_POINT ( 'NONE', #2111 ) ;
#1949 = LINE ( 'NONE', #1600, #1793 ) ;
#1950 = FACE_OUTER_BOUND ( 'NONE', #997, .T. ) ;
#1951 = AXIS2_PLACEMENT_3D ( 'NONE', #943, #621, #112 ) ;
#1952 = SHAPE_REPRESENTATION ( 'RX_Cover', ( #1436 ), #915 ) ;
#1953 = DIRECTION ( 'NONE',  ( 0.000000000000000000, 0.000000000000000000, -1.000000000000000000 ) ) ;
#1954 = FACE_OUTER_BOUND ( 'NONE', #737, .T. ) ;
#1955 = CALENDAR_DATE ( 2026, 13, 9 ) ;
#1956 = EDGE_CURVE ( 'NONE', #1576, #1063, #1200, .T. ) ;
#1957 = VERTEX_POINT ( 'NONE', #2093 ) ;
#1958 = DIRECTION ( 'NONE',  ( 0.000000000000000000, 0.000000000000000000, 1.000000000000000000 ) ) ;
#1959 = CARTESIAN_POINT ( 'NONE',  ( 68.50000000000000000, 18.00000000000000000, 0.000000000000000000 ) ) ;
#1960 = EDGE_CURVE ( 'NONE', #586, #248, #1282, .T. ) ;
#1961 = LOCAL_TIME ( 2, 20, 31.00000000000000000, #84 ) ;
#1962 = CC_DESIGN_PERSON_AND_ORGANIZATION_ASSIGNMENT ( #1597, #605, ( #70 ) ) ;
#1963 = FACE_OUTER_BOUND ( 'NONE', #33, .T. ) ;
#1964 = VECTOR ( 'NONE', #1941, 1000.000000000000000 ) ;
#1965 =( REPRESENTATION_RELATIONSHIP ('NONE','NONE', #1181, #1787 ) REPRESENTATION_RELATIONSHIP_WITH_TRANSFORMATION ( #1328 )SHAPE_REPRESENTATION_RELATIONSHIP( ) );
#1966 = LOCAL_TIME ( 2, 20, 31.00000000000000000, #1066 ) ;
#1967 = EDGE_CURVE ( 'NONE', #1728, #1689, #1627, .T. ) ;
#1968 = LINE ( 'NONE', #461, #1418 ) ;
#1969 = DATE_AND_TIME ( #597, #1961 ) ;
#1970 = ADVANCED_FACE ( 'NONE', ( #286 ), #804, .F. ) ;
#1971 = AXIS2_PLACEMENT_3D ( 'NONE', #537, #1591, #1218 ) ;
#1972 = VERTEX_POINT ( 'NONE', #1638 ) ;
#1973 = DIRECTION ( 'NONE',  ( 0.000000000000000000, -0.000000000000000000, -1.000000000000000000 ) ) ;
#1974 = CARTESIAN_POINT ( 'NONE',  ( 0.000000000000000000, 0.000000000000000000, 22.00000000000000000 ) ) ;
#1975 = DIRECTION ( 'NONE',  ( 1.000000000000000000, 0.000000000000000000, 0.000000000000000000 ) ) ;
#1976 = CARTESIAN_POINT ( 'NONE',  ( 39.50000000000000000, 14.90000000000000036, 2.000000000000000000 ) ) ;
#1977 = SHAPE_DEFINITION_REPRESENTATION ( #1118, #1952 ) ;
#1978 = CIRCLE ( 'NONE', #2049, 1.350000000000004086 ) ;
#1979 = CARTESIAN_POINT ( 'NONE',  ( 56.50000000000000000, 38.00000000000000000, 2.000000000000000000 ) ) ;
#1980 = VERTEX_POINT ( 'NONE', #966 ) ;
#1981 = DIRECTION ( 'NONE',  ( -1.000000000000000000, 0.000000000000000000, 0.000000000000000000 ) ) ;
#1982 = CARTESIAN_POINT ( 'NONE',  ( 0.000000000000000000, 61.00000000000000000, 22.00000000000000000 ) ) ;
#1983 = CIRCLE ( 'NONE', #1000, 1.100000000000003642 ) ;
#1984 = DIRECTION ( 'NONE',  ( 0.000000000000000000, 0.000000000000000000, 1.000000000000000000 ) ) ;
#1985 = AXIS2_PLACEMENT_3D ( 'NONE', #100, #1293, #777 ) ;
#1986 = APPROVAL_STATUS ( 'not_yet_approved' ) ;
#1987 = CARTESIAN_POINT ( 'NONE',  ( 6.500000000000000000, 54.00000000000000000, 5.000000000000000000 ) ) ;
#1988 = EDGE_LOOP ( 'NONE', ( #2028, #1711, #75, #1514 ) ) ;
#1989 = CARTESIAN_POINT ( 'NONE',  ( 7.849999999999999645, 18.00000000000000000, 0.000000000000000000 ) ) ;
#1990 = DIRECTION ( 'NONE',  ( 0.000000000000000000, 0.000000000000000000, -1.000000000000000000 ) ) ;
#1991 = ORIENTED_EDGE ( 'NONE', *, *, #865, .T. ) ;
#1992 = EDGE_CURVE ( 'NONE', #1063, #1576, #1684, .T. ) ;
#1993 = CARTESIAN_POINT ( 'NONE',  ( 32.50000000000000000, 48.50000000000000000, 0.000000000000000000 ) ) ;
#1994 = ADVANCED_FACE ( 'NONE', ( #2103 ), #608, .F. ) ;
#1995 =( GEOMETRIC_REPRESENTATION_CONTEXT ( 3 ) GLOBAL_UNCERTAINTY_ASSIGNED_CONTEXT ( ( #135 ) ) GLOBAL_UNIT_ASSIGNED_CONTEXT ( ( #2, #152, #1483 ) ) REPRESENTATION_CONTEXT ( 'NONE', 'WORKASPACE' ) );
#1996 = AXIS2_PLACEMENT_3D ( 'NONE', #229, #895, #61 ) ;
#1997 = DATE_TIME_ROLE ( 'creation_date' ) ;
#1998 = LINE ( 'NONE', #1339, #968 ) ;
#1999 = ORIENTED_EDGE ( 'NONE', *, *, #1960, .T. ) ;
#2000 = AXIS2_PLACEMENT_3D ( 'NONE', #1231, #1045, #37 ) ;
#2001 = EDGE_CURVE ( 'NONE', #1671, #979, #118, .T. ) ;
#2002 = DIRECTION ( 'NONE',  ( 0.000000000000000000, 0.000000000000000000, 1.000000000000000000 ) ) ;
#2003 = ORIENTED_EDGE ( 'NONE', *, *, #952, .T. ) ;
#2004 = FACE_OUTER_BOUND ( 'NONE', #1594, .T. ) ;
#2005 = APPROVAL_DATE_TIME ( #680, #142 ) ;
#2006 = PLANE ( 'NONE',  #2038 ) ;
#2007 = AXIS2_PLACEMENT_3D ( 'NONE', #653, #1511, #812 ) ;
#2008 = ORIENTED_EDGE ( 'NONE', *, *, #146, .F. ) ;
#2009 = CIRCLE ( 'NONE', #407, 3.000000000000002665 ) ;
#2010 = CARTESIAN_POINT ( 'NONE',  ( 3.499999999999999556, 18.00000000000000000, 2.000000000000000000 ) ) ;
#2011 = FACE_OUTER_BOUND ( 'NONE', #1078, .T. ) ;
#2012 = AXIS2_PLACEMENT_3D ( 'NONE', #443, #1113, #951 ) ;
#2013 = COORDINATED_UNIVERSAL_TIME_OFFSET ( 8, 0, .AHEAD. ) ;
#2014 = VECTOR ( 'NONE', #1807, 1000.000000000000000 ) ;
#2015 = CARTESIAN_POINT ( 'NONE',  ( 68.50000000000000000, 54.00000000000000000, 0.000000000000000000 ) ) ;
#2016 = ORIENTED_EDGE ( 'NONE', *, *, #258, .T. ) ;
#2017 = FACE_BOUND ( 'NONE', #2025, .T. ) ;
#2018 = LINE ( 'NONE', #1521, #703 ) ;
#2019 = EDGE_CURVE ( 'NONE', #1170, #1689, #1856, .T. ) ;
#2020 = ORIENTED_EDGE ( 'NONE', *, *, #1101, .F. ) ;
#2021 = CARTESIAN_POINT ( 'NONE',  ( 65.50000000000000000, 54.00000000000000000, 2.000000000000000000 ) ) ;
#2022 = EDGE_CURVE ( 'NONE', #1442, #215, #297, .T. ) ;
#2023 = ORIENTED_EDGE ( 'NONE', *, *, #809, .T. ) ;
#2024 = CALENDAR_DATE ( 2026, 13, 9 ) ;
#2025 = EDGE_LOOP ( 'NONE', ( #367, #545 ) ) ;
#2026 = CC_DESIGN_SECURITY_CLASSIFICATION ( #630, ( #70 ) ) ;
#2027 = PLANE ( 'NONE',  #441 ) ;
#2028 = ORIENTED_EDGE ( 'NONE', *, *, #146, .T. ) ;
#2029 = AXIS2_PLACEMENT_3D ( 'NONE', #1473, #647, #184 ) ;
#2030 = SECURITY_CLASSIFICATION ( '', '', #340 ) ;
#2031 = ORIENTED_EDGE ( 'NONE', *, *, #1478, .F. ) ;
#2032 = EDGE_CURVE ( 'NONE', #1237, #850, #1844, .T. ) ;
#2033 = SHAPE_REPRESENTATION_RELATIONSHIP ( 'NONE' , 'NONE' ,  #1952, #80 ) ;
#2034 = APPROVAL ( #1430, 'æœª' ) ;
#2035 = CARTESIAN_POINT ( 'NONE',  ( 9.500000000000000000, 18.00000000000000000, 2.000000000000000000 ) ) ;
#2036 = VERTEX_POINT ( 'NONE', #831 ) ;
#2037 = LINE ( 'NONE', #551, #1012 ) ;
#2038 = AXIS2_PLACEMENT_3D ( 'NONE', #342, #1842, #1676 ) ;
#2039 = DIRECTION ( 'NONE',  ( 0.000000000000000000, 0.000000000000000000, 1.000000000000000000 ) ) ;
#2040 = ORIENTED_EDGE ( 'NONE', *, *, #1019, .F. ) ;
#2041 = CARTESIAN_POINT ( 'NONE',  ( 6.500000000000000000, 54.00000000000000000, 0.000000000000000000 ) ) ;
#2042 = EDGE_LOOP ( 'NONE', ( #67, #1750, #1558, #397 ) ) ;
#2043 = DIRECTION ( 'NONE',  ( -0.000000000000000000, -0.000000000000000000, -1.000000000000000000 ) ) ;
#2044 = EDGE_LOOP ( 'NONE', ( #881, #1432 ) ) ;
#2045 = VECTOR ( 'NONE', #1925, 1000.000000000000000 ) ;
#2046 = CARTESIAN_POINT ( 'NONE',  ( 67.40000000000000568, 18.00000000000000000, 22.00000000000000000 ) ) ;
#2047 = EDGE_LOOP ( 'NONE', ( #2142, #763 ) ) ;
#2048 = PLANE ( 'NONE',  #754 ) ;
#2049 = AXIS2_PLACEMENT_3D ( 'NONE', #2015, #1887, #1701 ) ;
#2050 = CARTESIAN_POINT ( 'NONE',  ( 67.50000000000000000, 3.899999999999999911, 2.000000000000000000 ) ) ;
#2051 = VERTEX_POINT ( 'NONE', #1190 ) ;
#2052 = DIRECTION ( 'NONE',  ( 0.000000000000000000, 0.000000000000000000, 1.000000000000000000 ) ) ;
#2053 = ORIENTED_EDGE ( 'NONE', *, *, #2122, .T. ) ;
#2054 = FACE_OUTER_BOUND ( 'NONE', #1683, .T. ) ;
#2055 = EDGE_LOOP ( 'NONE', ( #1379, #1025, #773, #138 ) ) ;
#2056 = CC_DESIGN_DATE_AND_TIME_ASSIGNMENT ( #1607, #615, ( #630 ) ) ;
#2057 = LINE ( 'NONE', #1216, #606 ) ;
#2058 = ORIENTED_EDGE ( 'NONE', *, *, #1376, .T. ) ;
#2059 = DIRECTION ( 'NONE',  ( 0.000000000000000000, 0.000000000000000000, -1.000000000000000000 ) ) ;
#2060 = LINE ( 'NONE', #563, #657 ) ;
#2061 = ORIENTED_EDGE ( 'NONE', *, *, #1713, .T. ) ;
#2062 = DIRECTION ( 'NONE',  ( -1.000000000000000000, -0.000000000000000000, -0.000000000000000000 ) ) ;
#2063 = EDGE_CURVE ( 'NONE', #1728, #303, #604, .T. ) ;
#2064 = ORIENTED_EDGE ( 'NONE', *, *, #1222, .T. ) ;
#2065 = DIRECTION ( 'NONE',  ( 0.000000000000000000, 0.000000000000000000, -1.000000000000000000 ) ) ;
#2066 = VERTEX_POINT ( 'NONE', #1989 ) ;
#2067 = CC_DESIGN_APPROVAL ( #1304, ( #890 ) ) ;
#2068 =( NAMED_UNIT ( * ) PLANE_ANGLE_UNIT ( ) SI_UNIT ( $, .RADIAN. ) );
#2069 = AXIS2_PLACEMENT_3D ( 'NONE', #886, #257, #2073 ) ;
#2070 = CC_DESIGN_SECURITY_CLASSIFICATION ( #1297, ( #2163 ) ) ;
#2071 = CARTESIAN_POINT ( 'NONE',  ( 67.50000000000000000, 3.899999999999999911, 2.000000000000000000 ) ) ;
#2072 = VERTEX_POINT ( 'NONE', #1322 ) ;
#2073 = DIRECTION ( 'NONE',  ( 1.000000000000000000, 0.000000000000000000, 0.000000000000000000 ) ) ;
#2074 = FACE_BOUND ( 'NONE', #507, .T. ) ;
#2075 = VERTEX_POINT ( 'NONE', #815 ) ;
#2076 = CIRCLE ( 'NONE', #393, 1.349999999999999645 ) ;
#2077 = DIRECTION ( 'NONE',  ( 0.000000000000000000, 0.000000000000000000, 1.000000000000000000 ) ) ;
#2078 = EDGE_LOOP ( 'NONE', ( #909, #1598 ) ) ;
#2079 = CARTESIAN_POINT ( 'NONE',  ( 75.00000000000000000, 61.00000000000000000, 22.00000000000000000 ) ) ;
#2080 = ORIENTED_EDGE ( 'NONE', *, *, #857, .F. ) ;
#2081 = CARTESIAN_POINT ( 'NONE',  ( 0.000000000000000000, 0.000000000000000000, 0.000000000000000000 ) ) ;
#2082 = CARTESIAN_POINT ( 'NONE',  ( 75.00000000000000000, 0.000000000000000000, 2.000000000000000000 ) ) ;
#2083 = VERTEX_POINT ( 'NONE', #683 ) ;
#2084 = DIRECTION ( 'NONE',  ( 0.000000000000000000, 0.000000000000000000, -1.000000000000000000 ) ) ;
#2085 = DIRECTION ( 'NONE',  ( 0.000000000000000000, 1.000000000000000000, 0.000000000000000000 ) ) ;
#2086 = CARTESIAN_POINT ( 'NONE',  ( 6.500000000000000000, 54.00000000000000000, 0.000000000000000000 ) ) ;
#2087 = ORIENTED_EDGE ( 'NONE', *, *, #1967, .F. ) ;
#2088 = LINE ( 'NONE', #1094, #270 ) ;
#2089 = CARTESIAN_POINT ( 'NONE',  ( 7.599999999999999645, 18.00000000000000000, 22.00000000000000000 ) ) ;
#2090 = SECURITY_CLASSIFICATION_LEVEL ( 'unclassified' ) ;
#2091 = ORIENTED_EDGE ( 'NONE', *, *, #332, .T. ) ;
#2092 = VECTOR ( 'NONE', #1303, 1000.000000000000000 ) ;
#2093 = CARTESIAN_POINT ( 'NONE',  ( 42.50000000000000000, 48.50000000000000000, 0.000000000000000000 ) ) ;
#2094 = CIRCLE ( 'NONE', #1604, 1.100000000000000311 ) ;
#2095 = CARTESIAN_POINT ( 'NONE',  ( 0.000000000000000000, 0.000000000000000000, 0.000000000000000000 ) ) ;
#2096 = EDGE_CURVE ( 'NONE', #1590, #409, #2131, .T. ) ;
#2097 = CARTESIAN_POINT ( 'NONE',  ( 2.000000000000000000, 59.00000000000000000, 2.000000000000001776 ) ) ;
#2098 = CARTESIAN_POINT ( 'NONE',  ( 65.50000000000000000, 18.00000000000000000, 2.000000000000000000 ) ) ;
#2099 = APPROVAL_ROLE ( '' ) ;
#2100 = ADVANCED_FACE ( 'NONE', ( #1353 ), #169, .T. ) ;
#2101 = CC_DESIGN_PERSON_AND_ORGANIZATION_ASSIGNMENT ( #2127, #265, ( #70 ) ) ;
#2102 = ORIENTED_EDGE ( 'NONE', *, *, #1416, .T. ) ;
#2103 = FACE_OUTER_BOUND ( 'NONE', #1205, .T. ) ;
#2104 = LINE ( 'NONE', #298, #2123 ) ;
#2105 = VECTOR ( 'NONE', #217, 1000.000000000000000 ) ;
#2106 = DIRECTION ( 'NONE',  ( 0.000000000000000000, 0.000000000000000000, 1.000000000000000000 ) ) ;
#2107 = CIRCLE ( 'NONE', #786, 1.099999999999999423 ) ;
#2108 = DIRECTION ( 'NONE',  ( -1.000000000000000000, 0.000000000000000000, 0.000000000000000000 ) ) ;
#2109 = APPROVAL_DATE_TIME ( #1589, #1870 ) ;
#2110 = ORIENTED_EDGE ( 'NONE', *, *, #1770, .T. ) ;
#2111 = CARTESIAN_POINT ( 'NONE',  ( 69.60000000000000853, 18.00000000000000000, 5.000000000000000888 ) ) ;
#2112 = DIRECTION ( 'NONE',  ( -0.000000000000000000, -0.000000000000000000, -1.000000000000000000 ) ) ;
#2113 = CARTESIAN_POINT ( 'NONE',  ( 5.399999999999999467, 18.00000000000000000, 5.000000000000000888 ) ) ;
#2114 = EDGE_CURVE ( 'NONE', #303, #1170, #1680, .T. ) ;
#2115 = VECTOR ( 'NONE', #1438, 1000.000000000000000 ) ;
#2116 = CARTESIAN_POINT ( 'NONE',  ( 6.500000000000000000, 18.00000000000000000, 5.000000000000000000 ) ) ;
#2117 = DATE_AND_TIME ( #1449, #813 ) ;
#2118 = ADVANCED_FACE ( 'NONE', ( #1658, #2017, #1005, #1491, #522 ), #139, .T. ) ;
#2119 = ORIENTED_EDGE ( 'NONE', *, *, #796, .T. ) ;
#2120 = DIRECTION ( 'NONE',  ( 0.000000000000000000, 0.000000000000000000, 1.000000000000000000 ) ) ;
#2121 = DIRECTION ( 'NONE',  ( 1.000000000000000000, 0.000000000000000000, 0.000000000000000000 ) ) ;
#2122 = EDGE_CURVE ( 'NONE', #1980, #2075, #2157, .T. ) ;
#2123 = VECTOR ( 'NONE', #1266, 1000.000000000000000 ) ;
#2124 = CARTESIAN_POINT ( 'NONE',  ( 6.500000000000000000, 54.00000000000000000, 2.000000000000000000 ) ) ;
#2125 = PRODUCT_DEFINITION ( 'æœ', '', #566, #1715 ) ;
#2126 = LINE ( 'NONE', #1456, #329 ) ;
#2127 = PERSON_AND_ORGANIZATION ( #395, #1090 ) ;
#2128 = VERTEX_POINT ( 'NONE', #1853 ) ;
#2129 = DIRECTION ( 'NONE',  ( -1.000000000000000000, 0.000000000000000000, 0.000000000000000000 ) ) ;
#2130 = DIRECTION ( 'NONE',  ( 0.000000000000000000, 1.000000000000000000, 0.000000000000000000 ) ) ;
#2131 = CIRCLE ( 'NONE', #2134, 1.100000000000003642 ) ;
#2132 = FACE_OUTER_BOUND ( 'NONE', #263, .T. ) ;
#2133 = VECTOR ( 'NONE', #170, 1000.000000000000000 ) ;
#2134 = AXIS2_PLACEMENT_3D ( 'NONE', #315, #1341, #344 ) ;
#2135 = DIRECTION ( 'NONE',  ( 1.000000000000000000, 0.000000000000000000, 0.000000000000000000 ) ) ;
#2136 = CALENDAR_DATE ( 2026, 13, 9 ) ;
#2137 = AXIS2_PLACEMENT_3D ( 'NONE', #1384, #79, #1257 ) ;
#2138 = CYLINDRICAL_SURFACE ( 'NONE', #2007, 1.349999999999998757 ) ;
#2139 = EDGE_LOOP ( 'NONE', ( #230, #386, #1874, #1391 ) ) ;
#2140 = DIRECTION ( 'NONE',  ( 0.000000000000000000, -0.000000000000000000, 1.000000000000000000 ) ) ;
#2141 = CYLINDRICAL_SURFACE ( 'NONE', #1646, 1.100000000000003642 ) ;
#2142 = ORIENTED_EDGE ( 'NONE', *, *, #700, .T. ) ;
#2143 = DIRECTION ( 'NONE',  ( -0.000000000000000000, -0.000000000000000000, -1.000000000000000000 ) ) ;
#2144 = AXIS2_PLACEMENT_3D ( 'NONE', #1260, #427, #1096 ) ;
#2145 = FACE_BOUND ( 'NONE', #1, .T. ) ;
#2146 = SECURITY_CLASSIFICATION_LEVEL ( 'unclassified' ) ;
#2147 = VECTOR ( 'NONE', #919, 1000.000000000000000 ) ;
#2148 = CARTESIAN_POINT ( 'NONE',  ( 75.00000000000000000, 0.000000000000000000, 0.000000000000000000 ) ) ;
#2149 = ADVANCED_FACE ( 'NONE', ( #1148 ), #333, .T. ) ;
#2150 = ORIENTED_EDGE ( 'NONE', *, *, #1347, .T. ) ;
#2151 = CARTESIAN_POINT ( 'NONE',  ( 67.50000000000000000, 3.899999999999999911, 0.000000000000000000 ) ) ;
#2152 = FACE_OUTER_BOUND ( 'NONE', #1760, .T. ) ;
#2153 = AXIS2_PLACEMENT_3D ( 'NONE', #1394, #1754, #912 ) ;
#2154 = EDGE_CURVE ( 'NONE', #1948, #1972, #500, .T. ) ;
#2155 = CARTESIAN_POINT ( 'NONE',  ( 39.50000000000000000, 3.899999999999999911, 2.000000000000000000 ) ) ;
#2156 = ORIENTED_EDGE ( 'NONE', *, *, #1578, .F. ) ;
#2157 = LINE ( 'NONE', #1310, #702 ) ;
#2158 = LINE ( 'NONE', #666, #1466 ) ;
#2159 = EDGE_LOOP ( 'NONE', ( #969, #893, #1827, #117 ) ) ;
#2160 = CARTESIAN_POINT ( 'NONE',  ( 75.00000000000000000, 0.000000000000000000, 2.000000000000000000 ) ) ;
#2161 = CARTESIAN_POINT ( 'NONE',  ( 32.50000000000000000, 48.50000000000000000, 0.000000000000000000 ) ) ;
#2162 = NEXT_ASSEMBLY_USAGE_OCCURRENCE ( 'NAUO1', ' ', ' ', #2125, #890, $ ) ;
#2163 = NEXT_ASSEMBLY_USAGE_OCCURRENCE ( 'NAUO2', ' ', ' ', #2125, #1668, $ ) ;
ENDSEC;
END-ISO-10303-21;
