ISO-10303-21;
HEADER;
FILE_DESCRIPTION (( 'STEP AP203' ),
    '1' );
FILE_NAME ('TX_Enclosure.STEP',
    '2026-09-12T18:20:07',
    ( '' ),
    ( '' ),
    'SwSTEP 2.0',
    'SolidWorks 2024',
    '' );
FILE_SCHEMA (( 'CONFIG_CONTROL_DESIGN' ));
ENDSEC;

DATA;
#1 = LINE ( 'NONE', #2098, #666 ) ;
#2 = ORIENTED_EDGE ( 'NONE', *, *, #1771, .F. ) ;
#3 = ADVANCED_FACE ( 'NONE', ( #843, #1530, #2216, #1783, #725, #240, #368, #567, #915 ), #715, .F. ) ;
#4 = VERTEX_POINT ( 'NONE', #2099 ) ;
#5 = PRODUCT_RELATED_PRODUCT_CATEGORY ( 'detail', '', ( #438 ) ) ;
#6 = DIRECTION ( 'NONE',  ( -0.000000000000000000, -1.000000000000000000, -0.000000000000000000 ) ) ;
#7 = VECTOR ( 'NONE', #724, 1000.000000000000000 ) ;
#8 = EDGE_CURVE ( 'NONE', #460, #1494, #2151, .T. ) ;
#9 = CARTESIAN_POINT ( 'NONE',  ( 14.50000000000000000, 50.50000000000000000, 2.000000000000000000 ) ) ;
#10 = FACE_OUTER_BOUND ( 'NONE', #1435, .T. ) ;
#11 = APPROVAL ( #1509, 'UNKNOWN' ) ;
#12 = DIRECTION ( 'NONE',  ( 1.000000000000000000, 0.000000000000000000, 0.000000000000000000 ) ) ;
#13 = CYLINDRICAL_SURFACE ( 'NONE', #1256, 1.099999999999999423 ) ;
#14 = VECTOR ( 'NONE', #859, 1000.000000000000000 ) ;
#15 = EDGE_LOOP ( 'NONE', ( #687, #889, #1891, #1630 ) ) ;
#16 = LOCAL_TIME ( 2, 20, 7.000000000000000000, #775 ) ;
#17 = PERSON_AND_ORGANIZATION_ROLE ( 'design_supplier' ) ;
#18 = ORIENTED_EDGE ( 'NONE', *, *, #214, .T. ) ;
#19 = DIRECTION ( 'NONE',  ( 0.000000000000000000, 1.000000000000000000, 0.000000000000000000 ) ) ;
#20 = DIRECTION ( 'NONE',  ( 0.000000000000000000, 0.000000000000000000, 1.000000000000000000 ) ) ;
#21 = DIRECTION ( 'NONE',  ( -0.000000000000000000, -0.000000000000000000, -1.000000000000000000 ) ) ;
#22 = LINE ( 'NONE', #894, #570 ) ;
#23 = CARTESIAN_POINT ( 'NONE',  ( 75.00000000000000000, 2.000000000000000000, 2.000000000000001776 ) ) ;
#24 = EDGE_CURVE ( 'NONE', #415, #1133, #1757, .T. ) ;
#25 = ADVANCED_FACE ( 'NONE', ( #218 ), #1911, .T. ) ;
#26 = LINE ( 'NONE', #886, #1247 ) ;
#27 = COORDINATED_UNIVERSAL_TIME_OFFSET ( 8, 0, .AHEAD. ) ;
#28 = VERTEX_POINT ( 'NONE', #1415 ) ;
#29 = AXIS2_PLACEMENT_3D ( 'NONE', #989, #147, #1718 ) ;
#30 = CARTESIAN_POINT ( 'NONE',  ( 70.50000000000000000, 18.00000000000000000, 22.00000000000000000 ) ) ;
#31 = LINE ( 'NONE', #847, #1075 ) ;
#32 = EDGE_CURVE ( 'NONE', #720, #2150, #1402, .T. ) ;
#33 = FACE_OUTER_BOUND ( 'NONE', #1198, .T. ) ;
#34 = CARTESIAN_POINT ( 'NONE',  ( 77.00000000000000000, 0.000000000000000000, 0.000000000000000000 ) ) ;
#35 = DIRECTION ( 'NONE',  ( 0.000000000000000000, 0.000000000000000000, -1.000000000000000000 ) ) ;
#36 = APPROVAL_ROLE ( '' ) ;
#37 = EDGE_LOOP ( 'NONE', ( #1983, #645, #1100, #1008 ) ) ;
#38 = AXIS2_PLACEMENT_3D ( 'NONE', #757, #1763, #447 ) ;
#39 = ORIENTED_EDGE ( 'NONE', *, *, #830, .F. ) ;
#40 = DIRECTION ( 'NONE',  ( 0.000000000000000000, 0.000000000000000000, 1.000000000000000000 ) ) ;
#41 = CC_DESIGN_APPROVAL ( #145, ( #730 ) ) ;
#42 = CARTESIAN_POINT ( 'NONE',  ( 9.500000000000001776, 54.00000000000000000, 2.000000000000000000 ) ) ;
#43 = VERTEX_POINT ( 'NONE', #751 ) ;
#44 = CARTESIAN_POINT ( 'NONE',  ( 70.50000000000000000, 18.00000000000000000, 5.000000000000000000 ) ) ;
#45 = LINE ( 'NONE', #883, #187 ) ;
#46 = DIRECTION ( 'NONE',  ( -1.000000000000000000, 0.000000000000000000, 0.000000000000000000 ) ) ;
#47 = COORDINATED_UNIVERSAL_TIME_OFFSET ( 8, 0, .AHEAD. ) ;
#48 = PRODUCT_DEFINITION_SHAPE ( 'NONE', 'NONE',  #1364 ) ;
#49 = ORGANIZATION ( 'NAUO-ORG1', 'UNSPECIFIED', 'UNSPECIFIED' ) ;
#50 = VERTEX_POINT ( 'NONE', #1241 ) ;
#51 = DIRECTION ( 'NONE',  ( 1.000000000000000000, 0.000000000000000000, 0.000000000000000000 ) ) ;
#52 = DIRECTION ( 'NONE',  ( -0.000000000000000000, 1.000000000000000000, 0.000000000000000000 ) ) ;
#53 = LINE ( 'NONE', #1780, #1831 ) ;
#54 = DIRECTION ( 'NONE',  ( 0.000000000000000000, 0.000000000000000000, 1.000000000000000000 ) ) ;
#55 = EDGE_LOOP ( 'NONE', ( #2209, #285, #879, #398 ) ) ;
#56 = DIRECTION ( 'NONE',  ( -0.000000000000000000, -0.000000000000000000, 1.000000000000000000 ) ) ;
#57 = APPROVAL_ROLE ( '' ) ;
#58 = EDGE_CURVE ( 'NONE', #978, #942, #1580, .T. ) ;
#59 = EDGE_LOOP ( 'NONE', ( #997, #1077, #320, #1185 ) ) ;
#60 = CYLINDRICAL_SURFACE ( 'NONE', #1584, 3.000000000000002665 ) ;
#61 = CARTESIAN_POINT ( 'NONE',  ( 6.500000000000000000, 54.00000000000000000, 5.000000000000000000 ) ) ;
#62 = VECTOR ( 'NONE', #279, 1000.000000000000000 ) ;
#63 = DIRECTION ( 'NONE',  ( 0.000000000000000000, -0.000000000000000000, -1.000000000000000000 ) ) ;
#64 = AXIS2_PLACEMENT_3D ( 'NONE', #2069, #1748, #1021 ) ;
#65 = ORIENTED_EDGE ( 'NONE', *, *, #971, .T. ) ;
#66 = DIRECTION ( 'NONE',  ( 1.000000000000000000, 0.000000000000000000, 0.000000000000000000 ) ) ;
#67 = PRODUCT_DEFINITION_SHAPE ( 'NONE', 'NONE',  #2134 ) ;
#68 = DIRECTION ( 'NONE',  ( -1.000000000000000000, 0.000000000000000000, 0.000000000000000000 ) ) ;
#69 = ORIENTED_EDGE ( 'NONE', *, *, #1493, .T. ) ;
#70 = DIRECTION ( 'NONE',  ( 0.000000000000000000, -1.000000000000000000, 0.000000000000000000 ) ) ;
#71 = PERSON_AND_ORGANIZATION_ROLE ( 'classification_officer' ) ;
#72 = EDGE_LOOP ( 'NONE', ( #272, #317 ) ) ;
#73 = VECTOR ( 'NONE', #1560, 1000.000000000000000 ) ;
#74 = EDGE_CURVE ( 'NONE', #1327, #1322, #1732, .T. ) ;
#75 = DIRECTION ( 'NONE',  ( 0.000000000000000000, 0.000000000000000000, 1.000000000000000000 ) ) ;
#76 = DIRECTION ( 'NONE',  ( -1.000000000000000000, -0.000000000000000000, -0.000000000000000000 ) ) ;
#77 = CC_DESIGN_DATE_AND_TIME_ASSIGNMENT ( #916, #1607, ( #1364 ) ) ;
#78 = DIRECTION ( 'NONE',  ( -0.000000000000000000, -0.000000000000000000, 1.000000000000000000 ) ) ;
#79 = AXIS2_PLACEMENT_3D ( 'NONE', #804, #1326, #640 ) ;
#80 = LINE ( 'NONE', #2173, #62 ) ;
#81 = SECURITY_CLASSIFICATION ( '', '', #2148 ) ;
#82 = FACE_OUTER_BOUND ( 'NONE', #1959, .T. ) ;
#83 = PRODUCT_RELATED_PRODUCT_CATEGORY ( 'detail', '', ( #251 ) ) ;
#84 = ORIENTED_EDGE ( 'NONE', *, *, #917, .T. ) ;
#85 = FACE_BOUND ( 'NONE', #1969, .T. ) ;
#86 = AXIS2_PLACEMENT_3D ( 'NONE', #1781, #1135, #1638 ) ;
#87 = CALENDAR_DATE ( 2026, 13, 9 ) ;
#88 = ORIENTED_EDGE ( 'NONE', *, *, #956, .T. ) ;
#89 = DIRECTION ( 'NONE',  ( 1.000000000000000000, 0.000000000000000000, 0.000000000000000000 ) ) ;
#90 = DIRECTION ( 'NONE',  ( 0.000000000000000000, 0.000000000000000000, -1.000000000000000000 ) ) ;
#91 = CARTESIAN_POINT ( 'NONE',  ( 62.50000000000000000, 35.00000000000000000, 2.000000000000000000 ) ) ;
#92 = PLANE ( 'NONE',  #819 ) ;
#93 = DIRECTION ( 'NONE',  ( 0.000000000000000000, 0.000000000000000000, 1.000000000000000000 ) ) ;
#94 = EDGE_CURVE ( 'NONE', #1709, #1756, #1206, .T. ) ;
#95 = ORIENTED_EDGE ( 'NONE', *, *, #2035, .T. ) ;
#96 = DIRECTION ( 'NONE',  ( 1.000000000000000000, -0.000000000000000000, 0.000000000000000000 ) ) ;
#97 = EDGE_CURVE ( 'NONE', #197, #231, #1761, .T. ) ;
#98 = MECHANICAL_CONTEXT ( 'NONE', #1629, 'mechanical' ) ;
#99 = ADVANCED_FACE ( 'NONE', ( #762 ), #1074, .F. ) ;
#100 = ORIENTED_EDGE ( 'NONE', *, *, #1352, .T. ) ;
#101 = ORIENTED_EDGE ( 'NONE', *, *, #1285, .T. ) ;
#102 = VERTEX_POINT ( 'NONE', #1593 ) ;
#103 = LINE ( 'NONE', #407, #493 ) ;
#104 = DIRECTION ( 'NONE',  ( -1.000000000000000000, 0.000000000000000000, 0.000000000000000000 ) ) ;
#105 = DIRECTION ( 'NONE',  ( 1.000000000000000000, 0.000000000000000000, 0.000000000000000000 ) ) ;
#106 = EDGE_CURVE ( 'NONE', #1872, #1524, #1925, .T. ) ;
#107 = CARTESIAN_POINT ( 'NONE',  ( 75.00000000000000000, 2.000000000000000000, 2.000000000000001776 ) ) ;
#108 = VECTOR ( 'NONE', #236, 1000.000000000000000 ) ;
#109 = DIRECTION ( 'NONE',  ( 1.000000000000000000, 0.000000000000000000, 0.000000000000000000 ) ) ;
#110 = SHAPE_DEFINITION_REPRESENTATION ( #48, #152 ) ;
#111 = ORIENTED_EDGE ( 'NONE', *, *, #741, .T. ) ;
#112 = AXIS2_PLACEMENT_3D ( 'NONE', #537, #35, #1042 ) ;
#113 = EDGE_LOOP ( 'NONE', ( #712, #1350, #1814, #1465 ) ) ;
#114 = CARTESIAN_POINT ( 'NONE',  ( 70.50000000000000000, 18.00000000000000000, 22.00000000000000000 ) ) ;
#115 = CARTESIAN_POINT ( 'NONE',  ( 70.50000000000000000, 35.00000000000000000, 0.000000000000000000 ) ) ;
#116 = CARTESIAN_POINT ( 'NONE',  ( 5.150000000000000355, 18.00000000000000000, 2.000000000000000000 ) ) ;
#117 = EDGE_LOOP ( 'NONE', ( #1337, #1921 ) ) ;
#118 = CIRCLE ( 'NONE', #1904, 1.100000000000000311 ) ;
#119 = CARTESIAN_POINT ( 'NONE',  ( 77.00000000000000000, 0.000000000000000000, 22.00000000000000000 ) ) ;
#120 = COORDINATED_UNIVERSAL_TIME_OFFSET ( 8, 0, .AHEAD. ) ;
#121 = ORIENTED_EDGE ( 'NONE', *, *, #1861, .T. ) ;
#122 = AXIS2_PLACEMENT_3D ( 'NONE', #711, #1598, #354 ) ;
#123 = VERTEX_POINT ( 'NONE', #1426 ) ;
#124 = CARTESIAN_POINT ( 'NONE',  ( 70.50000000000000000, 54.00000000000000000, 0.000000000000000000 ) ) ;
#125 = AXIS2_PLACEMENT_3D ( 'NONE', #192, #714, #547 ) ;
#126 = LINE ( 'NONE', #2028, #1503 ) ;
#127 = CARTESIAN_POINT ( 'NONE',  ( 50.50000000000000000, 57.00000000000000000, 2.000000000000000000 ) ) ;
#128 = ORIENTED_EDGE ( 'NONE', *, *, #731, .F. ) ;
#129 = DIRECTION ( 'NONE',  ( -1.000000000000000000, -0.000000000000000000, -0.000000000000000000 ) ) ;
#130 = PERSON_AND_ORGANIZATION_ROLE ( 'classification_officer' ) ;
#131 = ORIENTED_EDGE ( 'NONE', *, *, #956, .F. ) ;
#132 = ADVANCED_FACE ( 'NONE', ( #2110, #583 ), #1252, .T. ) ;
#133 = ORIENTED_EDGE ( 'NONE', *, *, #511, .F. ) ;
#134 = DIRECTION ( 'NONE',  ( -1.000000000000000000, 0.000000000000000000, 0.000000000000000000 ) ) ;
#135 = DIRECTION ( 'NONE',  ( -1.000000000000000000, 0.000000000000000000, 0.000000000000000000 ) ) ;
#136 = ORIENTED_EDGE ( 'NONE', *, *, #2056, .T. ) ;
#137 = CARTESIAN_POINT ( 'NONE',  ( 0.000000000000000000, 0.000000000000000000, 2.000000000000000000 ) ) ;
#138 = EDGE_CURVE ( 'NONE', #284, #2150, #1838, .T. ) ;
#139 = CIRCLE ( 'NONE', #791, 1.099999999999999423 ) ;
#140 = VECTOR ( 'NONE', #2009, 1000.000000000000000 ) ;
#141 = EDGE_LOOP ( 'NONE', ( #128, #88, #1924, #829 ) ) ;
#142 = EDGE_LOOP ( 'NONE', ( #2198, #1469, #342, #65 ) ) ;
#143 = ORIENTED_EDGE ( 'NONE', *, *, #482, .T. ) ;
#144 = DIRECTION ( 'NONE',  ( -0.000000000000000000, -1.000000000000000000, -0.000000000000000000 ) ) ;
#145 = APPROVAL ( #196, 'æœª' ) ;
#146 = DIRECTION ( 'NONE',  ( 1.000000000000000000, 0.000000000000000000, 0.000000000000000000 ) ) ;
#147 = DIRECTION ( 'NONE',  ( -0.000000000000000000, 1.000000000000000000, 0.000000000000000000 ) ) ;
#148 = CONTEXT_DEPENDENT_SHAPE_REPRESENTATION ( #761, #2090 ) ;
#149 = AXIS2_PLACEMENT_3D ( 'NONE', #2142, #104, #614 ) ;
#150 = EDGE_LOOP ( 'NONE', ( #512, #1045, #1823, #1319 ) ) ;
#151 = CC_DESIGN_APPROVAL ( #487, ( #1433 ) ) ;
#152 = SHAPE_REPRESENTATION ( 'TX_Base', ( #1543 ), #1253 ) ;
#153 = ORIENTED_EDGE ( 'NONE', *, *, #1847, .F. ) ;
#154 = VECTOR ( 'NONE', #1602, 1000.000000000000000 ) ;
#155 = DIRECTION ( 'NONE',  ( 0.000000000000000000, 0.000000000000000000, 1.000000000000000000 ) ) ;
#156 = DIRECTION ( 'NONE',  ( -0.000000000000000000, -0.000000000000000000, -1.000000000000000000 ) ) ;
#157 = AXIS2_PLACEMENT_3D ( 'NONE', #1910, #1744, #536 ) ;
#158 = SECURITY_CLASSIFICATION ( '', '', #806 ) ;
#159 = LINE ( 'NONE', #1026, #1171 ) ;
#160 = ITEM_DEFINED_TRANSFORMATION ( 'NONE', 'NONE', #1725,  #1543 ) ;
#161 = ORIENTED_EDGE ( 'NONE', *, *, #1187, .F. ) ;
#162 = EDGE_CURVE ( 'NONE', #123, #1709, #1053, .T. ) ;
#163 = DIRECTION ( 'NONE',  ( 1.000000000000000000, 0.000000000000000000, 0.000000000000000000 ) ) ;
#164 = EDGE_LOOP ( 'NONE', ( #1163, #682, #2106, #1429 ) ) ;
#165 = DIRECTION ( 'NONE',  ( 1.000000000000000000, 0.000000000000000000, 0.000000000000000000 ) ) ;
#166 = FACE_OUTER_BOUND ( 'NONE', #1654, .T. ) ;
#167 = EDGE_CURVE ( 'NONE', #1383, #1747, #26, .T. ) ;
#168 = DIRECTION ( 'NONE',  ( 0.000000000000000000, 0.000000000000000000, -1.000000000000000000 ) ) ;
#169 = ORIENTED_EDGE ( 'NONE', *, *, #1362, .F. ) ;
#170 = CIRCLE ( 'NONE', #1964, 1.350000000000004086 ) ;
#171 = APPROVAL ( #1784, 'æœª' ) ;
#172 = PERSON_AND_ORGANIZATION_ROLE ( 'design_owner' ) ;
#173 = CIRCLE ( 'NONE', #291, 1.100000000000003642 ) ;
#174 = EDGE_LOOP ( 'NONE', ( #517, #778 ) ) ;
#175 = EDGE_CURVE ( 'NONE', #1634, #371, #1125, .T. ) ;
#176 = DIRECTION ( 'NONE',  ( 0.000000000000000000, 0.000000000000000000, -1.000000000000000000 ) ) ;
#177 = FACE_OUTER_BOUND ( 'NONE', #901, .T. ) ;
#178 = LINE ( 'NONE', #1202, #271 ) ;
#179 = DIRECTION ( 'NONE',  ( 0.000000000000000000, -1.000000000000000000, 0.000000000000000000 ) ) ;
#180 = DIRECTION ( 'NONE',  ( 0.000000000000000000, 0.000000000000000000, -1.000000000000000000 ) ) ;
#181 = ORIENTED_EDGE ( 'NONE', *, *, #569, .F. ) ;
#182 = AXIS2_PLACEMENT_3D ( 'NONE', #423, #1259, #951 ) ;
#183 =( NAMED_UNIT ( * ) SI_UNIT ( $, .STERADIAN. ) SOLID_ANGLE_UNIT ( ) );
#184 = EDGE_LOOP ( 'NONE', ( #665, #785, #876, #253 ) ) ;
#185 = LOCAL_TIME ( 2, 20, 7.000000000000000000, #27 ) ;
#186 = CARTESIAN_POINT ( 'NONE',  ( 39.50000000000000000, 15.90000000000000036, 2.000000000000000000 ) ) ;
#187 = VECTOR ( 'NONE', #180, 1000.000000000000000 ) ;
#188 = ADVANCED_FACE ( 'NONE', ( #254 ), #2147, .T. ) ;
#189 = FACE_OUTER_BOUND ( 'NONE', #541, .T. ) ;
#190 = CARTESIAN_POINT ( 'NONE',  ( 14.50000000000000000, 55.50000000000000000, 2.000000000000000000 ) ) ;
#191 = CARTESIAN_POINT ( 'NONE',  ( 73.50000000000000000, 18.00000000000000000, 5.000000000000000000 ) ) ;
#192 = CARTESIAN_POINT ( 'NONE',  ( 0.000000000000000000, 61.00000000000000000, 2.000000000000000000 ) ) ;
#193 = VECTOR ( 'NONE', #1142, 1000.000000000000000 ) ;
#194 = DIRECTION ( 'NONE',  ( 1.000000000000000000, 0.000000000000000000, 0.000000000000000000 ) ) ;
#195 = CC_DESIGN_APPROVAL ( #844, ( #905 ) ) ;
#196 = APPROVAL_STATUS ( 'not_yet_approved' ) ;
#197 = VERTEX_POINT ( 'NONE', #1808 ) ;
#198 = EDGE_CURVE ( 'NONE', #375, #1105, #967, .T. ) ;
#199 = LINE ( 'NONE', #1376, #1714 ) ;
#200 = ORIENTED_EDGE ( 'NONE', *, *, #1839, .T. ) ;
#201 = DIRECTION ( 'NONE',  ( -0.000000000000000000, -0.000000000000000000, -1.000000000000000000 ) ) ;
#202 = EDGE_CURVE ( 'NONE', #1903, #43, #282, .T. ) ;
#203 = CARTESIAN_POINT ( 'NONE',  ( 69.14999999999999147, 18.00000000000000000, 0.000000000000000000 ) ) ;
#204 = CARTESIAN_POINT ( 'NONE',  ( 9.500000000000001776, 54.00000000000000000, 5.000000000000000000 ) ) ;
#205 = EDGE_LOOP ( 'NONE', ( #2027, #2125, #988, #1595 ) ) ;
#206 = CARTESIAN_POINT ( 'NONE',  ( 75.00000000000000000, 2.000000000000000000, 22.00000000000000000 ) ) ;
#207 = APPROVAL_ROLE ( '' ) ;
#208 = ORIENTED_EDGE ( 'NONE', *, *, #489, .F. ) ;
#209 = CIRCLE ( 'NONE', #1533, 1.349999999999999645 ) ;
#210 = EDGE_LOOP ( 'NONE', ( #1939, #153, #1785, #845 ) ) ;
#211 = DIRECTION ( 'NONE',  ( 1.000000000000000000, 0.000000000000000000, 0.000000000000000000 ) ) ;
#212 = VERTEX_POINT ( 'NONE', #1466 ) ;
#213 = DIRECTION ( 'NONE',  ( -0.000000000000000000, -0.000000000000000000, -1.000000000000000000 ) ) ;
#214 = EDGE_CURVE ( 'NONE', #197, #788, #441, .T. ) ;
#215 = DIRECTION ( 'NONE',  ( -0.000000000000000000, -0.000000000000000000, 1.000000000000000000 ) ) ;
#216 = FACE_OUTER_BOUND ( 'NONE', #1813, .T. ) ;
#217 = CLOSED_SHELL ( 'NONE', ( #1523, #1048, #1527, #1572, #1403, #1597, #1122, #1996, #188, #1789, #1209, #646, #667, #884, #2045, #1060, #1665, #1418, #869, #799, #545, #1437, #263, #1918, #132, #1454, #1351, #1826, #443, #1190, #99 ) ) ;
#218 = FACE_OUTER_BOUND ( 'NONE', #696, .T. ) ;
#219 = DATE_AND_TIME ( #584, #1113 ) ;
#220 = ORIENTED_EDGE ( 'NONE', *, *, #1268, .T. ) ;
#221 = AXIS2_PLACEMENT_3D ( 'NONE', #91, #1636, #1788 ) ;
#222 = DIRECTION ( 'NONE',  ( -1.000000000000000000, -0.000000000000000000, -0.000000000000000000 ) ) ;
#223 = CARTESIAN_POINT ( 'NONE',  ( 39.50000000000000000, 4.900000000000000355, 2.000000000000000000 ) ) ;
#224 = EDGE_LOOP ( 'NONE', ( #2152, #1131, #1096, #1269 ) ) ;
#225 = DIRECTION ( 'NONE',  ( 0.000000000000000000, -1.000000000000000000, 0.000000000000000000 ) ) ;
#226 = EDGE_CURVE ( 'NONE', #1139, #28, #1479, .T. ) ;
#227 = DIRECTION ( 'NONE',  ( 0.000000000000000000, 0.000000000000000000, 1.000000000000000000 ) ) ;
#228 = CARTESIAN_POINT ( 'NONE',  ( 6.500000000000000000, 18.00000000000000000, 2.000000000000000000 ) ) ;
#229 = SECURITY_CLASSIFICATION_LEVEL ( 'unclassified' ) ;
#230 = CIRCLE ( 'NONE', #1658, 1.350000000000004086 ) ;
#231 = VERTEX_POINT ( 'NONE', #2162 ) ;
#232 = DIRECTION ( 'NONE',  ( 1.000000000000000000, 0.000000000000000000, -0.000000000000000000 ) ) ;
#233 = LINE ( 'NONE', #1091, #1222 ) ;
#234 = CARTESIAN_POINT ( 'NONE',  ( 50.50000000000000000, 57.00000000000000000, 0.000000000000000000 ) ) ;
#235 = ORIENTED_EDGE ( 'NONE', *, *, #767, .T. ) ;
#236 = DIRECTION ( 'NONE',  ( 0.000000000000000000, 1.000000000000000000, 0.000000000000000000 ) ) ;
#237 = FACE_OUTER_BOUND ( 'NONE', #59, .T. ) ;
#238 = ADVANCED_FACE ( 'NONE', ( #292 ), #629, .T. ) ;
#239 = ORIENTED_EDGE ( 'NONE', *, *, #264, .F. ) ;
#240 = FACE_BOUND ( 'NONE', #838, .T. ) ;
#241 = COORDINATED_UNIVERSAL_TIME_OFFSET ( 8, 0, .AHEAD. ) ;
#242 = ORIENTED_EDGE ( 'NONE', *, *, #1771, .T. ) ;
#243 = EDGE_CURVE ( 'NONE', #1111, #1859, #1147, .T. ) ;
#244 = EDGE_CURVE ( 'NONE', #318, #284, #774, .T. ) ;
#245 = CARTESIAN_POINT ( 'NONE',  ( 70.50000000000000000, 18.00000000000000000, 0.000000000000000000 ) ) ;
#246 = CARTESIAN_POINT ( 'NONE',  ( 70.50000000000000000, 54.00000000000000000, 0.000000000000000000 ) ) ;
#247 = AXIS2_PLACEMENT_3D ( 'NONE', #882, #215, #412 ) ;
#248 = CARTESIAN_POINT ( 'NONE',  ( 69.39999999999999147, 54.00000000000000000, 22.00000000000000000 ) ) ;
#249 = VECTOR ( 'NONE', #1952, 1000.000000000000000 ) ;
#250 = CARTESIAN_POINT ( 'NONE',  ( 70.50000000000000000, 18.00000000000000000, 2.000000000000000000 ) ) ;
#251 = PRODUCT ( 'TX_Base', 'TX_Base', '', ( #98 ) ) ;
#252 = DIRECTION ( 'NONE',  ( 0.000000000000000000, 1.000000000000000000, 0.000000000000000000 ) ) ;
#253 = ORIENTED_EDGE ( 'NONE', *, *, #1014, .F. ) ;
#254 = FACE_OUTER_BOUND ( 'NONE', #577, .T. ) ;
#255 = COORDINATED_UNIVERSAL_TIME_OFFSET ( 8, 0, .AHEAD. ) ;
#256 = ORIENTED_EDGE ( 'NONE', *, *, #991, .F. ) ;
#257 = PLANE ( 'NONE',  #1308 ) ;
#258 = DIRECTION ( 'NONE',  ( 0.000000000000000000, 0.000000000000000000, 1.000000000000000000 ) ) ;
#259 = FACE_OUTER_BOUND ( 'NONE', #142, .T. ) ;
#260 = VECTOR ( 'NONE', #2191, 1000.000000000000000 ) ;
#261 = CARTESIAN_POINT ( 'NONE',  ( 5.399999999999999467, 18.00000000000000000, 22.00000000000000000 ) ) ;
#262 = APPROVAL_PERSON_ORGANIZATION ( #718, #1101, #57 ) ;
#263 = ADVANCED_FACE ( 'NONE', ( #85, #2135 ), #805, .T. ) ;
#264 = EDGE_CURVE ( 'NONE', #2036, #1273, #2175, .T. ) ;
#265 = PLANE ( 'NONE',  #590 ) ;
#266 = ORIENTED_EDGE ( 'NONE', *, *, #304, .T. ) ;
#267 = DIRECTION ( 'NONE',  ( 0.000000000000000000, 0.000000000000000000, -1.000000000000000000 ) ) ;
#268 = AXIS2_PLACEMENT_3D ( 'NONE', #1863, #995, #1173 ) ;
#269 = PERSON_AND_ORGANIZATION ( #385, #1332 ) ;
#270 = ORIENTED_EDGE ( 'NONE', *, *, #991, .T. ) ;
#271 = VECTOR ( 'NONE', #525, 1000.000000000000000 ) ;
#272 = ORIENTED_EDGE ( 'NONE', *, *, #502, .T. ) ;
#273 = EDGE_CURVE ( 'NONE', #970, #102, #659, .T. ) ;
#274 = EDGE_LOOP ( 'NONE', ( #2178, #1929, #1440, #2211 ) ) ;
#275 = EDGE_CURVE ( 'NONE', #50, #1383, #1956, .T. ) ;
#276 = ORIENTED_EDGE ( 'NONE', *, *, #1334, .T. ) ;
#277 = CARTESIAN_POINT ( 'NONE',  ( 67.50000000000000000, 4.900000000000000355, 2.000000000000000000 ) ) ;
#278 = DIRECTION ( 'NONE',  ( 0.000000000000000000, 0.000000000000000000, -1.000000000000000000 ) ) ;
#279 = DIRECTION ( 'NONE',  ( -0.000000000000000000, -0.000000000000000000, -1.000000000000000000 ) ) ;
#280 = CARTESIAN_POINT ( 'NONE',  ( 67.49999999999998579, 18.00000000000000000, 2.000000000000000000 ) ) ;
#281 = ORIENTED_EDGE ( 'NONE', *, *, #167, .T. ) ;
#282 = LINE ( 'NONE', #1617, #1955 ) ;
#283 = PERSON_AND_ORGANIZATION_ROLE ( 'creator' ) ;
#284 = VERTEX_POINT ( 'NONE', #1966 ) ;
#285 = ORIENTED_EDGE ( 'NONE', *, *, #807, .T. ) ;
#286 = CARTESIAN_POINT ( 'NONE',  ( 7.599999999999999645, 18.00000000000000000, 0.000000000000000000 ) ) ;
#287 =( NAMED_UNIT ( * ) PLANE_ANGLE_UNIT ( ) SI_UNIT ( $, .RADIAN. ) );
#288 = AXIS2_PLACEMENT_3D ( 'NONE', #1766, #1576, #1941 ) ;
#289 = CARTESIAN_POINT ( 'NONE',  ( 62.50000000000000000, 43.00000000000000000, 0.000000000000000000 ) ) ;
#290 = LINE ( 'NONE', #505, #1220 ) ;
#291 = AXIS2_PLACEMENT_3D ( 'NONE', #793, #1475, #462 ) ;
#292 = FACE_OUTER_BOUND ( 'NONE', #1834, .T. ) ;
#293 = DATE_TIME_ROLE ( 'classification_date' ) ;
#294 = ORIENTED_EDGE ( 'NONE', *, *, #917, .F. ) ;
#295 = VECTOR ( 'NONE', #1830, 1000.000000000000000 ) ;
#296 = ORIENTED_EDGE ( 'NONE', *, *, #1217, .F. ) ;
#297 = FACE_OUTER_BOUND ( 'NONE', #15, .T. ) ;
#298 = FACE_BOUND ( 'NONE', #1005, .T. ) ;
#299 = PLANE ( 'NONE',  #268 ) ;
#300 = EDGE_LOOP ( 'NONE', ( #519, #1937 ) ) ;
#301 = ORIENTED_EDGE ( 'NONE', *, *, #1897, .F. ) ;
#302 = CIRCLE ( 'NONE', #483, 1.100000000000000311 ) ;
#303 = DIRECTION ( 'NONE',  ( 1.000000000000000000, 0.000000000000000000, 0.000000000000000000 ) ) ;
#304 = EDGE_CURVE ( 'NONE', #1765, #758, #1631, .T. ) ;
#305 = APPROVAL_ROLE ( '' ) ;
#306 = EDGE_LOOP ( 'NONE', ( #745, #1170 ) ) ;
#307 = AXIS2_PLACEMENT_3D ( 'NONE', #1889, #605, #1277 ) ;
#308 = ORIENTED_EDGE ( 'NONE', *, *, #1685, .F. ) ;
#309 = CIRCLE ( 'NONE', #776, 1.350000000000004086 ) ;
#310 = APPROVAL_PERSON_ORGANIZATION ( #608, #1596, #1318 ) ;
#311 = CARTESIAN_POINT ( 'NONE',  ( 6.500000000000000000, 18.00000000000000000, 2.000000000000000000 ) ) ;
#312 = DIRECTION ( 'NONE',  ( 0.000000000000000000, 0.000000000000000000, -1.000000000000000000 ) ) ;
#313 = ORIENTED_EDGE ( 'NONE', *, *, #654, .F. ) ;
#314 = CARTESIAN_POINT ( 'NONE',  ( 77.00000000000000000, 61.00000000000000000, 22.00000000000000000 ) ) ;
#315 = SECURITY_CLASSIFICATION_LEVEL ( 'unclassified' ) ;
#316 = EDGE_CURVE ( 'NONE', #1029, #582, #209, .T. ) ;
#317 = ORIENTED_EDGE ( 'NONE', *, *, #138, .T. ) ;
#318 = VERTEX_POINT ( 'NONE', #593 ) ;
#319 = CC_DESIGN_DATE_AND_TIME_ASSIGNMENT ( #1417, #2100, ( #1433 ) ) ;
#320 = ORIENTED_EDGE ( 'NONE', *, *, #1349, .T. ) ;
#321 = EDGE_CURVE ( 'NONE', #657, #396, #1679, .T. ) ;
#322 = DIRECTION ( 'NONE',  ( 1.000000000000000000, 0.000000000000000000, 0.000000000000000000 ) ) ;
#323 = LINE ( 'NONE', #2029, #2199 ) ;
#324 = CARTESIAN_POINT ( 'NONE',  ( 9.500000000000000000, 18.00000000000000000, 2.000000000000000000 ) ) ;
#325 = CIRCLE ( 'NONE', #358, 1.099999999999999423 ) ;
#326 = ADVANCED_FACE ( 'NONE', ( #1979 ), #1820, .T. ) ;
#327 = EDGE_LOOP ( 'NONE', ( #1571, #1312, #1703, #468 ) ) ;
#328 = DIRECTION ( 'NONE',  ( 0.000000000000000000, 0.000000000000000000, 1.000000000000000000 ) ) ;
#329 = ORIENTED_EDGE ( 'NONE', *, *, #830, .T. ) ;
#330 = ORIENTED_EDGE ( 'NONE', *, *, #275, .F. ) ;
#331 = EDGE_CURVE ( 'NONE', #622, #1071, #159, .T. ) ;
#332 = CARTESIAN_POINT ( 'NONE',  ( 39.50000000000000000, 4.900000000000000355, 0.000000000000000000 ) ) ;
#333 = DIRECTION ( 'NONE',  ( 0.000000000000000000, 0.000000000000000000, -1.000000000000000000 ) ) ;
#334 = EDGE_CURVE ( 'NONE', #1865, #1331, #1320, .T. ) ;
#335 = ADVANCED_FACE ( 'NONE', ( #842 ), #347, .F. ) ;
#336 = DIRECTION ( 'NONE',  ( 0.000000000000000000, 0.000000000000000000, -1.000000000000000000 ) ) ;
#337 = VECTOR ( 'NONE', #278, 1000.000000000000000 ) ;
#338 = EDGE_LOOP ( 'NONE', ( #360, #811, #641, #1722 ) ) ;
#339 = LOCAL_TIME ( 2, 20, 7.000000000000000000, #255 ) ;
#340 = CARTESIAN_POINT ( 'NONE',  ( 0.000000000000000000, 0.000000000000000000, 0.000000000000000000 ) ) ;
#341 = ORIENTED_EDGE ( 'NONE', *, *, #214, .F. ) ;
#342 = ORIENTED_EDGE ( 'NONE', *, *, #226, .T. ) ;
#343 = EDGE_CURVE ( 'NONE', #500, #1972, #2214, .T. ) ;
#344 = CARTESIAN_POINT ( 'NONE',  ( 70.50000000000000000, 18.00000000000000000, 2.000000000000000000 ) ) ;
#345 = FACE_OUTER_BOUND ( 'NONE', #773, .T. ) ;
#346 = SECURITY_CLASSIFICATION ( '', '', #315 ) ;
#347 = CYLINDRICAL_SURFACE ( 'NONE', #716, 1.349999999999998757 ) ;
#348 = PERSON_AND_ORGANIZATION_ROLE ( 'classification_officer' ) ;
#349 = EDGE_CURVE ( 'NONE', #123, #371, #1537, .T. ) ;
#350 = ORIENTED_EDGE ( 'NONE', *, *, #726, .F. ) ;
#351 = VERTEX_POINT ( 'NONE', #1357 ) ;
#352 = CARTESIAN_POINT ( 'NONE',  ( 77.00000000000000000, 0.000000000000000000, 2.000000000000000000 ) ) ;
#353 = DIRECTION ( 'NONE',  ( 0.000000000000000000, 1.000000000000000000, 0.000000000000000000 ) ) ;
#354 = DIRECTION ( 'NONE',  ( 1.000000000000000000, 0.000000000000000000, 0.000000000000000000 ) ) ;
#355 = FACE_OUTER_BOUND ( 'NONE', #1196, .T. ) ;
#356 = FACE_OUTER_BOUND ( 'NONE', #1356, .T. ) ;
#357 = EDGE_LOOP ( 'NONE', ( #981, #653 ) ) ;
#358 = AXIS2_PLACEMENT_3D ( 'NONE', #759, #2132, #66 ) ;
#359 = APPROVAL_STATUS ( 'not_yet_approved' ) ;
#360 = ORIENTED_EDGE ( 'NONE', *, *, #1958, .F. ) ;
#361 = CARTESIAN_POINT ( 'NONE',  ( 71.59999999999999432, 54.00000000000000000, 22.00000000000000000 ) ) ;
#362 = DIRECTION ( 'NONE',  ( 0.000000000000000000, 0.000000000000000000, -1.000000000000000000 ) ) ;
#363 = LINE ( 'NONE', #1887, #1775 ) ;
#364 = EDGE_LOOP ( 'NONE', ( #1711, #800 ) ) ;
#365 = DIRECTION ( 'NONE',  ( 0.000000000000000000, 0.000000000000000000, -1.000000000000000000 ) ) ;
#366 = DIRECTION ( 'NONE',  ( 0.000000000000000000, -1.000000000000000000, 0.000000000000000000 ) ) ;
#367 = ADVANCED_FACE ( 'NONE', ( #1686 ), #515, .T. ) ;
#368 = FACE_OUTER_BOUND ( 'NONE', #1874, .T. ) ;
#369 = VECTOR ( 'NONE', #353, 1000.000000000000000 ) ;
#370 = PERSON_AND_ORGANIZATION_ROLE ( 'creator' ) ;
#371 = VERTEX_POINT ( 'NONE', #2205 ) ;
#372 = CC_DESIGN_APPROVAL ( #549, ( #2134 ) ) ;
#373 = CARTESIAN_POINT ( 'NONE',  ( 67.50000000000000000, 4.900000000000000355, 0.000000000000000000 ) ) ;
#374 = AXIS2_PLACEMENT_3D ( 'NONE', #1451, #2159, #1954 ) ;
#375 = VERTEX_POINT ( 'NONE', #1174 ) ;
#376 = DIRECTION ( 'NONE',  ( -0.000000000000000000, -0.000000000000000000, -1.000000000000000000 ) ) ;
#377 = CARTESIAN_POINT ( 'NONE',  ( 62.50000000000000000, 35.00000000000000000, 0.000000000000000000 ) ) ;
#378 = CARTESIAN_POINT ( 'NONE',  ( 62.50000000000000000, 43.00000000000000000, 2.000000000000000000 ) ) ;
#379 = DIRECTION ( 'NONE',  ( 0.000000000000000000, -0.000000000000000000, -1.000000000000000000 ) ) ;
#380 = DIRECTION ( 'NONE',  ( 1.000000000000000000, 0.000000000000000000, 0.000000000000000000 ) ) ;
#381 = DATE_AND_TIME ( #2089, #185 ) ;
#382 = ORIENTED_EDGE ( 'NONE', *, *, #511, .T. ) ;
#383 = CC_DESIGN_PERSON_AND_ORGANIZATION_ASSIGNMENT ( #1993, #283, ( #634 ) ) ;
#384 = LINE ( 'NONE', #1235, #1893 ) ;
#385 = PERSON ( 'æœª', 'æœª', 'æœª', ('æœª'), ('æœª'), ('æœª') ) ;
#386 = CARTESIAN_POINT ( 'NONE',  ( 24.50000000000000000, 50.50000000000000000, 2.000000000000000000 ) ) ;
#387 = ORIENTED_EDGE ( 'NONE', *, *, #1025, .T. ) ;
#388 = DIRECTION ( 'NONE',  ( 0.000000000000000000, 0.000000000000000000, 1.000000000000000000 ) ) ;
#389 = LINE ( 'NONE', #1568, #1084 ) ;
#390 = CARTESIAN_POINT ( 'NONE',  ( 58.50000000000000000, 57.00000000000000000, 2.000000000000000000 ) ) ;
#391 = APPROVAL_STATUS ( 'not_yet_approved' ) ;
#392 = ORIENTED_EDGE ( 'NONE', *, *, #813, .F. ) ;
#393 = VECTOR ( 'NONE', #912, 1000.000000000000000 ) ;
#394 = EDGE_CURVE ( 'NONE', #529, #1765, #1676, .T. ) ;
#395 = LINE ( 'NONE', #1223, #573 ) ;
#396 = VERTEX_POINT ( 'NONE', #1878 ) ;
#397 = DIRECTION ( 'NONE',  ( 1.000000000000000000, 0.000000000000000000, 0.000000000000000000 ) ) ;
#398 = ORIENTED_EDGE ( 'NONE', *, *, #1552, .T. ) ;
#399 = DIRECTION ( 'NONE',  ( -0.000000000000000000, -0.000000000000000000, -1.000000000000000000 ) ) ;
#400 = FACE_OUTER_BOUND ( 'NONE', #1669, .T. ) ;
#401 = AXIS2_PLACEMENT_3D ( 'NONE', #897, #1442, #2088 ) ;
#402 = EDGE_CURVE ( 'NONE', #530, #452, #170, .T. ) ;
#403 = CARTESIAN_POINT ( 'NONE',  ( 0.000000000000000000, 61.00000000000000000, 0.000000000000000000 ) ) ;
#404 = APPROVAL_DATE_TIME ( #1243, #1101 ) ;
#405 = ORIENTED_EDGE ( 'NONE', *, *, #1590, .F. ) ;
#406 = CIRCLE ( 'NONE', #550, 1.100000000000003642 ) ;
#407 = CARTESIAN_POINT ( 'NONE',  ( 39.50000000000000000, 15.90000000000000036, 0.000000000000000000 ) ) ;
#408 = CARTESIAN_POINT ( 'NONE',  ( 39.50000000000000000, 15.90000000000000036, 2.000000000000000000 ) ) ;
#409 = EDGE_CURVE ( 'NONE', #599, #415, #1707, .T. ) ;
#410 = AXIS2_PLACEMENT_3D ( 'NONE', #61, #258, #1599 ) ;
#411 = ORIENTED_EDGE ( 'NONE', *, *, #1463, .T. ) ;
#412 = DIRECTION ( 'NONE',  ( -1.000000000000000000, 0.000000000000000000, 0.000000000000000000 ) ) ;
#413 = PLANE ( 'NONE',  #1621 ) ;
#414 = ADVANCED_FACE ( 'NONE', ( #825 ), #691, .T. ) ;
#415 = VERTEX_POINT ( 'NONE', #2049 ) ;
#416 = CARTESIAN_POINT ( 'NONE',  ( 6.500000000000000000, 54.00000000000000000, 0.000000000000000000 ) ) ;
#417 = CALENDAR_DATE ( 2026, 13, 9 ) ;
#418 = EDGE_CURVE ( 'NONE', #1609, #1511, #1517, .T. ) ;
#419 = AXIS2_PLACEMENT_3D ( 'NONE', #1923, #1073, #379 ) ;
#420 = ORIENTED_EDGE ( 'NONE', *, *, #97, .T. ) ;
#421 = CARTESIAN_POINT ( 'NONE',  ( 58.50000000000000000, 50.50000000000000000, 2.000000000000000000 ) ) ;
#422 = DIRECTION ( 'NONE',  ( 0.000000000000000000, 0.000000000000000000, 1.000000000000000000 ) ) ;
#423 = CARTESIAN_POINT ( 'NONE',  ( 70.50000000000000000, 54.00000000000000000, 5.000000000000000888 ) ) ;
#424 = CARTESIAN_POINT ( 'NONE',  ( 0.000000000000000000, 0.000000000000000000, 2.000000000000000000 ) ) ;
#425 = CARTESIAN_POINT ( 'NONE',  ( 3.499999999999998668, 54.00000000000000000, 5.000000000000000000 ) ) ;
#426 = CARTESIAN_POINT ( 'NONE',  ( 6.500000000000000000, 54.00000000000000000, 0.000000000000000000 ) ) ;
#427 = PERSON_AND_ORGANIZATION ( #385, #1332 ) ;
#428 = ORIENTED_EDGE ( 'NONE', *, *, #1915, .T. ) ;
#429 = ORIENTED_EDGE ( 'NONE', *, *, #1463, .F. ) ;
#430 = EDGE_CURVE ( 'NONE', #1470, #2041, #1167, .T. ) ;
#431 = ADVANCED_FACE ( 'NONE', ( #355 ), #1338, .T. ) ;
#432 = CARTESIAN_POINT ( 'NONE',  ( 0.000000000000000000, 0.000000000000000000, 0.000000000000000000 ) ) ;
#433 = CARTESIAN_POINT ( 'NONE',  ( 0.000000000000000000, 0.000000000000000000, 0.000000000000000000 ) ) ;
#434 = VECTOR ( 'NONE', #782, 1000.000000000000000 ) ;
#435 = CARTESIAN_POINT ( 'NONE',  ( 5.150000000000000355, 18.00000000000000000, 0.000000000000000000 ) ) ;
#436 = VECTOR ( 'NONE', #1172, 1000.000000000000000 ) ;
#437 = DIRECTION ( 'NONE',  ( 0.000000000000000000, 0.000000000000000000, -1.000000000000000000 ) ) ;
#438 = PRODUCT ( 'TX_Enclosure', 'TX_Enclosure', '', ( #510 ) ) ;
#439 = CYLINDRICAL_SURFACE ( 'NONE', #1044, 3.000000000000000888 ) ;
#440 = ORIENTED_EDGE ( 'NONE', *, *, #1684, .F. ) ;
#441 = LINE ( 'NONE', #1453, #986 ) ;
#442 = APPROVAL_DATE_TIME ( #455, #1970 ) ;
#443 = ADVANCED_FACE ( 'NONE', ( #2182 ), #1157, .F. ) ;
#444 = ORIENTED_EDGE ( 'NONE', *, *, #1518, .T. ) ;
#445 = ORIENTED_EDGE ( 'NONE', *, *, #810, .F. ) ;
#446 = DIRECTION ( 'NONE',  ( -1.000000000000000000, 0.000000000000000000, 0.000000000000000000 ) ) ;
#447 = DIRECTION ( 'NONE',  ( 1.000000000000000000, 0.000000000000000000, 0.000000000000000000 ) ) ;
#448 = AXIS2_PLACEMENT_3D ( 'NONE', #1716, #2095, #1212 ) ;
#449 = CARTESIAN_POINT ( 'NONE',  ( 0.000000000000000000, 0.000000000000000000, 22.00000000000000000 ) ) ;
#450 = CC_DESIGN_APPROVAL ( #1101, ( #933 ) ) ;
#451 = DIRECTION ( 'NONE',  ( -1.000000000000000000, -0.000000000000000000, -0.000000000000000000 ) ) ;
#452 = VERTEX_POINT ( 'NONE', #1864 ) ;
#453 = CARTESIAN_POINT ( 'NONE',  ( 7.599999999999998757, 54.00000000000000000, 22.00000000000000000 ) ) ;
#454 = VECTOR ( 'NONE', #252, 1000.000000000000000 ) ;
#455 = DATE_AND_TIME ( #1128, #1153 ) ;
#456 = ORIENTED_EDGE ( 'NONE', *, *, #243, .F. ) ;
#457 = CIRCLE ( 'NONE', #944, 1.350000000000004086 ) ;
#458 = LOCAL_TIME ( 2, 20, 7.000000000000000000, #1844 ) ;
#459 = ORIENTED_EDGE ( 'NONE', *, *, #710, .F. ) ;
#460 = VERTEX_POINT ( 'NONE', #324 ) ;
#461 = FACE_OUTER_BOUND ( 'NONE', #2177, .T. ) ;
#462 = DIRECTION ( 'NONE',  ( 1.000000000000000000, 0.000000000000000000, 0.000000000000000000 ) ) ;
#463 = CARTESIAN_POINT ( 'NONE',  ( 77.00000000000000000, 0.000000000000000000, 2.000000000000000000 ) ) ;
#464 = ORIENTED_EDGE ( 'NONE', *, *, #569, .T. ) ;
#465 = DIRECTION ( 'NONE',  ( -1.000000000000000000, -0.000000000000000000, -0.000000000000000000 ) ) ;
#466 = COORDINATED_UNIVERSAL_TIME_OFFSET ( 8, 0, .AHEAD. ) ;
#467 = ORIENTED_EDGE ( 'NONE', *, *, #1522, .T. ) ;
#468 = ORIENTED_EDGE ( 'NONE', *, *, #162, .T. ) ;
#469 = CARTESIAN_POINT ( 'NONE',  ( 67.50000000000000000, 4.900000000000000355, 2.000000000000000000 ) ) ;
#470 = EDGE_CURVE ( 'NONE', #1139, #1946, #996, .T. ) ;
#471 = VECTOR ( 'NONE', #486, 1000.000000000000000 ) ;
#472 = DIRECTION ( 'NONE',  ( 0.000000000000000000, 0.000000000000000000, 1.000000000000000000 ) ) ;
#473 = CYLINDRICAL_SURFACE ( 'NONE', #2080, 1.100000000000003642 ) ;
#474 = VECTOR ( 'NONE', #1905, 1000.000000000000000 ) ;
#475 = CARTESIAN_POINT ( 'NONE',  ( 70.50000000000000000, 54.00000000000000000, 2.000000000000000000 ) ) ;
#476 = PERSON_AND_ORGANIZATION ( #385, #1332 ) ;
#477 = VERTEX_POINT ( 'NONE', #203 ) ;
#478 = EDGE_CURVE ( 'NONE', #863, #2160, #1389, .T. ) ;
#479 = VECTOR ( 'NONE', #1218, 1000.000000000000000 ) ;
#480 = ORIENTED_EDGE ( 'NONE', *, *, #1430, .F. ) ;
#481 = CARTESIAN_POINT ( 'NONE',  ( 75.00000000000000000, 59.00000000000000000, 2.000000000000001776 ) ) ;
#482 = EDGE_CURVE ( 'NONE', #1756, #817, #22, .T. ) ;
#483 = AXIS2_PLACEMENT_3D ( 'NONE', #722, #1398, #1059 ) ;
#484 = LINE ( 'NONE', #987, #625 ) ;
#485 = LOCAL_TIME ( 2, 20, 7.000000000000000000, #1926 ) ;
#486 = DIRECTION ( 'NONE',  ( -1.000000000000000000, -0.000000000000000000, -0.000000000000000000 ) ) ;
#487 = APPROVAL ( #391, 'æœª' ) ;
#488 = CALENDAR_DATE ( 2026, 13, 9 ) ;
#489 = EDGE_CURVE ( 'NONE', #1331, #1865, #1242, .T. ) ;
#490 = ORIENTED_EDGE ( 'NONE', *, *, #1797, .F. ) ;
#491 = ORIENTED_EDGE ( 'NONE', *, *, #533, .T. ) ;
#492 = ORIENTED_EDGE ( 'NONE', *, *, #1268, .F. ) ;
#493 = VECTOR ( 'NONE', #2115, 1000.000000000000000 ) ;
#494 = LOCAL_TIME ( 2, 20, 7.000000000000000000, #1480 ) ;
#495 = LINE ( 'NONE', #1354, #2186 ) ;
#496 = LINE ( 'NONE', #514, #1696 ) ;
#497 = ORIENTED_EDGE ( 'NONE', *, *, #2170, .T. ) ;
#498 = ORIENTED_EDGE ( 'NONE', *, *, #2154, .F. ) ;
#499 = DIRECTION ( 'NONE',  ( -1.000000000000000000, 0.000000000000000000, 0.000000000000000000 ) ) ;
#500 = VERTEX_POINT ( 'NONE', #565 ) ;
#501 = EDGE_LOOP ( 'NONE', ( #2220, #444, #1168, #459 ) ) ;
#502 = EDGE_CURVE ( 'NONE', #2150, #284, #139, .T. ) ;
#503 = EDGE_CURVE ( 'NONE', #1709, #1634, #1399, .T. ) ;
#504 = LINE ( 'NONE', #994, #1323 ) ;
#505 = CARTESIAN_POINT ( 'NONE',  ( 50.50000000000000000, 50.50000000000000000, 2.000000000000000000 ) ) ;
#506 = CARTESIAN_POINT ( 'NONE',  ( 67.50000000000000000, 15.90000000000000036, 2.000000000000000000 ) ) ;
#507 = VECTOR ( 'NONE', #1106, 1000.000000000000000 ) ;
#508 = VERTEX_POINT ( 'NONE', #1546 ) ;
#509 = EDGE_CURVE ( 'NONE', #1494, #460, #918, .T. ) ;
#510 = MECHANICAL_CONTEXT ( 'NONE', #1987, 'mechanical' ) ;
#511 = EDGE_CURVE ( 'NONE', #914, #2109, #1201, .T. ) ;
#512 = ORIENTED_EDGE ( 'NONE', *, *, #1552, .F. ) ;
#513 = CARTESIAN_POINT ( 'NONE',  ( 50.50000000000000000, 50.50000000000000000, 2.000000000000000000 ) ) ;
#514 = CARTESIAN_POINT ( 'NONE',  ( 14.50000000000000000, 50.50000000000000000, 0.000000000000000000 ) ) ;
#515 = PLANE ( 'NONE',  #29 ) ;
#516 = CIRCLE ( 'NONE', #1767, 3.000000000000000888 ) ;
#517 = ORIENTED_EDGE ( 'NONE', *, *, #1130, .T. ) ;
#518 = SHAPE_REPRESENTATION_RELATIONSHIP ( 'NONE' , 'NONE' ,  #1529, #1290 ) ;
#519 = ORIENTED_EDGE ( 'NONE', *, *, #273, .F. ) ;
#520 = VERTEX_POINT ( 'NONE', #1567 ) ;
#521 = DIRECTION ( 'NONE',  ( 0.000000000000000000, 0.000000000000000000, 1.000000000000000000 ) ) ;
#522 = DIRECTION ( 'NONE',  ( -1.000000000000000000, 0.000000000000000000, 0.000000000000000000 ) ) ;
#523 = AXIS2_PLACEMENT_3D ( 'NONE', #872, #1191, #534 ) ;
#524 = CC_DESIGN_SECURITY_CLASSIFICATION ( #81, ( #730 ) ) ;
#525 = DIRECTION ( 'NONE',  ( 0.000000000000000000, 0.000000000000000000, -1.000000000000000000 ) ) ;
#526 = CARTESIAN_POINT ( 'NONE',  ( 2.000000000000000000, 2.000000000000000000, 22.00000000000000000 ) ) ;
#527 = CYLINDRICAL_SURFACE ( 'NONE', #307, 1.100000000000003642 ) ;
#528 = CALENDAR_DATE ( 2026, 13, 9 ) ;
#529 = VERTEX_POINT ( 'NONE', #556 ) ;
#530 = VERTEX_POINT ( 'NONE', #1051 ) ;
#531 = FACE_OUTER_BOUND ( 'NONE', #150, .T. ) ;
#532 = CARTESIAN_POINT ( 'NONE',  ( 3.499999999999999556, 18.00000000000000000, 5.000000000000000000 ) ) ;
#533 = EDGE_CURVE ( 'NONE', #598, #520, #1281, .T. ) ;
#534 = DIRECTION ( 'NONE',  ( -1.000000000000000000, 0.000000000000000000, 0.000000000000000000 ) ) ;
#535 = CARTESIAN_POINT ( 'NONE',  ( 70.50000000000000000, 18.00000000000000000, 0.000000000000000000 ) ) ;
#536 = DIRECTION ( 'NONE',  ( -1.000000000000000000, 0.000000000000000000, 0.000000000000000000 ) ) ;
#537 = CARTESIAN_POINT ( 'NONE',  ( 6.500000000000000000, 18.00000000000000000, 22.00000000000000000 ) ) ;
#538 = CIRCLE ( 'NONE', #1792, 3.000000000000002665 ) ;
#539 = COORDINATED_UNIVERSAL_TIME_OFFSET ( 8, 0, .AHEAD. ) ;
#540 = CIRCLE ( 'NONE', #1795, 1.100000000000000311 ) ;
#541 = EDGE_LOOP ( 'NONE', ( #2018, #729, #853, #946 ) ) ;
#542 = LINE ( 'NONE', #1762, #2068 ) ;
#543 = LINE ( 'NONE', #532, #1512 ) ;
#544 = DIRECTION ( 'NONE',  ( 1.000000000000000000, -0.000000000000000000, 0.000000000000000000 ) ) ;
#545 = ADVANCED_FACE ( 'NONE', ( #1214, #33 ), #723, .T. ) ;
#546 = DIRECTION ( 'NONE',  ( 0.000000000000000000, 0.000000000000000000, 1.000000000000000000 ) ) ;
#547 = DIRECTION ( 'NONE',  ( 0.000000000000000000, -0.000000000000000000, -1.000000000000000000 ) ) ;
#548 = DIRECTION ( 'NONE',  ( 1.000000000000000000, 0.000000000000000000, -0.000000000000000000 ) ) ;
#549 = APPROVAL ( #359, 'æœª' ) ;
#550 = AXIS2_PLACEMENT_3D ( 'NONE', #564, #902, #2104 ) ;
#551 = COORDINATED_UNIVERSAL_TIME_OFFSET ( 8, 0, .AHEAD. ) ;
#552 = ORIENTED_EDGE ( 'NONE', *, *, #1652, .T. ) ;
#553 = CARTESIAN_POINT ( 'NONE',  ( 71.84999999999999432, 18.00000000000000000, 0.000000000000000000 ) ) ;
#554 = VECTOR ( 'NONE', #1250, 1000.000000000000000 ) ;
#555 = DIRECTION ( 'NONE',  ( 1.000000000000000000, 0.000000000000000000, 0.000000000000000000 ) ) ;
#556 = CARTESIAN_POINT ( 'NONE',  ( 0.000000000000000000, 0.000000000000000000, 2.000000000000000000 ) ) ;
#557 = FACE_OUTER_BOUND ( 'NONE', #338, .T. ) ;
#558 = CC_DESIGN_APPROVAL ( #784, ( #634 ) ) ;
#559 = CARTESIAN_POINT ( 'NONE',  ( 5.400000000000000355, 54.00000000000000000, 22.00000000000000000 ) ) ;
#560 = DATE_TIME_ROLE ( 'classification_date' ) ;
#561 = ORIENTED_EDGE ( 'NONE', *, *, #58, .T. ) ;
#562 = LINE ( 'NONE', #352, #1606 ) ;
#563 = EDGE_CURVE ( 'NONE', #970, #452, #53, .T. ) ;
#564 = CARTESIAN_POINT ( 'NONE',  ( 70.50000000000000000, 18.00000000000000000, 5.000000000000000888 ) ) ;
#565 = CARTESIAN_POINT ( 'NONE',  ( 77.00000000000000000, 61.00000000000000000, 0.000000000000000000 ) ) ;
#566 = DIRECTION ( 'NONE',  ( 0.000000000000000000, 0.000000000000000000, -1.000000000000000000 ) ) ;
#567 = FACE_BOUND ( 'NONE', #1271, .T. ) ;
#568 = PERSON_AND_ORGANIZATION ( #385, #1332 ) ;
#569 = EDGE_CURVE ( 'NONE', #863, #1848, #1065, .T. ) ;
#570 = VECTOR ( 'NONE', #365, 1000.000000000000000 ) ;
#571 = ORIENTED_EDGE ( 'NONE', *, *, #1693, .T. ) ;
#572 = ADVANCED_FACE ( 'NONE', ( #738 ), #1743, .T. ) ;
#573 = VECTOR ( 'NONE', #1407, 1000.000000000000000 ) ;
#574 = FACE_OUTER_BOUND ( 'NONE', #2155, .T. ) ;
#575 = EDGE_CURVE ( 'NONE', #942, #477, #2004, .T. ) ;
#576 = CARTESIAN_POINT ( 'NONE',  ( 73.50000000000000000, 54.00000000000000000, 2.000000000000000000 ) ) ;
#577 = EDGE_LOOP ( 'NONE', ( #1499, #1858, #2146, #1562 ) ) ;
#578 = DIRECTION ( 'NONE',  ( -1.000000000000000000, 0.000000000000000000, -0.000000000000000000 ) ) ;
#579 = ADVANCED_FACE ( 'NONE', ( #860, #1227, #1589, #1922, #2097, #701, #2061, #748, #1729 ), #1203, .T. ) ;
#580 = CARTESIAN_POINT ( 'NONE',  ( 2.000000000000000000, 2.000000000000000000, 2.000000000000001776 ) ) ;
#581 = VECTOR ( 'NONE', #1064, 1000.000000000000000 ) ;
#582 = VERTEX_POINT ( 'NONE', #1898 ) ;
#583 = FACE_OUTER_BOUND ( 'NONE', #174, .T. ) ;
#584 = CALENDAR_DATE ( 2026, 13, 9 ) ;
#585 = EDGE_LOOP ( 'NONE', ( #131, #1532, #1414, #492 ) ) ;
#586 =( GEOMETRIC_REPRESENTATION_CONTEXT ( 3 ) GLOBAL_UNCERTAINTY_ASSIGNED_CONTEXT ( ( #1802 ) ) GLOBAL_UNIT_ASSIGNED_CONTEXT ( ( #1985, #678, #183 ) ) REPRESENTATION_CONTEXT ( 'NONE', 'WORKASPACE' ) );
#587 = PLANE ( 'NONE',  #1489 ) ;
#588 = CARTESIAN_POINT ( 'NONE',  ( 69.39999999999999147, 54.00000000000000000, 0.000000000000000000 ) ) ;
#589 = FACE_OUTER_BOUND ( 'NONE', #37, .T. ) ;
#590 = AXIS2_PLACEMENT_3D ( 'NONE', #940, #592, #54 ) ;
#591 = LINE ( 'NONE', #1613, #108 ) ;
#592 = DIRECTION ( 'NONE',  ( -1.000000000000000000, 0.000000000000000000, 0.000000000000000000 ) ) ;
#593 = CARTESIAN_POINT ( 'NONE',  ( 7.599999999999998757, 54.00000000000000000, 5.000000000000000888 ) ) ;
#594 = EDGE_CURVE ( 'NONE', #720, #318, #325, .T. ) ;
#595 = DATE_AND_TIME ( #619, #494 ) ;
#596 = VECTOR ( 'NONE', #1103, 1000.000000000000000 ) ;
#597 = CC_DESIGN_APPROVAL ( #11, ( #158 ) ) ;
#598 = VERTEX_POINT ( 'NONE', #964 ) ;
#599 = VERTEX_POINT ( 'NONE', #1485 ) ;
#600 = DIRECTION ( 'NONE',  ( 0.000000000000000000, 0.000000000000000000, 1.000000000000000000 ) ) ;
#601 = LINE ( 'NONE', #433, #193 ) ;
#602 = LINE ( 'NONE', #2130, #833 ) ;
#603 = LINE ( 'NONE', #1436, #434 ) ;
#604 = EDGE_CURVE ( 'NONE', #4, #460, #80, .T. ) ;
#605 = DIRECTION ( 'NONE',  ( 0.000000000000000000, 0.000000000000000000, -1.000000000000000000 ) ) ;
#606 = ORIENTED_EDGE ( 'NONE', *, *, #97, .F. ) ;
#607 = CARTESIAN_POINT ( 'NONE',  ( 14.50000000000000000, 50.50000000000000000, 2.000000000000000000 ) ) ;
#608 = PERSON_AND_ORGANIZATION ( #385, #1332 ) ;
#609 = EDGE_CURVE ( 'NONE', #1848, #1662, #1261, .T. ) ;
#610 = ORIENTED_EDGE ( 'NONE', *, *, #394, .T. ) ;
#611 = ORIENTED_EDGE ( 'NONE', *, *, #1025, .F. ) ;
#612 = EDGE_LOOP ( 'NONE', ( #1674, #208 ) ) ;
#613 = PLANE ( 'NONE',  #2202 ) ;
#614 = DIRECTION ( 'NONE',  ( 0.000000000000000000, 0.000000000000000000, 1.000000000000000000 ) ) ;
#615 = CARTESIAN_POINT ( 'NONE',  ( 70.50000000000000000, 35.00000000000000000, 2.000000000000000000 ) ) ;
#616 = LINE ( 'NONE', #1292, #1849 ) ;
#617 = ORIENTED_EDGE ( 'NONE', *, *, #893, .T. ) ;
#618 = DIRECTION ( 'NONE',  ( 0.000000000000000000, 0.000000000000000000, 1.000000000000000000 ) ) ;
#619 = CALENDAR_DATE ( 2026, 13, 9 ) ;
#620 = ORIENTED_EDGE ( 'NONE', *, *, #1684, .T. ) ;
#621 = CC_DESIGN_PERSON_AND_ORGANIZATION_ASSIGNMENT ( #1594, #370, ( #2134 ) ) ;
#622 = VERTEX_POINT ( 'NONE', #1962 ) ;
#623 = ORIENTED_EDGE ( 'NONE', *, *, #668, .T. ) ;
#624 = CYLINDRICAL_SURFACE ( 'NONE', #1371, 3.000000000000002665 ) ;
#625 = VECTOR ( 'NONE', #1650, 1000.000000000000000 ) ;
#626 = CARTESIAN_POINT ( 'NONE',  ( 2.000000000000000000, 59.00000000000000000, 22.00000000000000000 ) ) ;
#627 = DIRECTION ( 'NONE',  ( 1.000000000000000000, 0.000000000000000000, 0.000000000000000000 ) ) ;
#628 = ORIENTED_EDGE ( 'NONE', *, *, #1860, .T. ) ;
#629 = PLANE ( 'NONE',  #2210 ) ;
#630 = PERSON_AND_ORGANIZATION ( #385, #1332 ) ;
#631 = ORIENTED_EDGE ( 'NONE', *, *, #1352, .F. ) ;
#632 = EDGE_CURVE ( 'NONE', #1244, #477, #952, .T. ) ;
#633 = AXIS2_PLACEMENT_3D ( 'NONE', #124, #812, #1727 ) ;
#634 = PRODUCT_DEFINITION_FORMATION_WITH_SPECIFIED_SOURCE ( 'ä»', '', #251, .NOT_KNOWN. ) ;
#635 = ORIENTED_EDGE ( 'NONE', *, *, #162, .F. ) ;
#636 = VERTEX_POINT ( 'NONE', #639 ) ;
#637 = DIRECTION ( 'NONE',  ( 0.000000000000000000, 0.000000000000000000, -1.000000000000000000 ) ) ;
#638 = SHAPE_REPRESENTATION_RELATIONSHIP ( 'NONE' , 'NONE' ,  #152, #2204 ) ;
#639 = CARTESIAN_POINT ( 'NONE',  ( 14.50000000000000000, 55.50000000000000000, 0.000000000000000000 ) ) ;
#640 = DIRECTION ( 'NONE',  ( 1.000000000000000000, 0.000000000000000000, 0.000000000000000000 ) ) ;
#641 = ORIENTED_EDGE ( 'NONE', *, *, #502, .F. ) ;
#642 = ORIENTED_EDGE ( 'NONE', *, *, #931, .T. ) ;
#643 = DIRECTION ( 'NONE',  ( 0.000000000000000000, 0.000000000000000000, 1.000000000000000000 ) ) ;
#644 = PERSON_AND_ORGANIZATION ( #385, #1332 ) ;
#645 = ORIENTED_EDGE ( 'NONE', *, *, #931, .F. ) ;
#646 = ADVANCED_FACE ( 'NONE', ( #1627 ), #1790, .T. ) ;
#647 = EDGE_LOOP ( 'NONE', ( #992, #764 ) ) ;
#648 = VECTOR ( 'NONE', #664, 1000.000000000000000 ) ;
#649 = FACE_BOUND ( 'NONE', #2008, .T. ) ;
#650 = CC_DESIGN_PERSON_AND_ORGANIZATION_ASSIGNMENT ( #476, #1310, ( #1364 ) ) ;
#651 = DIRECTION ( 'NONE',  ( -0.000000000000000000, -0.000000000000000000, -1.000000000000000000 ) ) ;
#652 = VECTOR ( 'NONE', #222, 1000.000000000000000 ) ;
#653 = ORIENTED_EDGE ( 'NONE', *, *, #321, .T. ) ;
#654 = EDGE_CURVE ( 'NONE', #1662, #2160, #538, .T. ) ;
#655 = CARTESIAN_POINT ( 'NONE',  ( 39.50000000000000000, 4.900000000000000355, 2.000000000000000000 ) ) ;
#656 = EDGE_LOOP ( 'NONE', ( #1081, #136 ) ) ;
#657 = VERTEX_POINT ( 'NONE', #1988 ) ;
#658 = DIRECTION ( 'NONE',  ( -0.000000000000000000, -0.000000000000000000, -1.000000000000000000 ) ) ;
#659 = CIRCLE ( 'NONE', #927, 1.350000000000004086 ) ;
#660 = CIRCLE ( 'NONE', #1298, 3.000000000000002665 ) ;
#661 = CARTESIAN_POINT ( 'NONE',  ( 6.500000000000000000, 18.00000000000000000, 5.000000000000000000 ) ) ;
#662 = ORIENTED_EDGE ( 'NONE', *, *, #2017, .F. ) ;
#663 = PRODUCT_DEFINITION_FORMATION_WITH_SPECIFIED_SOURCE ( 'ä»', '', #438, .NOT_KNOWN. ) ;
#664 = DIRECTION ( 'NONE',  ( 0.000000000000000000, 1.000000000000000000, 0.000000000000000000 ) ) ;
#665 = ORIENTED_EDGE ( 'NONE', *, *, #1339, .F. ) ;
#666 = VECTOR ( 'NONE', #1370, 1000.000000000000000 ) ;
#667 = ADVANCED_FACE ( 'NONE', ( #1449, #939 ), #92, .F. ) ;
#668 = EDGE_CURVE ( 'NONE', #520, #598, #1387, .T. ) ;
#669 = ORIENTED_EDGE ( 'NONE', *, *, #575, .F. ) ;
#670 = ORIENTED_EDGE ( 'NONE', *, *, #478, .F. ) ;
#671 = DIRECTION ( 'NONE',  ( 0.000000000000000000, 0.000000000000000000, -1.000000000000000000 ) ) ;
#672 = VECTOR ( 'NONE', #267, 1000.000000000000000 ) ;
#673 = DIRECTION ( 'NONE',  ( 0.000000000000000000, 0.000000000000000000, -1.000000000000000000 ) ) ;
#674 = EDGE_CURVE ( 'NONE', #1029, #396, #603, .T. ) ;
#675 = CARTESIAN_POINT ( 'NONE',  ( 9.500000000000001776, 54.00000000000000000, 5.000000000000000000 ) ) ;
#676 = ADVANCED_FACE ( 'NONE', ( #803 ), #2143, .F. ) ;
#677 = EDGE_LOOP ( 'NONE', ( #606, #18, #2193, #480 ) ) ;
#678 =( NAMED_UNIT ( * ) PLANE_ANGLE_UNIT ( ) SI_UNIT ( $, .RADIAN. ) );
#679 = ORIENTED_EDGE ( 'NONE', *, *, #1117, .T. ) ;
#680 = DIRECTION ( 'NONE',  ( 0.000000000000000000, 0.000000000000000000, -1.000000000000000000 ) ) ;
#681 = CARTESIAN_POINT ( 'NONE',  ( 0.000000000000000000, 61.00000000000000000, 22.00000000000000000 ) ) ;
#682 = ORIENTED_EDGE ( 'NONE', *, *, #2170, .F. ) ;
#683 = CARTESIAN_POINT ( 'NONE',  ( 0.000000000000000000, 61.00000000000000000, 0.000000000000000000 ) ) ;
#684 = AXIS2_PLACEMENT_3D ( 'NONE', #1369, #1888, #1508 ) ;
#685 = EDGE_LOOP ( 'NONE', ( #95, #1069 ) ) ;
#686 = DIRECTION ( 'NONE',  ( 1.000000000000000000, 0.000000000000000000, 0.000000000000000000 ) ) ;
#687 = ORIENTED_EDGE ( 'NONE', *, *, #1989, .F. ) ;
#688 = AXIS2_PLACEMENT_3D ( 'NONE', #1943, #2074, #548 ) ;
#689 = CARTESIAN_POINT ( 'NONE',  ( 71.59999999999999432, 18.00000000000000000, 0.000000000000000000 ) ) ;
#690 = PLANE ( 'NONE',  #149 ) ;
#691 = PLANE ( 'NONE',  #684 ) ;
#692 = CARTESIAN_POINT ( 'NONE',  ( 3.499999999999999556, 18.00000000000000000, 2.000000000000000000 ) ) ;
#693 = AXIS2_PLACEMENT_3D ( 'NONE', #408, #1080, #63 ) ;
#694 = ORIENTED_EDGE ( 'NONE', *, *, #1583, .T. ) ;
#695 = VECTOR ( 'NONE', #781, 1000.000000000000000 ) ;
#696 = EDGE_LOOP ( 'NONE', ( #296, #1675, #1236, #121 ) ) ;
#697 = EDGE_CURVE ( 'NONE', #1105, #1139, #591, .T. ) ;
#698 = CARTESIAN_POINT ( 'NONE',  ( 67.49999999999998579, 54.00000000000000000, 2.000000000000000000 ) ) ;
#699 = CARTESIAN_POINT ( 'NONE',  ( 0.000000000000000000, 0.000000000000000000, 22.00000000000000000 ) ) ;
#700 = CARTESIAN_POINT ( 'NONE',  ( 3.499999999999998668, 54.00000000000000000, 5.000000000000000000 ) ) ;
#701 = FACE_BOUND ( 'NONE', #1459, .T. ) ;
#702 = CARTESIAN_POINT ( 'NONE',  ( 58.50000000000000000, 50.50000000000000000, 0.000000000000000000 ) ) ;
#703 = ORIENTED_EDGE ( 'NONE', *, *, #106, .F. ) ;
#704 = PERSON_AND_ORGANIZATION_ROLE ( 'creator' ) ;
#705 = VERTEX_POINT ( 'NONE', #289 ) ;
#706 = EDGE_CURVE ( 'NONE', #1487, #1903, #1818, .T. ) ;
#707 = LINE ( 'NONE', #756, #1913 ) ;
#708 = MANIFOLD_SOLID_BREP ( 'ÇÐ³ý-À­Éì2', #217 ) ;
#709 = CARTESIAN_POINT ( 'NONE',  ( 67.50000000000000000, 15.90000000000000036, 0.000000000000000000 ) ) ;
#710 = EDGE_CURVE ( 'NONE', #1232, #212, #1804, .T. ) ;
#711 = CARTESIAN_POINT ( 'NONE',  ( 6.500000000000000000, 54.00000000000000000, 2.000000000000000000 ) ) ;
#712 = ORIENTED_EDGE ( 'NONE', *, *, #316, .T. ) ;
#713 = CARTESIAN_POINT ( 'NONE',  ( 70.50000000000000000, 54.00000000000000000, 5.000000000000000000 ) ) ;
#714 = DIRECTION ( 'NONE',  ( 0.000000000000000000, -1.000000000000000000, 0.000000000000000000 ) ) ;
#715 = PLANE ( 'NONE',  #401 ) ;
#716 = AXIS2_PLACEMENT_3D ( 'NONE', #2223, #2039, #2012 ) ;
#717 = CC_DESIGN_PERSON_AND_ORGANIZATION_ASSIGNMENT ( #1329, #348, ( #158 ) ) ;
#718 = PERSON_AND_ORGANIZATION ( #385, #1332 ) ;
#719 = VECTOR ( 'NONE', #1715, 1000.000000000000000 ) ;
#720 = VERTEX_POINT ( 'NONE', #1289 ) ;
#721 = CARTESIAN_POINT ( 'NONE',  ( 58.50000000000000000, 50.50000000000000000, 2.000000000000000000 ) ) ;
#722 = CARTESIAN_POINT ( 'NONE',  ( 6.500000000000000000, 18.00000000000000000, 0.000000000000000000 ) ) ;
#723 = PLANE ( 'NONE',  #288 ) ;
#724 = DIRECTION ( 'NONE',  ( 0.000000000000000000, 1.000000000000000000, 0.000000000000000000 ) ) ;
#725 = FACE_BOUND ( 'NONE', #1251, .T. ) ;
#726 = EDGE_CURVE ( 'NONE', #2036, #1111, #1975, .T. ) ;
#727 = AXIS2_PLACEMENT_3D ( 'NONE', #1180, #362, #522 ) ;
#728 = DATE_AND_TIME ( #1550, #485 ) ;
#729 = ORIENTED_EDGE ( 'NONE', *, *, #1130, .F. ) ;
#730 = PRODUCT_DEFINITION_FORMATION_WITH_SPECIFIED_SOURCE ( 'ä»', '', #1947, .NOT_KNOWN. ) ;
#731 = EDGE_CURVE ( 'NONE', #1510, #2096, #173, .T. ) ;
#732 = EDGE_CURVE ( 'NONE', #1747, #823, #1827, .T. ) ;
#733 = ORIENTED_EDGE ( 'NONE', *, *, #331, .F. ) ;
#734 = LINE ( 'NONE', #2094, #1143 ) ;
#735 = AXIS2_PLACEMENT_3D ( 'NONE', #1547, #1538, #895 ) ;
#736 = DIRECTION ( 'NONE',  ( 0.000000000000000000, 0.000000000000000000, -1.000000000000000000 ) ) ;
#737 = ORIENTED_EDGE ( 'NONE', *, *, #1296, .F. ) ;
#738 = FACE_OUTER_BOUND ( 'NONE', #1883, .T. ) ;
#739 = AXIS2_PLACEMENT_3D ( 'NONE', #1950, #1079, #2156 ) ;
#740 = CARTESIAN_POINT ( 'NONE',  ( 0.000000000000000000, 0.000000000000000000, 0.000000000000000000 ) ) ;
#741 = EDGE_CURVE ( 'NONE', #1071, #529, #1601, .T. ) ;
#742 = ORIENTED_EDGE ( 'NONE', *, *, #1720, .F. ) ;
#743 = CARTESIAN_POINT ( 'NONE',  ( 50.50000000000000000, 50.50000000000000000, 0.000000000000000000 ) ) ;
#744 = CALENDAR_DATE ( 2026, 13, 9 ) ;
#745 = ORIENTED_EDGE ( 'NONE', *, *, #1175, .T. ) ;
#746 = DIRECTION ( 'NONE',  ( 0.000000000000000000, 0.000000000000000000, -1.000000000000000000 ) ) ;
#747 = CARTESIAN_POINT ( 'NONE',  ( 5.400000000000000355, 54.00000000000000000, 0.000000000000000000 ) ) ;
#748 = FACE_BOUND ( 'NONE', #55, .T. ) ;
#749 = DIRECTION ( 'NONE',  ( 0.000000000000000000, 0.000000000000000000, -1.000000000000000000 ) ) ;
#750 = ORIENTED_EDGE ( 'NONE', *, *, #2035, .F. ) ;
#751 = CARTESIAN_POINT ( 'NONE',  ( 62.50000000000000000, 43.00000000000000000, 2.000000000000000000 ) ) ;
#752 = DATE_AND_TIME ( #1936, #765 ) ;
#753 = ORIENTED_EDGE ( 'NONE', *, *, #824, .F. ) ;
#754 = VECTOR ( 'NONE', #105, 1000.000000000000000 ) ;
#755 = DIRECTION ( 'NONE',  ( -0.000000000000000000, -0.000000000000000000, -1.000000000000000000 ) ) ;
#756 = CARTESIAN_POINT ( 'NONE',  ( 24.50000000000000000, 50.50000000000000000, 2.000000000000000000 ) ) ;
#757 = CARTESIAN_POINT ( 'NONE',  ( 6.500000000000000000, 54.00000000000000000, 5.000000000000000000 ) ) ;
#758 = VERTEX_POINT ( 'NONE', #1868 ) ;
#759 = CARTESIAN_POINT ( 'NONE',  ( 6.500000000000000000, 54.00000000000000000, 5.000000000000000888 ) ) ;
#760 = PLANE ( 'NONE',  #86 ) ;
#761 =( REPRESENTATION_RELATIONSHIP ('NONE','NONE', #1856, #152 ) REPRESENTATION_RELATIONSHIP_WITH_TRANSFORMATION ( #797 )SHAPE_REPRESENTATION_RELATIONSHIP( ) );
#762 = FACE_OUTER_BOUND ( 'NONE', #205, .T. ) ;
#763 = CALENDAR_DATE ( 2026, 13, 9 ) ;
#764 = ORIENTED_EDGE ( 'NONE', *, *, #1349, .F. ) ;
#765 = LOCAL_TIME ( 2, 20, 7.000000000000000000, #1054 ) ;
#766 = DIRECTION ( 'NONE',  ( -1.000000000000000000, 0.000000000000000000, 0.000000000000000000 ) ) ;
#767 = EDGE_CURVE ( 'NONE', #2043, #1057, #1165, .T. ) ;
#768 = CARTESIAN_POINT ( 'NONE',  ( 5.399999999999999467, 18.00000000000000000, 5.000000000000000888 ) ) ;
#769 = LINE ( 'NONE', #223, #337 ) ;
#770 = CIRCLE ( 'NONE', #1548, 3.000000000000000000 ) ;
#771 = CARTESIAN_POINT ( 'NONE',  ( 69.14999999999999147, 18.00000000000000000, 2.000000000000000000 ) ) ;
#772 = DIRECTION ( 'NONE',  ( -0.000000000000000000, -0.000000000000000000, -1.000000000000000000 ) ) ;
#773 = EDGE_LOOP ( 'NONE', ( #949, #239, #737, #628 ) ) ;
#774 = LINE ( 'NONE', #453, #672 ) ;
#775 = COORDINATED_UNIVERSAL_TIME_OFFSET ( 8, 0, .AHEAD. ) ;
#776 = AXIS2_PLACEMENT_3D ( 'NONE', #2060, #1908, #89 ) ;
#777 = ORIENTED_EDGE ( 'NONE', *, *, #273, .T. ) ;
#778 = ORIENTED_EDGE ( 'NONE', *, *, #2131, .T. ) ;
#779 = CARTESIAN_POINT ( 'NONE',  ( 70.50000000000000000, 18.00000000000000000, 5.000000000000000000 ) ) ;
#780 = ORIENTED_EDGE ( 'NONE', *, *, #674, .T. ) ;
#781 = DIRECTION ( 'NONE',  ( -0.000000000000000000, -0.000000000000000000, -1.000000000000000000 ) ) ;
#782 = DIRECTION ( 'NONE',  ( 0.000000000000000000, 0.000000000000000000, -1.000000000000000000 ) ) ;
#783 = FACE_OUTER_BOUND ( 'NONE', #210, .T. ) ;
#784 = APPROVAL ( #945, 'æœª' ) ;
#785 = ORIENTED_EDGE ( 'NONE', *, *, #489, .T. ) ;
#786 = DIRECTION ( 'NONE',  ( -0.000000000000000000, -0.000000000000000000, -1.000000000000000000 ) ) ;
#787 = APPROVAL_ROLE ( '' ) ;
#788 = VERTEX_POINT ( 'NONE', #689 ) ;
#789 = ORIENTED_EDGE ( 'NONE', *, *, #726, .T. ) ;
#790 = FACE_OUTER_BOUND ( 'NONE', #2092, .T. ) ;
#791 = AXIS2_PLACEMENT_3D ( 'NONE', #874, #546, #2072 ) ;
#792 = CARTESIAN_POINT ( 'NONE',  ( 6.500000000000000000, 18.00000000000000000, 5.000000000000000888 ) ) ;
#793 = CARTESIAN_POINT ( 'NONE',  ( 70.50000000000000000, 54.00000000000000000, 5.000000000000000888 ) ) ;
#794 = CARTESIAN_POINT ( 'NONE',  ( 39.50000000000000000, 4.900000000000000355, 0.000000000000000000 ) ) ;
#795 = VERTEX_POINT ( 'NONE', #332 ) ;
#796 = CARTESIAN_POINT ( 'NONE',  ( 39.50000000000000000, 15.90000000000000036, 2.000000000000000000 ) ) ;
#797 = ITEM_DEFINED_TRANSFORMATION ( 'NONE', 'NONE', #2082,  #1543 ) ;
#798 = ORIENTED_EDGE ( 'NONE', *, *, #1592, .F. ) ;
#799 = ADVANCED_FACE ( 'NONE', ( #1365 ), #1694, .T. ) ;
#800 = ORIENTED_EDGE ( 'NONE', *, *, #1386, .F. ) ;
#801 = CARTESIAN_POINT ( 'NONE',  ( 70.50000000000000000, 18.00000000000000000, 2.000000000000000000 ) ) ;
#802 = VECTOR ( 'NONE', #1907, 1000.000000000000000 ) ;
#803 = FACE_OUTER_BOUND ( 'NONE', #1297, .T. ) ;
#804 = CARTESIAN_POINT ( 'NONE',  ( 70.50000000000000000, 18.00000000000000000, 0.000000000000000000 ) ) ;
#805 = PLANE ( 'NONE',  #947 ) ;
#806 = SECURITY_CLASSIFICATION_LEVEL ( 'unclassified' ) ;
#807 = EDGE_CURVE ( 'NONE', #2076, #1872, #985, .T. ) ;
#808 = ORIENTED_EDGE ( 'NONE', *, *, #1755, .F. ) ;
#809 = AXIS2_PLACEMENT_3D ( 'NONE', #2062, #1768, #1578 ) ;
#810 = EDGE_CURVE ( 'NONE', #1972, #1541, #495, .T. ) ;
#811 = ORIENTED_EDGE ( 'NONE', *, *, #244, .T. ) ;
#812 = DIRECTION ( 'NONE',  ( 0.000000000000000000, 0.000000000000000000, 1.000000000000000000 ) ) ;
#813 = EDGE_CURVE ( 'NONE', #1146, #1406, #1862, .T. ) ;
#814 = DIRECTION ( 'NONE',  ( 1.000000000000000000, 0.000000000000000000, 0.000000000000000000 ) ) ;
#815 = CARTESIAN_POINT ( 'NONE',  ( 50.50000000000000000, 50.50000000000000000, 0.000000000000000000 ) ) ;
#816 = CARTESIAN_POINT ( 'NONE',  ( 6.500000000000000000, 54.00000000000000000, 2.000000000000000000 ) ) ;
#817 = VERTEX_POINT ( 'NONE', #481 ) ;
#818 = EDGE_LOOP ( 'NONE', ( #1425, #330, #1994, #84 ) ) ;
#819 = AXIS2_PLACEMENT_3D ( 'NONE', #2158, #1637, #1314 ) ;
#820 = CARTESIAN_POINT ( 'NONE',  ( 50.50000000000000000, 50.50000000000000000, 0.000000000000000000 ) ) ;
#821 = CARTESIAN_POINT ( 'NONE',  ( 0.000000000000000000, 0.000000000000000000, 2.000000000000000000 ) ) ;
#822 = AXIS2_PLACEMENT_3D ( 'NONE', #311, #1672, #134 ) ;
#823 = VERTEX_POINT ( 'NONE', #2046 ) ;
#824 = EDGE_CURVE ( 'NONE', #1622, #123, #126, .T. ) ;
#825 = FACE_OUTER_BOUND ( 'NONE', #818, .T. ) ;
#826 = EDGE_CURVE ( 'NONE', #1184, #1150, #1534, .T. ) ;
#827 = ORIENTED_EDGE ( 'NONE', *, *, #632, .T. ) ;
#828 = ORIENTED_EDGE ( 'NONE', *, *, #304, .F. ) ;
#829 = ORIENTED_EDGE ( 'NONE', *, *, #2078, .F. ) ;
#830 = EDGE_CURVE ( 'NONE', #1244, #978, #1102, .T. ) ;
#831 = CARTESIAN_POINT ( 'NONE',  ( 14.50000000000000000, 50.50000000000000000, 2.000000000000000000 ) ) ;
#832 = VECTOR ( 'NONE', #1279, 1000.000000000000000 ) ;
#833 = VECTOR ( 'NONE', #1951, 1000.000000000000000 ) ;
#834 = LINE ( 'NONE', #1004, #1405 ) ;
#835 = CARTESIAN_POINT ( 'NONE',  ( 70.50000000000000000, 54.00000000000000000, 0.000000000000000000 ) ) ;
#836 = VERTEX_POINT ( 'NONE', #1514 ) ;
#837 = VECTOR ( 'NONE', #156, 1000.000000000000000 ) ;
#838 = EDGE_LOOP ( 'NONE', ( #1481, #1019, #983, #1497 ) ) ;
#839 = AXIS2_PLACEMENT_3D ( 'NONE', #801, #90, #1432 ) ;
#840 = FACE_OUTER_BOUND ( 'NONE', #891, .T. ) ;
#841 = LINE ( 'NONE', #1695, #1441 ) ;
#842 = FACE_OUTER_BOUND ( 'NONE', #113, .T. ) ;
#843 = FACE_BOUND ( 'NONE', #1141, .T. ) ;
#844 = APPROVAL ( #1619, 'æœª' ) ;
#845 = ORIENTED_EDGE ( 'NONE', *, *, #1797, .T. ) ;
#846 = CARTESIAN_POINT ( 'NONE',  ( 6.500000000000000000, 18.00000000000000000, 5.000000000000000000 ) ) ;
#847 = CARTESIAN_POINT ( 'NONE',  ( 50.50000000000000000, 50.50000000000000000, 2.000000000000000000 ) ) ;
#848 = AXIS2_PLACEMENT_3D ( 'NONE', #1933, #1072, #1558 ) ;
#849 = DIRECTION ( 'NONE',  ( -0.000000000000000000, -0.000000000000000000, -1.000000000000000000 ) ) ;
#850 = VECTOR ( 'NONE', #2057, 1000.000000000000000 ) ;
#851 = CARTESIAN_POINT ( 'NONE',  ( 70.50000000000000000, 54.00000000000000000, 5.000000000000000000 ) ) ;
#852 = EDGE_CURVE ( 'NONE', #50, #1487, #504, .T. ) ;
#853 = ORIENTED_EDGE ( 'NONE', *, *, #1639, .T. ) ;
#854 = DIRECTION ( 'NONE',  ( 1.000000000000000000, 0.000000000000000000, 0.000000000000000000 ) ) ;
#855 = ORIENTED_EDGE ( 'NONE', *, *, #609, .T. ) ;
#856 = AXIS2_PLACEMENT_3D ( 'NONE', #1137, #96, #1307 ) ;
#857 = DIRECTION ( 'NONE',  ( -1.000000000000000000, 0.000000000000000000, 0.000000000000000000 ) ) ;
#858 = CARTESIAN_POINT ( 'NONE',  ( 77.00000000000000000, 0.000000000000000000, 22.00000000000000000 ) ) ;
#859 = DIRECTION ( 'NONE',  ( 0.000000000000000000, 0.000000000000000000, -1.000000000000000000 ) ) ;
#860 = FACE_BOUND ( 'NONE', #998, .T. ) ;
#861 = FACE_OUTER_BOUND ( 'NONE', #1740, .T. ) ;
#862 = LOCAL_TIME ( 2, 20, 7.000000000000000000, #47 ) ;
#863 = VERTEX_POINT ( 'NONE', #1178 ) ;
#864 = EDGE_CURVE ( 'NONE', #212, #1124, #540, .T. ) ;
#865 = AXIS2_PLACEMENT_3D ( 'NONE', #661, #1345, #2020 ) ;
#866 = ORIENTED_EDGE ( 'NONE', *, *, #409, .F. ) ;
#867 = CC_DESIGN_PERSON_AND_ORGANIZATION_ASSIGNMENT ( #1945, #1404, ( #933 ) ) ;
#868 = DIRECTION ( 'NONE',  ( 0.000000000000000000, 1.000000000000000000, 0.000000000000000000 ) ) ;
#869 = ADVANCED_FACE ( 'NONE', ( #1705, #2200, #1837, #298, #1535 ), #1154, .F. ) ;
#870 = CARTESIAN_POINT ( 'NONE',  ( 7.599999999999999645, 18.00000000000000000, 5.000000000000000888 ) ) ;
#871 = VECTOR ( 'NONE', #1717, 1000.000000000000000 ) ;
#872 = CARTESIAN_POINT ( 'NONE',  ( 6.500000000000000000, 54.00000000000000000, 2.000000000000000000 ) ) ;
#873 = ORIENTED_EDGE ( 'NONE', *, *, #409, .T. ) ;
#874 = CARTESIAN_POINT ( 'NONE',  ( 6.500000000000000000, 54.00000000000000000, 0.000000000000000000 ) ) ;
#875 = CYLINDRICAL_SURFACE ( 'NONE', #735, 1.100000000000000311 ) ;
#876 = ORIENTED_EDGE ( 'NONE', *, *, #1836, .T. ) ;
#877 = CARTESIAN_POINT ( 'NONE',  ( 2.000000000000000000, 2.000000000000000000, 22.00000000000000000 ) ) ;
#878 = APPROVAL_DATE_TIME ( #2065, #549 ) ;
#879 = ORIENTED_EDGE ( 'NONE', *, *, #106, .T. ) ;
#880 = LINE ( 'NONE', #1058, #652 ) ;
#881 = FACE_OUTER_BOUND ( 'NONE', #1798, .T. ) ;
#882 = CARTESIAN_POINT ( 'NONE',  ( 70.50000000000000000, 54.00000000000000000, 2.000000000000000000 ) ) ;
#883 = CARTESIAN_POINT ( 'NONE',  ( 7.599999999999999645, 18.00000000000000000, 22.00000000000000000 ) ) ;
#884 = ADVANCED_FACE ( 'NONE', ( #1344, #1504, #649, #1525, #840 ), #1495, .T. ) ;
#885 = ADVANCED_FACE ( 'NONE', ( #1850 ), #1325, .F. ) ;
#886 = CARTESIAN_POINT ( 'NONE',  ( 62.50000000000000000, 35.00000000000000000, 0.000000000000000000 ) ) ;
#887 = AXIS2_PLACEMENT_3D ( 'NONE', #626, #1134, #1304 ) ;
#888 = DATE_TIME_ROLE ( 'creation_date' ) ;
#889 = ORIENTED_EDGE ( 'NONE', *, *, #1264, .F. ) ;
#890 = CYLINDRICAL_SURFACE ( 'NONE', #982, 1.100000000000003642 ) ;
#891 = EDGE_LOOP ( 'NONE', ( #1502, #1108, #308, #429 ) ) ;
#892 = CARTESIAN_POINT ( 'NONE',  ( 6.500000000000000000, 54.00000000000000000, 5.000000000000000888 ) ) ;
#893 = EDGE_CURVE ( 'NONE', #1782, #2043, #2190, .T. ) ;
#894 = CARTESIAN_POINT ( 'NONE',  ( 75.00000000000000000, 59.00000000000000000, 22.00000000000000000 ) ) ;
#895 = DIRECTION ( 'NONE',  ( -1.000000000000000000, 0.000000000000000000, 0.000000000000000000 ) ) ;
#896 = ORIENTED_EDGE ( 'NONE', *, *, #264, .T. ) ;
#897 = CARTESIAN_POINT ( 'NONE',  ( 0.000000000000000000, 0.000000000000000000, 2.000000000000000000 ) ) ;
#898 = APPLICATION_PROTOCOL_DEFINITION ( 'international standard', 'config_control_design', 1994, #1671 ) ;
#899 = ORIENTED_EDGE ( 'NONE', *, *, #2087, .F. ) ;
#900 = CARTESIAN_POINT ( 'NONE',  ( 0.000000000000000000, 0.000000000000000000, 22.00000000000000000 ) ) ;
#901 = EDGE_LOOP ( 'NONE', ( #1841, #1156, #1661, #662 ) ) ;
#902 = DIRECTION ( 'NONE',  ( -0.000000000000000000, -0.000000000000000000, -1.000000000000000000 ) ) ;
#903 = DIRECTION ( 'NONE',  ( 1.000000000000000000, 0.000000000000000000, 0.000000000000000000 ) ) ;
#904 = CYLINDRICAL_SURFACE ( 'NONE', #374, 1.349999999999999645 ) ;
#905 = SECURITY_CLASSIFICATION ( '', '', #1295 ) ;
#906 = DIRECTION ( 'NONE',  ( 0.000000000000000000, 0.000000000000000000, -1.000000000000000000 ) ) ;
#907 = APPROVAL_STATUS ( 'not_yet_approved' ) ;
#908 = ORIENTED_EDGE ( 'NONE', *, *, #1860, .F. ) ;
#909 = CARTESIAN_POINT ( 'NONE',  ( 0.000000000000000000, 0.000000000000000000, 22.00000000000000000 ) ) ;
#910 = PLANE ( 'NONE',  #739 ) ;
#911 = CARTESIAN_POINT ( 'NONE',  ( 70.50000000000000000, 54.00000000000000000, 2.000000000000000000 ) ) ;
#912 = DIRECTION ( 'NONE',  ( 0.000000000000000000, 0.000000000000000000, -1.000000000000000000 ) ) ;
#913 = CARTESIAN_POINT ( 'NONE',  ( 6.500000000000000000, 18.00000000000000000, 5.000000000000000000 ) ) ;
#914 = VERTEX_POINT ( 'NONE', #698 ) ;
#915 = FACE_BOUND ( 'NONE', #2021, .T. ) ;
#916 = DATE_AND_TIME ( #87, #458 ) ;
#917 = EDGE_CURVE ( 'NONE', #1487, #1747, #1930, .T. ) ;
#918 = CIRCLE ( 'NONE', #2183, 3.000000000000000000 ) ;
#919 = ORIENTED_EDGE ( 'NONE', *, *, #1592, .T. ) ;
#920 = CIRCLE ( 'NONE', #1699, 1.350000000000004086 ) ;
#921 = DIRECTION ( 'NONE',  ( -0.000000000000000000, -1.000000000000000000, -0.000000000000000000 ) ) ;
#922 = DIRECTION ( 'NONE',  ( 1.000000000000000000, 0.000000000000000000, 0.000000000000000000 ) ) ;
#923 = CARTESIAN_POINT ( 'NONE',  ( 70.50000000000000000, 18.00000000000000000, 2.000000000000000000 ) ) ;
#924 = DIRECTION ( 'NONE',  ( -0.000000000000000000, -0.000000000000000000, 1.000000000000000000 ) ) ;
#925 = DIRECTION ( 'NONE',  ( -0.000000000000000000, -0.000000000000000000, -1.000000000000000000 ) ) ;
#926 = ORIENTED_EDGE ( 'NONE', *, *, #1362, .T. ) ;
#927 = AXIS2_PLACEMENT_3D ( 'NONE', #475, #1842, #303 ) ;
#928 = CARTESIAN_POINT ( 'NONE',  ( 39.50000000000000000, 4.900000000000000355, 2.000000000000000000 ) ) ;
#929 = DATE_TIME_ROLE ( 'classification_date' ) ;
#930 = ORIENTED_EDGE ( 'NONE', *, *, #1953, .F. ) ;
#931 = EDGE_CURVE ( 'NONE', #43, #705, #542, .T. ) ;
#932 = CIRCLE ( 'NONE', #1690, 3.000000000000002665 ) ;
#933 = SECURITY_CLASSIFICATION ( '', '', #229 ) ;
#934 = LINE ( 'NONE', #909, #2128 ) ;
#935 = CARTESIAN_POINT ( 'NONE',  ( 67.50000000000000000, 15.90000000000000036, 2.000000000000000000 ) ) ;
#936 = CC_DESIGN_PERSON_AND_ORGANIZATION_ASSIGNMENT ( #1219, #2111, ( #1947 ) ) ;
#937 = DIRECTION ( 'NONE',  ( 0.000000000000000000, 0.000000000000000000, -1.000000000000000000 ) ) ;
#938 = AXIS2_PLACEMENT_3D ( 'NONE', #463, #1464, #93 ) ;
#939 = FACE_BOUND ( 'NONE', #1881, .T. ) ;
#940 = CARTESIAN_POINT ( 'NONE',  ( 77.00000000000000000, 0.000000000000000000, 22.00000000000000000 ) ) ;
#941 = CC_DESIGN_PERSON_AND_ORGANIZATION_ASSIGNMENT ( #1194, #130, ( #346 ) ) ;
#942 = VERTEX_POINT ( 'NONE', #553 ) ;
#943 = CARTESIAN_POINT ( 'NONE',  ( 62.50000000000000000, 35.00000000000000000, 2.000000000000000000 ) ) ;
#944 = AXIS2_PLACEMENT_3D ( 'NONE', #246, #1787, #1625 ) ;
#945 = APPROVAL_STATUS ( 'not_yet_approved' ) ;
#946 = ORIENTED_EDGE ( 'NONE', *, *, #2221, .T. ) ;
#947 = AXIS2_PLACEMENT_3D ( 'NONE', #1488, #643, #1109 ) ;
#948 = VERTEX_POINT ( 'NONE', #1210 ) ;
#949 = ORIENTED_EDGE ( 'NONE', *, *, #1245, .T. ) ;
#950 = CARTESIAN_POINT ( 'NONE',  ( 50.50000000000000000, 50.50000000000000000, 2.000000000000000000 ) ) ;
#951 = DIRECTION ( 'NONE',  ( 1.000000000000000000, 0.000000000000000000, 0.000000000000000000 ) ) ;
#952 = LINE ( 'NONE', #771, #1603 ) ;
#953 = LINE ( 'NONE', #1805, #1516 ) ;
#954 = ORIENTED_EDGE ( 'NONE', *, *, #175, .F. ) ;
#955 = DIRECTION ( 'NONE',  ( 0.000000000000000000, -0.000000000000000000, 1.000000000000000000 ) ) ;
#956 = EDGE_CURVE ( 'NONE', #1510, #1150, #1046, .T. ) ;
#957 = PERSON_AND_ORGANIZATION ( #385, #1332 ) ;
#958 = EDGE_CURVE ( 'NONE', #508, #817, #199, .T. ) ;
#959 = EDGE_LOOP ( 'NONE', ( #1689, #2196, #1728, #1633 ) ) ;
#960 = ORIENTED_EDGE ( 'NONE', *, *, #2087, .T. ) ;
#961 = DIRECTION ( 'NONE',  ( -1.000000000000000000, 0.000000000000000000, 0.000000000000000000 ) ) ;
#962 = VECTOR ( 'NONE', #786, 1000.000000000000000 ) ;
#963 = UNCERTAINTY_MEASURE_WITH_UNIT (LENGTH_MEASURE( 1.000000000000000082E-05 ), #1825, 'distance_accuracy_value', 'NONE');
#964 = CARTESIAN_POINT ( 'NONE',  ( 67.49999999999998579, 54.00000000000000000, 5.000000000000000000 ) ) ;
#965 = EDGE_CURVE ( 'NONE', #836, #795, #395, .T. ) ;
#966 = FACE_OUTER_BOUND ( 'NONE', #585, .T. ) ;
#967 = LINE ( 'NONE', #928, #1668 ) ;
#968 = VECTOR ( 'NONE', #906, 1000.000000000000000 ) ;
#969 = CC_DESIGN_DATE_AND_TIME_ASSIGNMENT ( #381, #560, ( #933 ) ) ;
#970 = VERTEX_POINT ( 'NONE', #1199 ) ;
#971 = EDGE_CURVE ( 'NONE', #28, #836, #1917, .T. ) ;
#972 = ORIENTED_EDGE ( 'NONE', *, *, #8, .F. ) ;
#973 = DIRECTION ( 'NONE',  ( 0.000000000000000000, 0.000000000000000000, 1.000000000000000000 ) ) ;
#974 = DIRECTION ( 'NONE',  ( -1.000000000000000000, 0.000000000000000000, -0.000000000000000000 ) ) ;
#975 = CARTESIAN_POINT ( 'NONE',  ( 77.00000000000000000, 0.000000000000000000, 2.000000000000000000 ) ) ;
#976 = VECTOR ( 'NONE', #1052, 1000.000000000000000 ) ;
#977 = VERTEX_POINT ( 'NONE', #373 ) ;
#978 = VERTEX_POINT ( 'NONE', #1420 ) ;
#979 = DIRECTION ( 'NONE',  ( 0.000000000000000000, 0.000000000000000000, -1.000000000000000000 ) ) ;
#980 = APPROVAL_STATUS ( 'not_yet_approved' ) ;
#981 = ORIENTED_EDGE ( 'NONE', *, *, #1359, .T. ) ;
#982 = AXIS2_PLACEMENT_3D ( 'NONE', #30, #1068, #857 ) ;
#983 = ORIENTED_EDGE ( 'NONE', *, *, #697, .F. ) ;
#984 = EDGE_CURVE ( 'NONE', #705, #1383, #734, .T. ) ;
#985 = LINE ( 'NONE', #820, #436 ) ;
#986 = VECTOR ( 'NONE', #1651, 1000.000000000000000 ) ;
#987 = CARTESIAN_POINT ( 'NONE',  ( 14.50000000000000000, 50.50000000000000000, 2.000000000000000000 ) ) ;
#988 = ORIENTED_EDGE ( 'NONE', *, *, #710, .T. ) ;
#989 = CARTESIAN_POINT ( 'NONE',  ( 39.50000000000000000, 4.900000000000000355, 2.000000000000000000 ) ) ;
#990 = ORIENTED_EDGE ( 'NONE', *, *, #1083, .F. ) ;
#991 = EDGE_CURVE ( 'NONE', #1756, #1622, #880, .T. ) ;
#992 = ORIENTED_EDGE ( 'NONE', *, *, #2221, .F. ) ;
#993 = VECTOR ( 'NONE', #979, 1000.000000000000000 ) ;
#994 = CARTESIAN_POINT ( 'NONE',  ( 62.50000000000000000, 35.00000000000000000, 2.000000000000000000 ) ) ;
#995 = DIRECTION ( 'NONE',  ( -0.000000000000000000, 1.000000000000000000, 0.000000000000000000 ) ) ;
#996 = LINE ( 'NONE', #506, #2219 ) ;
#997 = ORIENTED_EDGE ( 'NONE', *, *, #2131, .F. ) ;
#998 = EDGE_LOOP ( 'NONE', ( #1645, #1799 ) ) ;
#999 = EDGE_LOOP ( 'NONE', ( #181, #1604, #1575, #1311 ) ) ;
#1000 = UNCERTAINTY_MEASURE_WITH_UNIT (LENGTH_MEASURE( 1.000000000000000082E-05 ), #1803, 'distance_accuracy_value', 'NONE');
#1001 = DIRECTION ( 'NONE',  ( -0.000000000000000000, -1.000000000000000000, -0.000000000000000000 ) ) ;
#1002 = CC_DESIGN_PERSON_AND_ORGANIZATION_ASSIGNMENT ( #1981, #1796, ( #905 ) ) ;
#1003 = CIRCLE ( 'NONE', #38, 3.000000000000001776 ) ;
#1004 = CARTESIAN_POINT ( 'NONE',  ( 14.50000000000000000, 55.50000000000000000, 0.000000000000000000 ) ) ;
#1005 = EDGE_LOOP ( 'NONE', ( #2139, #972 ) ) ;
#1006 = AXIS2_PLACEMENT_3D ( 'NONE', #1688, #1348, #163 ) ;
#1007 = DIRECTION ( 'NONE',  ( -1.000000000000000000, -0.000000000000000000, -0.000000000000000000 ) ) ;
#1008 = ORIENTED_EDGE ( 'NONE', *, *, #275, .T. ) ;
#1009 = DIRECTION ( 'NONE',  ( 0.000000000000000000, 0.000000000000000000, 1.000000000000000000 ) ) ;
#1010 = ORIENTED_EDGE ( 'NONE', *, *, #418, .T. ) ;
#1011 = VECTOR ( 'NONE', #637, 1000.000000000000000 ) ;
#1012 = DIRECTION ( 'NONE',  ( 0.000000000000000000, 0.000000000000000000, 1.000000000000000000 ) ) ;
#1013 = DIRECTION ( 'NONE',  ( -0.000000000000000000, -0.000000000000000000, -1.000000000000000000 ) ) ;
#1014 = EDGE_CURVE ( 'NONE', #1914, #2064, #1027, .T. ) ;
#1015 = DIRECTION ( 'NONE',  ( 0.000000000000000000, 0.000000000000000000, 1.000000000000000000 ) ) ;
#1016 = DATE_AND_TIME ( #1159, #1882 ) ;
#1017 = EDGE_LOOP ( 'NONE', ( #1419, #1360 ) ) ;
#1018 = APPLICATION_PROTOCOL_DEFINITION ( 'international standard', 'config_control_design', 1994, #2053 ) ;
#1019 = ORIENTED_EDGE ( 'NONE', *, *, #226, .F. ) ;
#1020 = VERTEX_POINT ( 'NONE', #2102 ) ;
#1021 = DIRECTION ( 'NONE',  ( 1.000000000000000000, 0.000000000000000000, 0.000000000000000000 ) ) ;
#1022 = DIRECTION ( 'NONE',  ( 1.000000000000000000, 0.000000000000000000, 0.000000000000000000 ) ) ;
#1023 = AXIS2_PLACEMENT_3D ( 'NONE', #1422, #2107, #578 ) ;
#1024 = CARTESIAN_POINT ( 'NONE',  ( 71.84999999999999432, 54.00000000000000000, 2.000000000000000000 ) ) ;
#1025 = EDGE_CURVE ( 'NONE', #1765, #622, #562, .T. ) ;
#1026 = CARTESIAN_POINT ( 'NONE',  ( 0.000000000000000000, 61.00000000000000000, 2.000000000000000000 ) ) ;
#1027 = CIRCLE ( 'NONE', #64, 1.349999999999999645 ) ;
#1028 = CARTESIAN_POINT ( 'NONE',  ( 71.59999999999999432, 54.00000000000000000, 5.000000000000000888 ) ) ;
#1029 = VERTEX_POINT ( 'NONE', #1585 ) ;
#1030 = CC_DESIGN_DATE_AND_TIME_ASSIGNMENT ( #1632, #293, ( #81 ) ) ;
#1031 = EDGE_LOOP ( 'NONE', ( #2015, #1226, #1678, #270 ) ) ;
#1032 = EDGE_CURVE ( 'NONE', #599, #948, #384, .T. ) ;
#1033 = VECTOR ( 'NONE', #1900, 1000.000000000000000 ) ;
#1034 = CARTESIAN_POINT ( 'NONE',  ( 14.50000000000000000, 50.50000000000000000, 0.000000000000000000 ) ) ;
#1035 = CARTESIAN_POINT ( 'NONE',  ( 6.500000000000000000, 18.00000000000000000, 0.000000000000000000 ) ) ;
#1036 = DIRECTION ( 'NONE',  ( 0.000000000000000000, 0.000000000000000000, 1.000000000000000000 ) ) ;
#1037 = ORIENTED_EDGE ( 'NONE', *, *, #533, .F. ) ;
#1038 = CARTESIAN_POINT ( 'NONE',  ( 75.00000000000000000, 2.000000000000000000, 22.00000000000000000 ) ) ;
#1039 = CIRCLE ( 'NONE', #1366, 1.099999999999999423 ) ;
#1040 = LINE ( 'NONE', #34, #7 ) ;
#1041 = APPROVAL_PERSON_ORGANIZATION ( #1231, #487, #1254 ) ;
#1042 = DIRECTION ( 'NONE',  ( -1.000000000000000000, 0.000000000000000000, 0.000000000000000000 ) ) ;
#1043 = PERSON_AND_ORGANIZATION_ROLE ( 'creator' ) ;
#1044 = AXIS2_PLACEMENT_3D ( 'NONE', #1628, #772, #68 ) ;
#1045 = ORIENTED_EDGE ( 'NONE', *, *, #1121, .F. ) ;
#1046 = LINE ( 'NONE', #361, #2006 ) ;
#1047 = EDGE_CURVE ( 'NONE', #477, #942, #920, .T. ) ;
#1048 = ADVANCED_FACE ( 'NONE', ( #1884 ), #890, .F. ) ;
#1049 = CARTESIAN_POINT ( 'NONE',  ( 73.50000000000000000, 54.00000000000000000, 5.000000000000000000 ) ) ;
#1050 = AXIS2_PLACEMENT_3D ( 'NONE', #900, #868, #1542 ) ;
#1051 = CARTESIAN_POINT ( 'NONE',  ( 71.84999999999999432, 54.00000000000000000, 0.000000000000000000 ) ) ;
#1052 = DIRECTION ( 'NONE',  ( 0.000000000000000000, 0.000000000000000000, -1.000000000000000000 ) ) ;
#1053 = LINE ( 'NONE', #877, #73 ) ;
#1054 = COORDINATED_UNIVERSAL_TIME_OFFSET ( 8, 0, .AHEAD. ) ;
#1055 = ORIENTED_EDGE ( 'NONE', *, *, #321, .F. ) ;
#1056 = ADVANCED_FACE ( 'NONE', ( #531 ), #1894, .T. ) ;
#1057 = VERTEX_POINT ( 'NONE', #1034 ) ;
#1058 = CARTESIAN_POINT ( 'NONE',  ( 2.000000000000000000, 59.00000000000000000, 22.00000000000000000 ) ) ;
#1059 = DIRECTION ( 'NONE',  ( 1.000000000000000000, 0.000000000000000000, 0.000000000000000000 ) ) ;
#1060 = ADVANCED_FACE ( 'NONE', ( #2081 ), #1573, .F. ) ;
#1061 = EDGE_LOOP ( 'NONE', ( #491, #623 ) ) ;
#1062 = DIRECTION ( 'NONE',  ( -0.000000000000000000, -0.000000000000000000, 1.000000000000000000 ) ) ;
#1063 = PLANE ( 'NONE',  #125 ) ;
#1064 = DIRECTION ( 'NONE',  ( 0.000000000000000000, 1.000000000000000000, 0.000000000000000000 ) ) ;
#1065 = CIRCLE ( 'NONE', #2103, 3.000000000000002665 ) ;
#1066 = COORDINATED_UNIVERSAL_TIME_OFFSET ( 8, 0, .AHEAD. ) ;
#1067 = ORIENTED_EDGE ( 'NONE', *, *, #1685, .T. ) ;
#1068 = DIRECTION ( 'NONE',  ( 0.000000000000000000, 0.000000000000000000, -1.000000000000000000 ) ) ;
#1069 = ORIENTED_EDGE ( 'NONE', *, *, #1014, .T. ) ;
#1070 = FACE_OUTER_BOUND ( 'NONE', #1846, .T. ) ;
#1071 = VERTEX_POINT ( 'NONE', #1554 ) ;
#1072 = DIRECTION ( 'NONE',  ( 0.000000000000000000, 0.000000000000000000, 1.000000000000000000 ) ) ;
#1073 = DIRECTION ( 'NONE',  ( 0.000000000000000000, -1.000000000000000000, 0.000000000000000000 ) ) ;
#1074 = CYLINDRICAL_SURFACE ( 'NONE', #112, 1.100000000000000311 ) ;
#1075 = VECTOR ( 'NONE', #1895, 1000.000000000000000 ) ;
#1076 = APPLICATION_PROTOCOL_DEFINITION ( 'international standard', 'config_control_design', 1994, #2206 ) ;
#1077 = ORIENTED_EDGE ( 'NONE', *, *, #430, .T. ) ;
#1078 = PLANE ( 'NONE',  #1126 ) ;
#1079 = DIRECTION ( 'NONE',  ( 0.000000000000000000, 1.000000000000000000, 0.000000000000000000 ) ) ;
#1080 = DIRECTION ( 'NONE',  ( 0.000000000000000000, -1.000000000000000000, 0.000000000000000000 ) ) ;
#1081 = ORIENTED_EDGE ( 'NONE', *, *, #2164, .T. ) ;
#1082 = CARTESIAN_POINT ( 'NONE',  ( 6.500000000000000000, 18.00000000000000000, 2.000000000000000000 ) ) ;
#1083 = EDGE_CURVE ( 'NONE', #1020, #1265, #707, .T. ) ;
#1084 = VECTOR ( 'NONE', #1193, 1000.000000000000000 ) ;
#1085 = DIRECTION ( 'NONE',  ( 0.000000000000000000, 0.000000000000000000, -1.000000000000000000 ) ) ;
#1086 = EDGE_LOOP ( 'NONE', ( #1852, #1656, #750, #1492 ) ) ;
#1087 = DIRECTION ( 'NONE',  ( 0.000000000000000000, 0.000000000000000000, 1.000000000000000000 ) ) ;
#1088 = DATE_AND_TIME ( #417, #1980 ) ;
#1089 = ORIENTED_EDGE ( 'NONE', *, *, #852, .F. ) ;
#1090 = CARTESIAN_POINT ( 'NONE',  ( 24.50000000000000000, 50.50000000000000000, 2.000000000000000000 ) ) ;
#1091 = CARTESIAN_POINT ( 'NONE',  ( 50.50000000000000000, 57.00000000000000000, 0.000000000000000000 ) ) ;
#1092 = PLANE ( 'NONE',  #221 ) ;
#1093 = DIRECTION ( 'NONE',  ( 0.000000000000000000, 0.000000000000000000, -1.000000000000000000 ) ) ;
#1094 = CARTESIAN_POINT ( 'NONE',  ( 2.000000000000000000, 59.00000000000000000, 22.00000000000000000 ) ) ;
#1095 = ADVANCED_FACE ( 'NONE', ( #790 ), #1635, .F. ) ;
#1096 = ORIENTED_EDGE ( 'NONE', *, *, #1919, .T. ) ;
#1097 = DIRECTION ( 'NONE',  ( 0.000000000000000000, 0.000000000000000000, 1.000000000000000000 ) ) ;
#1098 = PERSON_AND_ORGANIZATION_ROLE ( 'design_supplier' ) ;
#1099 = VECTOR ( 'NONE', #1870, 1000.000000000000000 ) ;
#1100 = ORIENTED_EDGE ( 'NONE', *, *, #1764, .T. ) ;
#1101 = APPROVAL ( #907, 'æœª' ) ;
#1102 = CIRCLE ( 'NONE', #1204, 1.350000000000004086 ) ;
#1103 = DIRECTION ( 'NONE',  ( 0.000000000000000000, 1.000000000000000000, 0.000000000000000000 ) ) ;
#1104 = CARTESIAN_POINT ( 'NONE',  ( 77.00000000000000000, 0.000000000000000000, 22.00000000000000000 ) ) ;
#1105 = VERTEX_POINT ( 'NONE', #277 ) ;
#1106 = DIRECTION ( 'NONE',  ( 0.000000000000000000, 1.000000000000000000, 0.000000000000000000 ) ) ;
#1107 = FACE_OUTER_BOUND ( 'NONE', #1721, .T. ) ;
#1108 = ORIENTED_EDGE ( 'NONE', *, *, #24, .F. ) ;
#1109 = DIRECTION ( 'NONE',  ( 1.000000000000000000, 0.000000000000000000, -0.000000000000000000 ) ) ;
#1110 = SHAPE_DEFINITION_REPRESENTATION ( #1608, #1529 ) ;
#1111 = VERTEX_POINT ( 'NONE', #1104 ) ;
#1112 = AXIS2_PLACEMENT_3D ( 'NONE', #1385, #376, #1726 ) ;
#1113 = LOCAL_TIME ( 2, 20, 7.000000000000000000, #1066 ) ;
#1114 = EDGE_LOOP ( 'NONE', ( #133, #1283 ) ) ;
#1115 = ORIENTED_EDGE ( 'NONE', *, *, #402, .F. ) ;
#1116 = CARTESIAN_POINT ( 'NONE',  ( 7.849999999999999645, 54.00000000000000000, 2.000000000000000000 ) ) ;
#1117 = EDGE_CURVE ( 'NONE', #1946, #836, #103, .T. ) ;
#1118 = DIRECTION ( 'NONE',  ( -0.000000000000000000, -0.000000000000000000, -1.000000000000000000 ) ) ;
#1119 = VECTOR ( 'NONE', #1166, 1000.000000000000000 ) ;
#1120 = CARTESIAN_POINT ( 'NONE',  ( 70.50000000000000000, 18.00000000000000000, 2.000000000000000000 ) ) ;
#1121 = EDGE_CURVE ( 'NONE', #1406, #1524, #1132, .T. ) ;
#1122 = ADVANCED_FACE ( 'NONE', ( #1801 ), #624, .T. ) ;
#1123 = DIRECTION ( 'NONE',  ( 1.000000000000000000, 0.000000000000000000, 0.000000000000000000 ) ) ;
#1124 = VERTEX_POINT ( 'NONE', #286 ) ;
#1125 = LINE ( 'NONE', #1992, #295 ) ;
#1126 = AXIS2_PLACEMENT_3D ( 'NONE', #1774, #1446, #232 ) ;
#1127 = LOCAL_TIME ( 2, 20, 7.000000000000000000, #1677 ) ;
#1128 = CALENDAR_DATE ( 2026, 13, 9 ) ;
#1129 = ORIENTED_EDGE ( 'NONE', *, *, #202, .F. ) ;
#1130 = EDGE_CURVE ( 'NONE', #1374, #1470, #2091, .T. ) ;
#1131 = ORIENTED_EDGE ( 'NONE', *, *, #1861, .F. ) ;
#1132 = LINE ( 'NONE', #1611, #1450 ) ;
#1133 = VERTEX_POINT ( 'NONE', #1274 ) ;
#1134 = DIRECTION ( 'NONE',  ( 0.000000000000000000, -1.000000000000000000, 0.000000000000000000 ) ) ;
#1135 = DIRECTION ( 'NONE',  ( 1.000000000000000000, 0.000000000000000000, 0.000000000000000000 ) ) ;
#1136 = EDGE_LOOP ( 'NONE', ( #1221, #798, #1793, #1867 ) ) ;
#1137 = CARTESIAN_POINT ( 'NONE',  ( 2.000000000000000000, 2.000000000000000000, 22.00000000000000000 ) ) ;
#1138 = CALENDAR_DATE ( 2026, 13, 9 ) ;
#1139 = VERTEX_POINT ( 'NONE', #935 ) ;
#1140 = AXIS2_PLACEMENT_3D ( 'NONE', #535, #2085, #12 ) ;
#1141 = EDGE_LOOP ( 'NONE', ( #39, #2187 ) ) ;
#1142 = DIRECTION ( 'NONE',  ( -0.000000000000000000, -1.000000000000000000, -0.000000000000000000 ) ) ;
#1143 = VECTOR ( 'NONE', #6, 1000.000000000000000 ) ;
#1144 = CARTESIAN_POINT ( 'NONE',  ( 67.49999999999998579, 18.00000000000000000, 5.000000000000000000 ) ) ;
#1145 = LINE ( 'NONE', #1496, #2117 ) ;
#1146 = VERTEX_POINT ( 'NONE', #950 ) ;
#1147 = LINE ( 'NONE', #119, #1230 ) ;
#1148 = AXIS2_PLACEMENT_3D ( 'NONE', #1935, #1229, #1569 ) ;
#1149 = APPROVAL_STATUS ( 'not_yet_approved' ) ;
#1150 = VERTEX_POINT ( 'NONE', #1973 ) ;
#1151 = ORIENTED_EDGE ( 'NONE', *, *, #1847, .T. ) ;
#1152 = AXIS2_PLACEMENT_3D ( 'NONE', #1035, #20, #2070 ) ;
#1153 = LOCAL_TIME ( 2, 20, 7.000000000000000000, #2163 ) ;
#1154 = PLANE ( 'NONE',  #2105 ) ;
#1155 = CARTESIAN_POINT ( 'NONE',  ( 50.50000000000000000, 57.00000000000000000, 2.000000000000000000 ) ) ;
#1156 = ORIENTED_EDGE ( 'NONE', *, *, #604, .T. ) ;
#1157 = CYLINDRICAL_SURFACE ( 'NONE', #1932, 1.099999999999999423 ) ;
#1158 = EDGE_CURVE ( 'NONE', #622, #500, #1460, .T. ) ;
#1159 = CALENDAR_DATE ( 2026, 13, 9 ) ;
#1160 = VERTEX_POINT ( 'NONE', #1473 ) ;
#1161 = CIRCLE ( 'NONE', #1944, 1.100000000000003642 ) ;
#1162 = CC_DESIGN_SECURITY_CLASSIFICATION ( #158, ( #2224 ) ) ;
#1163 = ORIENTED_EDGE ( 'NONE', *, *, #1652, .F. ) ;
#1164 = ORIENTED_EDGE ( 'NONE', *, *, #731, .T. ) ;
#1165 = LINE ( 'NONE', #831, #140 ) ;
#1166 = DIRECTION ( 'NONE',  ( -0.000000000000000000, -1.000000000000000000, -0.000000000000000000 ) ) ;
#1167 = LINE ( 'NONE', #675, #1099 ) ;
#1168 = ORIENTED_EDGE ( 'NONE', *, *, #864, .F. ) ;
#1169 = PRODUCT_RELATED_PRODUCT_CATEGORY ( 'detail', '', ( #1947 ) ) ;
#1170 = ORIENTED_EDGE ( 'NONE', *, *, #402, .T. ) ;
#1171 = VECTOR ( 'NONE', #1007, 1000.000000000000000 ) ;
#1172 = DIRECTION ( 'NONE',  ( -0.000000000000000000, -1.000000000000000000, -0.000000000000000000 ) ) ;
#1173 = DIRECTION ( 'NONE',  ( 0.000000000000000000, -0.000000000000000000, 1.000000000000000000 ) ) ;
#1174 = CARTESIAN_POINT ( 'NONE',  ( 39.50000000000000000, 4.900000000000000355, 2.000000000000000000 ) ) ;
#1175 = EDGE_CURVE ( 'NONE', #452, #530, #457, .T. ) ;
#1176 = ORIENTED_EDGE ( 'NONE', *, *, #632, .F. ) ;
#1177 = ORIENTED_EDGE ( 'NONE', *, *, #1175, .F. ) ;
#1178 = CARTESIAN_POINT ( 'NONE',  ( 73.50000000000000000, 18.00000000000000000, 5.000000000000000000 ) ) ;
#1179 = VECTOR ( 'NONE', #1355, 1000.000000000000000 ) ;
#1180 = CARTESIAN_POINT ( 'NONE',  ( 70.50000000000000000, 54.00000000000000000, 2.000000000000000000 ) ) ;
#1181 = ADVANCED_FACE ( 'NONE', ( #461 ), #910, .F. ) ;
#1182 = CARTESIAN_POINT ( 'NONE',  ( 6.500000000000000000, 18.00000000000000000, 2.000000000000000000 ) ) ;
#1183 = ORIENTED_EDGE ( 'NONE', *, *, #1285, .F. ) ;
#1184 = VERTEX_POINT ( 'NONE', #588 ) ;
#1185 = ORIENTED_EDGE ( 'NONE', *, *, #1639, .F. ) ;
#1186 = AXIS2_PLACEMENT_3D ( 'NONE', #469, #1835, #973 ) ;
#1187 = EDGE_CURVE ( 'NONE', #582, #657, #1776, .T. ) ;
#1188 = DIRECTION ( 'NONE',  ( 0.000000000000000000, 0.000000000000000000, 1.000000000000000000 ) ) ;
#1189 = LINE ( 'NONE', #1749, #802 ) ;
#1190 = ADVANCED_FACE ( 'NONE', ( #574 ), #2141, .F. ) ;
#1191 = DIRECTION ( 'NONE',  ( -0.000000000000000000, -0.000000000000000000, 1.000000000000000000 ) ) ;
#1192 = DIRECTION ( 'NONE',  ( 1.000000000000000000, 0.000000000000000000, 0.000000000000000000 ) ) ;
#1193 = DIRECTION ( 'NONE',  ( 1.000000000000000000, 0.000000000000000000, 0.000000000000000000 ) ) ;
#1194 = PERSON_AND_ORGANIZATION ( #2093, #1490 ) ;
#1195 = EDGE_CURVE ( 'NONE', #978, #1244, #230, .T. ) ;
#1196 = EDGE_LOOP ( 'NONE', ( #1582, #1588, #1410, #497 ) ) ;
#1197 = DIRECTION ( 'NONE',  ( 0.000000000000000000, 0.000000000000000000, 1.000000000000000000 ) ) ;
#1198 = EDGE_LOOP ( 'NONE', ( #919, #1521 ) ) ;
#1199 = CARTESIAN_POINT ( 'NONE',  ( 69.14999999999999147, 54.00000000000000000, 2.000000000000000000 ) ) ;
#1200 = DIRECTION ( 'NONE',  ( -1.000000000000000000, 0.000000000000000000, 0.000000000000000000 ) ) ;
#1201 = CIRCLE ( 'NONE', #247, 3.000000000000002665 ) ;
#1202 = CARTESIAN_POINT ( 'NONE',  ( 7.849999999999999645, 18.00000000000000000, 2.000000000000000000 ) ) ;
#1203 = PLANE ( 'NONE',  #1023 ) ;
#1204 = AXIS2_PLACEMENT_3D ( 'NONE', #344, #155, #814 ) ;
#1205 = FACE_OUTER_BOUND ( 'NONE', #1620, .T. ) ;
#1206 = LINE ( 'NONE', #206, #581 ) ;
#1207 = APPROVAL_DATE_TIME ( #1088, #145 ) ;
#1208 = ORIENTED_EDGE ( 'NONE', *, *, #1738, .T. ) ;
#1209 = ADVANCED_FACE ( 'NONE', ( #1984 ), #613, .T. ) ;
#1210 = CARTESIAN_POINT ( 'NONE',  ( 0.000000000000000000, 61.00000000000000000, 22.00000000000000000 ) ) ;
#1211 = ORIENTED_EDGE ( 'NONE', *, *, #1158, .T. ) ;
#1212 = DIRECTION ( 'NONE',  ( -1.000000000000000000, 0.000000000000000000, 0.000000000000000000 ) ) ;
#1213 = DIRECTION ( 'NONE',  ( 0.000000000000000000, 0.000000000000000000, -1.000000000000000000 ) ) ;
#1214 = FACE_BOUND ( 'NONE', #656, .T. ) ;
#1215 = CIRCLE ( 'NONE', #79, 1.100000000000003642 ) ;
#1216 = CARTESIAN_POINT ( 'NONE',  ( 69.39999999999999147, 18.00000000000000000, 22.00000000000000000 ) ) ;
#1217 = EDGE_CURVE ( 'NONE', #1322, #2076, #233, .T. ) ;
#1218 = DIRECTION ( 'NONE',  ( 0.000000000000000000, 0.000000000000000000, -1.000000000000000000 ) ) ;
#1219 = PERSON_AND_ORGANIZATION ( #385, #1332 ) ;
#1220 = VECTOR ( 'NONE', #312, 1000.000000000000000 ) ;
#1221 = ORIENTED_EDGE ( 'NONE', *, *, #604, .F. ) ;
#1222 = VECTOR ( 'NONE', #76, 1000.000000000000000 ) ;
#1223 = CARTESIAN_POINT ( 'NONE',  ( 39.50000000000000000, 4.900000000000000355, 0.000000000000000000 ) ) ;
#1224 = LOCAL_TIME ( 2, 20, 7.000000000000000000, #120 ) ;
#1225 = CARTESIAN_POINT ( 'NONE',  ( 70.50000000000000000, 43.00000000000000000, 2.000000000000000000 ) ) ;
#1226 = ORIENTED_EDGE ( 'NONE', *, *, #958, .T. ) ;
#1227 = FACE_BOUND ( 'NONE', #357, .T. ) ;
#1228 = DIRECTION ( 'NONE',  ( -1.000000000000000000, 0.000000000000000000, 0.000000000000000000 ) ) ;
#1229 = DIRECTION ( 'NONE',  ( -0.000000000000000000, -0.000000000000000000, -1.000000000000000000 ) ) ;
#1230 = VECTOR ( 'NONE', #1317, 1000.000000000000000 ) ;
#1231 = PERSON_AND_ORGANIZATION ( #385, #1332 ) ;
#1232 = VERTEX_POINT ( 'NONE', #768 ) ;
#1233 = CC_DESIGN_PERSON_AND_ORGANIZATION_ASSIGNMENT ( #630, #2176, ( #251 ) ) ;
#1234 = ORIENTED_EDGE ( 'NONE', *, *, #1953, .T. ) ;
#1235 = CARTESIAN_POINT ( 'NONE',  ( 0.000000000000000000, 61.00000000000000000, 22.00000000000000000 ) ) ;
#1236 = ORIENTED_EDGE ( 'NONE', *, *, #2154, .T. ) ;
#1237 = CARTESIAN_POINT ( 'NONE',  ( 2.000000000000000000, 59.00000000000000000, 22.00000000000000000 ) ) ;
#1238 = DIRECTION ( 'NONE',  ( 0.000000000000000000, 0.000000000000000000, -1.000000000000000000 ) ) ;
#1239 = DIRECTION ( 'NONE',  ( 1.000000000000000000, 0.000000000000000000, 0.000000000000000000 ) ) ;
#1240 = AXIS2_PLACEMENT_3D ( 'NONE', #713, #388, #903 ) ;
#1241 = CARTESIAN_POINT ( 'NONE',  ( 62.50000000000000000, 35.00000000000000000, 2.000000000000000000 ) ) ;
#1242 = CIRCLE ( 'NONE', #848, 1.349999999999999645 ) ;
#1243 = DATE_AND_TIME ( #1394, #1513 ) ;
#1244 = VERTEX_POINT ( 'NONE', #2129 ) ;
#1245 = EDGE_CURVE ( 'NONE', #1133, #1273, #601, .T. ) ;
#1246 = DIRECTION ( 'NONE',  ( 0.000000000000000000, 1.000000000000000000, 0.000000000000000000 ) ) ;
#1247 = VECTOR ( 'NONE', #1641, 1000.000000000000000 ) ;
#1248 = PLANE ( 'NONE',  #693 ) ;
#1249 = DIRECTION ( 'NONE',  ( 0.000000000000000000, 0.000000000000000000, -1.000000000000000000 ) ) ;
#1250 = DIRECTION ( 'NONE',  ( 0.000000000000000000, 1.000000000000000000, 0.000000000000000000 ) ) ;
#1251 = EDGE_LOOP ( 'NONE', ( #2101, #498, #1680, #392 ) ) ;
#1252 = PLANE ( 'NONE',  #688 ) ;
#1253 =( GEOMETRIC_REPRESENTATION_CONTEXT ( 3 ) GLOBAL_UNCERTAINTY_ASSIGNED_CONTEXT ( ( #1000 ) ) GLOBAL_UNIT_ASSIGNED_CONTEXT ( ( #1803, #1373, #1303 ) ) REPRESENTATION_CONTEXT ( 'NONE', 'WORKASPACE' ) );
#1254 = APPROVAL_ROLE ( '' ) ;
#1255 = EDGE_LOOP ( 'NONE', ( #242, #2052, #1540, #1010 ) ) ;
#1256 = AXIS2_PLACEMENT_3D ( 'NONE', #1719, #566, #1228 ) ;
#1257 = FACE_BOUND ( 'NONE', #2188, .T. ) ;
#1258 = DIRECTION ( 'NONE',  ( 0.000000000000000000, 0.000000000000000000, -1.000000000000000000 ) ) ;
#1259 = DIRECTION ( 'NONE',  ( -0.000000000000000000, -0.000000000000000000, -1.000000000000000000 ) ) ;
#1260 = ADVANCED_FACE ( 'NONE', ( #297 ), #1998, .T. ) ;
#1261 = LINE ( 'NONE', #1144, #1500 ) ;
#1262 = CIRCLE ( 'NONE', #1553, 3.000000000000002665 ) ;
#1263 = FACE_OUTER_BOUND ( 'NONE', #1086, .T. ) ;
#1264 = EDGE_CURVE ( 'NONE', #1105, #977, #2167, .T. ) ;
#1265 = VERTEX_POINT ( 'NONE', #1313 ) ;
#1266 = DIRECTION ( 'NONE',  ( -0.000000000000000000, 1.000000000000000000, 0.000000000000000000 ) ) ;
#1267 = APPROVAL_DATE_TIME ( #595, #784 ) ;
#1268 = EDGE_CURVE ( 'NONE', #1150, #1184, #1375, .T. ) ;
#1269 = ORIENTED_EDGE ( 'NONE', *, *, #1754, .T. ) ;
#1270 = VECTOR ( 'NONE', #465, 1000.000000000000000 ) ;
#1271 = EDGE_LOOP ( 'NONE', ( #2022, #1129, #1293, #1089 ) ) ;
#1272 = CARTESIAN_POINT ( 'NONE',  ( 7.849999999999999645, 18.00000000000000000, 2.000000000000000000 ) ) ;
#1273 = VERTEX_POINT ( 'NONE', #432 ) ;
#1274 = CARTESIAN_POINT ( 'NONE',  ( 0.000000000000000000, 61.00000000000000000, 0.000000000000000000 ) ) ;
#1275 = CYLINDRICAL_SURFACE ( 'NONE', #2161, 1.350000000000004086 ) ;
#1276 = DIRECTION ( 'NONE',  ( -1.000000000000000000, 0.000000000000000000, 0.000000000000000000 ) ) ;
#1277 = DIRECTION ( 'NONE',  ( -1.000000000000000000, 0.000000000000000000, 0.000000000000000000 ) ) ;
#1278 = ORIENTED_EDGE ( 'NONE', *, *, #94, .F. ) ;
#1279 = DIRECTION ( 'NONE',  ( -0.000000000000000000, -0.000000000000000000, -1.000000000000000000 ) ) ;
#1280 = DATE_AND_TIME ( #2005, #16 ) ;
#1281 = CIRCLE ( 'NONE', #1240, 3.000000000000002665 ) ;
#1282 = ORIENTED_EDGE ( 'NONE', *, *, #1386, .T. ) ;
#1283 = ORIENTED_EDGE ( 'NONE', *, *, #2024, .F. ) ;
#1284 = ADVANCED_FACE ( 'NONE', ( #1545 ), #257, .T. ) ;
#1285 = EDGE_CURVE ( 'NONE', #1782, #636, #1431, .T. ) ;
#1286 = ORIENTED_EDGE ( 'NONE', *, *, #331, .T. ) ;
#1287 = CARTESIAN_POINT ( 'NONE',  ( 75.00000000000000000, 2.000000000000000000, 22.00000000000000000 ) ) ;
#1288 = CARTESIAN_POINT ( 'NONE',  ( 69.39999999999999147, 54.00000000000000000, 5.000000000000000888 ) ) ;
#1289 = CARTESIAN_POINT ( 'NONE',  ( 5.400000000000000355, 54.00000000000000000, 5.000000000000000888 ) ) ;
#1290 = ADVANCED_BREP_SHAPE_REPRESENTATION ( '', ( #1416, #1543 ), #586 ) ;
#1291 = VECTOR ( 'NONE', #1605, 1000.000000000000000 ) ;
#1292 = CARTESIAN_POINT ( 'NONE',  ( 14.50000000000000000, 55.50000000000000000, 2.000000000000000000 ) ) ;
#1293 = ORIENTED_EDGE ( 'NONE', *, *, #706, .F. ) ;
#1294 = DIRECTION ( 'NONE',  ( 1.000000000000000000, 0.000000000000000000, 0.000000000000000000 ) ) ;
#1295 = SECURITY_CLASSIFICATION_LEVEL ( 'unclassified' ) ;
#1296 = EDGE_CURVE ( 'NONE', #948, #2036, #934, .T. ) ;
#1297 = EDGE_LOOP ( 'NONE', ( #329, #561, #1301, #1176 ) ) ;
#1298 = AXIS2_PLACEMENT_3D ( 'NONE', #1877, #2083, #1200 ) ;
#1299 = LOCAL_TIME ( 2, 20, 7.000000000000000000, #241 ) ;
#1300 = ORIENTED_EDGE ( 'NONE', *, *, #1583, .F. ) ;
#1301 = ORIENTED_EDGE ( 'NONE', *, *, #1047, .F. ) ;
#1302 = DIRECTION ( 'NONE',  ( 0.000000000000000000, 0.000000000000000000, -1.000000000000000000 ) ) ;
#1303 =( NAMED_UNIT ( * ) SI_UNIT ( $, .STERADIAN. ) SOLID_ANGLE_UNIT ( ) );
#1304 = DIRECTION ( 'NONE',  ( 0.000000000000000000, -0.000000000000000000, -1.000000000000000000 ) ) ;
#1305 = CARTESIAN_POINT ( 'NONE',  ( 77.00000000000000000, 0.000000000000000000, 0.000000000000000000 ) ) ;
#1306 = ORIENTED_EDGE ( 'NONE', *, *, #1738, .F. ) ;
#1307 = DIRECTION ( 'NONE',  ( 0.000000000000000000, 0.000000000000000000, -1.000000000000000000 ) ) ;
#1308 = AXIS2_PLACEMENT_3D ( 'NONE', #1090, #766, #600 ) ;
#1309 = CC_DESIGN_SECURITY_CLASSIFICATION ( #905, ( #634 ) ) ;
#1310 = PERSON_AND_ORGANIZATION_ROLE ( 'creator' ) ;
#1311 = ORIENTED_EDGE ( 'NONE', *, *, #609, .F. ) ;
#1312 = ORIENTED_EDGE ( 'NONE', *, *, #175, .T. ) ;
#1313 = CARTESIAN_POINT ( 'NONE',  ( 24.50000000000000000, 55.50000000000000000, 2.000000000000000000 ) ) ;
#1314 = DIRECTION ( 'NONE',  ( -1.000000000000000000, 0.000000000000000000, -0.000000000000000000 ) ) ;
#1315 = LINE ( 'NONE', #1515, #1119 ) ;
#1316 = ORIENTED_EDGE ( 'NONE', *, *, #1412, .T. ) ;
#1317 = DIRECTION ( 'NONE',  ( -0.000000000000000000, -0.000000000000000000, -1.000000000000000000 ) ) ;
#1318 = APPROVAL_ROLE ( '' ) ;
#1319 = ORIENTED_EDGE ( 'NONE', *, *, #74, .T. ) ;
#1320 = CIRCLE ( 'NONE', #1713, 1.349999999999999645 ) ;
#1321 = EDGE_LOOP ( 'NONE', ( #703, #1395, #1704, #1700 ) ) ;
#1322 = VERTEX_POINT ( 'NONE', #2113 ) ;
#1323 = VECTOR ( 'NONE', #1333, 1000.000000000000000 ) ;
#1324 = ADVANCED_FACE ( 'NONE', ( #1623 ), #587, .T. ) ;
#1325 = CYLINDRICAL_SURFACE ( 'NONE', #822, 1.349999999999999645 ) ;
#1326 = DIRECTION ( 'NONE',  ( 0.000000000000000000, 0.000000000000000000, 1.000000000000000000 ) ) ;
#1327 = VERTEX_POINT ( 'NONE', #1378 ) ;
#1328 = DIRECTION ( 'NONE',  ( 1.000000000000000000, -0.000000000000000000, 0.000000000000000000 ) ) ;
#1329 = PERSON_AND_ORGANIZATION ( #1691, #49 ) ;
#1330 = ORIENTED_EDGE ( 'NONE', *, *, #1693, .F. ) ;
#1331 = VERTEX_POINT ( 'NONE', #1272 ) ;
#1332 = ORGANIZATION ( 'æœª', 'æœª', '' ) ;
#1333 = DIRECTION ( 'NONE',  ( 1.000000000000000000, 0.000000000000000000, 0.000000000000000000 ) ) ;
#1334 = EDGE_CURVE ( 'NONE', #102, #970, #309, .T. ) ;
#1335 = CARTESIAN_POINT ( 'NONE',  ( 75.00000000000000000, 59.00000000000000000, 22.00000000000000000 ) ) ;
#1336 = VECTOR ( 'NONE', #749, 1000.000000000000000 ) ;
#1337 = ORIENTED_EDGE ( 'NONE', *, *, #594, .T. ) ;
#1338 = PLANE ( 'NONE',  #1750 ) ;
#1339 = EDGE_CURVE ( 'NONE', #1331, #1914, #178, .T. ) ;
#1340 = ORIENTED_EDGE ( 'NONE', *, *, #1393, .T. ) ;
#1341 = AXIS2_PLACEMENT_3D ( 'NONE', #416, #1087, #194 ) ;
#1342 = CC_DESIGN_DATE_AND_TIME_ASSIGNMENT ( #1698, #2013, ( #158 ) ) ;
#1343 = ORIENTED_EDGE ( 'NONE', *, *, #2077, .F. ) ;
#1344 = FACE_BOUND ( 'NONE', #1965, .T. ) ;
#1345 = DIRECTION ( 'NONE',  ( 0.000000000000000000, 0.000000000000000000, 1.000000000000000000 ) ) ;
#1346 = DIRECTION ( 'NONE',  ( 0.000000000000000000, 0.000000000000000000, -1.000000000000000000 ) ) ;
#1347 = ORIENTED_EDGE ( 'NONE', *, *, #394, .F. ) ;
#1348 = DIRECTION ( 'NONE',  ( 0.000000000000000000, 0.000000000000000000, 1.000000000000000000 ) ) ;
#1349 = EDGE_CURVE ( 'NONE', #2041, #351, #1520, .T. ) ;
#1350 = ORIENTED_EDGE ( 'NONE', *, *, #1187, .T. ) ;
#1351 = ADVANCED_FACE ( 'NONE', ( #1257, #1556 ), #1078, .T. ) ;
#1352 = EDGE_CURVE ( 'NONE', #1848, #863, #1262, .T. ) ;
#1353 = AXIS2_PLACEMENT_3D ( 'NONE', #378, #225, #1411 ) ;
#1354 = CARTESIAN_POINT ( 'NONE',  ( 0.000000000000000000, 0.000000000000000000, 0.000000000000000000 ) ) ;
#1355 = DIRECTION ( 'NONE',  ( -0.000000000000000000, -0.000000000000000000, -1.000000000000000000 ) ) ;
#1356 = EDGE_LOOP ( 'NONE', ( #1551, #1037, #926, #382 ) ) ;
#1357 = CARTESIAN_POINT ( 'NONE',  ( 3.499999999999998668, 54.00000000000000000, 2.000000000000000000 ) ) ;
#1358 = COORDINATED_UNIVERSAL_TIME_OFFSET ( 8, 0, .AHEAD. ) ;
#1359 = EDGE_CURVE ( 'NONE', #396, #657, #2025, .T. ) ;
#1360 = ORIENTED_EDGE ( 'NONE', *, *, #1978, .T. ) ;
#1361 = CLOSED_SHELL ( 'NONE', ( #676, #335, #2189, #1670, #3, #579, #1624, #1181, #1614, #1501, #431, #367, #1260, #2185, #2215, #414, #2063, #572, #1324, #2114, #1056, #25, #1733, #238, #1284, #326, #885, #1928, #1456, #1095 ) ) ;
#1362 = EDGE_CURVE ( 'NONE', #598, #914, #363, .T. ) ;
#1363 = ORIENTED_EDGE ( 'NONE', *, *, #1393, .F. ) ;
#1364 = PRODUCT_DEFINITION ( 'æœ', '', #634, #2079 ) ;
#1365 = FACE_OUTER_BOUND ( 'NONE', #1136, .T. ) ;
#1366 = AXIS2_PLACEMENT_3D ( 'NONE', #892, #201, #1022 ) ;
#1367 = EDGE_CURVE ( 'NONE', #1406, #1327, #2127, .T. ) ;
#1368 = CYLINDRICAL_SURFACE ( 'NONE', #1112, 3.000000000000000888 ) ;
#1369 = CARTESIAN_POINT ( 'NONE',  ( 62.50000000000000000, 35.00000000000000000, 2.000000000000000000 ) ) ;
#1370 = DIRECTION ( 'NONE',  ( 0.000000000000000000, 1.000000000000000000, 0.000000000000000000 ) ) ;
#1371 = AXIS2_PLACEMENT_3D ( 'NONE', #1483, #1824, #1815 ) ;
#1372 = ORIENTED_EDGE ( 'NONE', *, *, #984, .T. ) ;
#1373 =( NAMED_UNIT ( * ) PLANE_ANGLE_UNIT ( ) SI_UNIT ( $, .RADIAN. ) );
#1374 = VERTEX_POINT ( 'NONE', #700 ) ;
#1375 = CIRCLE ( 'NONE', #633, 1.100000000000003642 ) ;
#1376 = CARTESIAN_POINT ( 'NONE',  ( 2.000000000000000000, 59.00000000000000000, 2.000000000000001776 ) ) ;
#1377 = CARTESIAN_POINT ( 'NONE',  ( 0.000000000000000000, 61.00000000000000000, 0.000000000000000000 ) ) ;
#1378 = CARTESIAN_POINT ( 'NONE',  ( 58.50000000000000000, 57.00000000000000000, 2.000000000000000000 ) ) ;
#1379 = DIRECTION ( 'NONE',  ( 0.000000000000000000, 0.000000000000000000, 1.000000000000000000 ) ) ;
#1380 = CYLINDRICAL_SURFACE ( 'NONE', #1880, 3.000000000000002665 ) ;
#1381 = ORIENTED_EDGE ( 'NONE', *, *, #343, .T. ) ;
#1382 = PERSON_AND_ORGANIZATION ( #385, #1332 ) ;
#1383 = VERTEX_POINT ( 'NONE', #377 ) ;
#1384 = CARTESIAN_POINT ( 'NONE',  ( 14.50000000000000000, 50.50000000000000000, 2.000000000000000000 ) ) ;
#1385 = CARTESIAN_POINT ( 'NONE',  ( 6.500000000000000000, 54.00000000000000000, 5.000000000000000000 ) ) ;
#1386 = EDGE_CURVE ( 'NONE', #582, #1029, #1855, .T. ) ;
#1387 = CIRCLE ( 'NONE', #1468, 3.000000000000002665 ) ;
#1388 = CARTESIAN_POINT ( 'NONE',  ( 50.50000000000000000, 50.50000000000000000, 2.000000000000000000 ) ) ;
#1389 = LINE ( 'NONE', #191, #2145 ) ;
#1390 = AXIS2_PLACEMENT_3D ( 'NONE', #846, #658, #2222 ) ;
#1391 = LINE ( 'NONE', #1216, #976 ) ;
#1392 = CARTESIAN_POINT ( 'NONE',  ( 50.50000000000000000, 57.00000000000000000, 2.000000000000000000 ) ) ;
#1393 = EDGE_CURVE ( 'NONE', #102, #530, #2071, .T. ) ;
#1394 = CALENDAR_DATE ( 2026, 13, 9 ) ;
#1395 = ORIENTED_EDGE ( 'NONE', *, *, #1754, .F. ) ;
#1396 = AXIS2_PLACEMENT_3D ( 'NONE', #1392, #70, #1769 ) ;
#1397 = CARTESIAN_POINT ( 'NONE',  ( 70.50000000000000000, 35.00000000000000000, 2.000000000000000000 ) ) ;
#1398 = DIRECTION ( 'NONE',  ( 0.000000000000000000, 0.000000000000000000, 1.000000000000000000 ) ) ;
#1399 = LINE ( 'NONE', #1038, #2217 ) ;
#1400 = AXIS2_PLACEMENT_3D ( 'NONE', #792, #1118, #397 ) ;
#1401 = FACE_OUTER_BOUND ( 'NONE', #501, .T. ) ;
#1402 = LINE ( 'NONE', #559, #479 ) ;
#1403 = ADVANCED_FACE ( 'NONE', ( #10 ), #60, .T. ) ;
#1404 = PERSON_AND_ORGANIZATION_ROLE ( 'classification_officer' ) ;
#1405 = VECTOR ( 'NONE', #1869, 1000.000000000000000 ) ;
#1406 = VERTEX_POINT ( 'NONE', #421 ) ;
#1407 = DIRECTION ( 'NONE',  ( -0.000000000000000000, -1.000000000000000000, -0.000000000000000000 ) ) ;
#1408 = APPROVAL_PERSON_ORGANIZATION ( #1329, #11, #2040 ) ;
#1409 = CARTESIAN_POINT ( 'NONE',  ( 6.500000000000000000, 18.00000000000000000, 5.000000000000000888 ) ) ;
#1410 = ORIENTED_EDGE ( 'NONE', *, *, #1886, .T. ) ;
#1411 = DIRECTION ( 'NONE',  ( 0.000000000000000000, -0.000000000000000000, -1.000000000000000000 ) ) ;
#1412 = EDGE_CURVE ( 'NONE', #2032, #788, #1161, .T. ) ;
#1413 = DIRECTION ( 'NONE',  ( -1.000000000000000000, 0.000000000000000000, 0.000000000000000000 ) ) ;
#1414 = ORIENTED_EDGE ( 'NONE', *, *, #2078, .T. ) ;
#1415 = CARTESIAN_POINT ( 'NONE',  ( 39.50000000000000000, 15.90000000000000036, 2.000000000000000000 ) ) ;
#1416 = MANIFOLD_SOLID_BREP ( 'ÇÐ³ý-À­Éì3', #1361 ) ;
#1417 = DATE_AND_TIME ( #744, #862 ) ;
#1418 = ADVANCED_FACE ( 'NONE', ( #861 ), #1753, .F. ) ;
#1419 = ORIENTED_EDGE ( 'NONE', *, *, #864, .T. ) ;
#1420 = CARTESIAN_POINT ( 'NONE',  ( 71.84999999999999432, 18.00000000000000000, 2.000000000000000000 ) ) ;
#1421 = CARTESIAN_POINT ( 'NONE',  ( 73.50000000000000000, 18.00000000000000000, 2.000000000000000000 ) ) ;
#1422 = CARTESIAN_POINT ( 'NONE',  ( 0.000000000000000000, 0.000000000000000000, 0.000000000000000000 ) ) ;
#1423 = CARTESIAN_POINT ( 'NONE',  ( 75.00000000000000000, 2.000000000000000000, 22.00000000000000000 ) ) ;
#1424 = VECTOR ( 'NONE', #849, 1000.000000000000000 ) ;
#1425 = ORIENTED_EDGE ( 'NONE', *, *, #167, .F. ) ;
#1426 = CARTESIAN_POINT ( 'NONE',  ( 2.000000000000000000, 2.000000000000000000, 22.00000000000000000 ) ) ;
#1427 = AXIS2_PLACEMENT_3D ( 'NONE', #1876, #521, #165 ) ;
#1428 = SHAPE_DEFINITION_REPRESENTATION ( #67, #1856 ) ;
#1429 = ORIENTED_EDGE ( 'NONE', *, *, #1264, .T. ) ;
#1430 = EDGE_CURVE ( 'NONE', #231, #2032, #1391, .T. ) ;
#1431 = LINE ( 'NONE', #190, #14 ) ;
#1432 = DIRECTION ( 'NONE',  ( -1.000000000000000000, 0.000000000000000000, 0.000000000000000000 ) ) ;
#1433 = PRODUCT_DEFINITION ( 'æœ', '', #730, #2126 ) ;
#1434 = DIRECTION ( 'NONE',  ( -1.000000000000000000, 0.000000000000000000, 0.000000000000000000 ) ) ;
#1435 = EDGE_LOOP ( 'NONE', ( #2112, #1991, #2166, #169 ) ) ;
#1436 = CARTESIAN_POINT ( 'NONE',  ( 5.150000000000001243, 54.00000000000000000, 2.000000000000000000 ) ) ;
#1437 = ADVANCED_FACE ( 'NONE', ( #216 ), #1730, .T. ) ;
#1438 = LINE ( 'NONE', #794, #1731 ) ;
#1439 = CC_DESIGN_DATE_AND_TIME_ASSIGNMENT ( #1879, #1708, ( #346 ) ) ;
#1440 = ORIENTED_EDGE ( 'NONE', *, *, #32, .T. ) ;
#1441 = VECTOR ( 'NONE', #333, 1000.000000000000000 ) ;
#1442 = DIRECTION ( 'NONE',  ( 0.000000000000000000, 0.000000000000000000, -1.000000000000000000 ) ) ;
#1443 = APPLICATION_PROTOCOL_DEFINITION ( 'international standard', 'config_control_design', 1994, #1629 ) ;
#1444 = EDGE_LOOP ( 'NONE', ( #694, #1372, #281, #1478 ) ) ;
#1445 = VECTOR ( 'NONE', #925, 1000.000000000000000 ) ;
#1446 = DIRECTION ( 'NONE',  ( 0.000000000000000000, 0.000000000000000000, 1.000000000000000000 ) ) ;
#1447 = CARTESIAN_POINT ( 'NONE',  ( 77.00000000000000000, 61.00000000000000000, 2.000000000000000000 ) ) ;
#1448 = DIRECTION ( 'NONE',  ( -1.000000000000000000, 0.000000000000000000, 0.000000000000000000 ) ) ;
#1449 = FACE_OUTER_BOUND ( 'NONE', #2055, .T. ) ;
#1450 = VECTOR ( 'NONE', #1938, 1000.000000000000000 ) ;
#1451 = CARTESIAN_POINT ( 'NONE',  ( 6.500000000000000000, 18.00000000000000000, 2.000000000000000000 ) ) ;
#1452 = CARTESIAN_POINT ( 'NONE',  ( 7.849999999999999645, 18.00000000000000000, 0.000000000000000000 ) ) ;
#1453 = CARTESIAN_POINT ( 'NONE',  ( 71.59999999999999432, 18.00000000000000000, 22.00000000000000000 ) ) ;
#1454 = ADVANCED_FACE ( 'NONE', ( #356 ), #1380, .T. ) ;
#1455 = APPROVAL_ROLE ( '' ) ;
#1456 = ADVANCED_FACE ( 'NONE', ( #1205 ), #1559, .F. ) ;
#1457 = EDGE_LOOP ( 'NONE', ( #100, #464 ) ) ;
#1458 = ORIENTED_EDGE ( 'NONE', *, *, #503, .F. ) ;
#1459 = EDGE_LOOP ( 'NONE', ( #679, #1995, #552, #1806 ) ) ;
#1460 = LINE ( 'NONE', #1447, #695 ) ;
#1461 = LINE ( 'NONE', #248, #1977 ) ;
#1462 = DIRECTION ( 'NONE',  ( -0.000000000000000000, -0.000000000000000000, -1.000000000000000000 ) ) ;
#1463 = EDGE_CURVE ( 'NONE', #1273, #1859, #389, .T. ) ;
#1464 = DIRECTION ( 'NONE',  ( -1.000000000000000000, 0.000000000000000000, 0.000000000000000000 ) ) ;
#1465 = ORIENTED_EDGE ( 'NONE', *, *, #674, .F. ) ;
#1466 = CARTESIAN_POINT ( 'NONE',  ( 5.399999999999999467, 18.00000000000000000, 0.000000000000000000 ) ) ;
#1467 = APPROVAL_STATUS ( 'not_yet_approved' ) ;
#1468 = AXIS2_PLACEMENT_3D ( 'NONE', #1648, #472, #1999 ) ;
#1469 = ORIENTED_EDGE ( 'NONE', *, *, #470, .F. ) ;
#1470 = VERTEX_POINT ( 'NONE', #204 ) ;
#1471 = EDGE_LOOP ( 'NONE', ( #411, #456, #350, #896 ) ) ;
#1472 = ORIENTED_EDGE ( 'NONE', *, *, #1195, .T. ) ;
#1473 = CARTESIAN_POINT ( 'NONE',  ( 3.499999999999999556, 18.00000000000000000, 5.000000000000000000 ) ) ;
#1474 = DIRECTION ( 'NONE',  ( -0.000000000000000000, -0.000000000000000000, 1.000000000000000000 ) ) ;
#1475 = DIRECTION ( 'NONE',  ( -0.000000000000000000, -0.000000000000000000, -1.000000000000000000 ) ) ;
#1476 = AXIS2_PLACEMENT_3D ( 'NONE', #228, #56, #46 ) ;
#1477 = LINE ( 'NONE', #1963, #154 ) ;
#1478 = ORIENTED_EDGE ( 'NONE', *, *, #732, .T. ) ;
#1479 = LINE ( 'NONE', #796, #1270 ) ;
#1480 = COORDINATED_UNIVERSAL_TIME_OFFSET ( 8, 0, .AHEAD. ) ;
#1481 = ORIENTED_EDGE ( 'NONE', *, *, #1886, .F. ) ;
#1482 = ORIENTED_EDGE ( 'NONE', *, *, #958, .F. ) ;
#1483 = CARTESIAN_POINT ( 'NONE',  ( 70.50000000000000000, 18.00000000000000000, 5.000000000000000000 ) ) ;
#1484 = PERSON_AND_ORGANIZATION ( #385, #1332 ) ;
#1485 = CARTESIAN_POINT ( 'NONE',  ( 77.00000000000000000, 61.00000000000000000, 22.00000000000000000 ) ) ;
#1486 = DIRECTION ( 'NONE',  ( -0.000000000000000000, -1.000000000000000000, -0.000000000000000000 ) ) ;
#1487 = VERTEX_POINT ( 'NONE', #1934 ) ;
#1488 = CARTESIAN_POINT ( 'NONE',  ( 70.50000000000000000, 18.00000000000000000, 5.000000000000000000 ) ) ;
#1489 = AXIS2_PLACEMENT_3D ( 'NONE', #1388, #544, #1213 ) ;
#1490 = ORGANIZATION ( 'NAUO-ORG2', 'UNSPECIFIED', 'UNSPECIFIED' ) ;
#1491 = APPROVAL_ROLE ( '' ) ;
#1492 = ORIENTED_EDGE ( 'NONE', *, *, #1836, .F. ) ;
#1493 = EDGE_CURVE ( 'NONE', #817, #1634, #2086, .T. ) ;
#1494 = VERTEX_POINT ( 'NONE', #692 ) ;
#1495 = PLANE ( 'NONE',  #1681 ) ;
#1496 = CARTESIAN_POINT ( 'NONE',  ( 39.50000000000000000, 4.900000000000000355, 2.000000000000000000 ) ) ;
#1497 = ORIENTED_EDGE ( 'NONE', *, *, #198, .F. ) ;
#1498 = DIRECTION ( 'NONE',  ( 0.000000000000000000, 0.000000000000000000, 1.000000000000000000 ) ) ;
#1499 = ORIENTED_EDGE ( 'NONE', *, *, #349, .T. ) ;
#1500 = VECTOR ( 'NONE', #1462, 1000.000000000000000 ) ;
#1501 = ADVANCED_FACE ( 'NONE', ( #400 ), #1063, .F. ) ;
#1502 = ORIENTED_EDGE ( 'NONE', *, *, #1245, .F. ) ;
#1503 = VECTOR ( 'NONE', #1659, 1000.000000000000000 ) ;
#1504 = FACE_BOUND ( 'NONE', #72, .T. ) ;
#1505 = CC_DESIGN_DATE_AND_TIME_ASSIGNMENT ( #728, #888, ( #2134 ) ) ;
#1506 = DIRECTION ( 'NONE',  ( -0.000000000000000000, -1.000000000000000000, -0.000000000000000000 ) ) ;
#1507 = ORIENTED_EDGE ( 'NONE', *, *, #1522, .F. ) ;
#1508 = DIRECTION ( 'NONE',  ( 0.000000000000000000, -0.000000000000000000, 1.000000000000000000 ) ) ;
#1509 = APPROVAL_STATUS ( 'not_yet_approved' ) ;
#1510 = VERTEX_POINT ( 'NONE', #1028 ) ;
#1511 = VERTEX_POINT ( 'NONE', #1899 ) ;
#1512 = VECTOR ( 'NONE', #1574, 1000.000000000000000 ) ;
#1513 = LOCAL_TIME ( 2, 20, 7.000000000000000000, #551 ) ;
#1514 = CARTESIAN_POINT ( 'NONE',  ( 39.50000000000000000, 15.90000000000000036, 0.000000000000000000 ) ) ;
#1515 = CARTESIAN_POINT ( 'NONE',  ( 62.50000000000000000, 35.00000000000000000, 2.000000000000000000 ) ) ;
#1516 = VECTOR ( 'NONE', #451, 1000.000000000000000 ) ;
#1517 = LINE ( 'NONE', #2194, #648 ) ;
#1518 = EDGE_CURVE ( 'NONE', #1997, #1124, #45, .T. ) ;
#1519 = CALENDAR_DATE ( 2026, 13, 9 ) ;
#1520 = CIRCLE ( 'NONE', #523, 3.000000000000000888 ) ;
#1521 = ORIENTED_EDGE ( 'NONE', *, *, #1751, .T. ) ;
#1522 = EDGE_CURVE ( 'NONE', #758, #500, #1040, .T. ) ;
#1523 = ADVANCED_FACE ( 'NONE', ( #1401 ), #875, .F. ) ;
#1524 = VERTEX_POINT ( 'NONE', #702 ) ;
#1525 = FACE_BOUND ( 'NONE', #1017, .T. ) ;
#1526 = CARTESIAN_POINT ( 'NONE',  ( 77.00000000000000000, 0.000000000000000000, 0.000000000000000000 ) ) ;
#1527 = ADVANCED_FACE ( 'NONE', ( #557 ), #13, .F. ) ;
#1528 = DIRECTION ( 'NONE',  ( 0.000000000000000000, -0.000000000000000000, -1.000000000000000000 ) ) ;
#1529 = SHAPE_REPRESENTATION ( 'TX_Cover', ( #1543 ), #586 ) ;
#1530 = FACE_BOUND ( 'NONE', #364, .T. ) ;
#1531 = DIRECTION ( 'NONE',  ( 1.000000000000000000, 0.000000000000000000, 0.000000000000000000 ) ) ;
#1532 = ORIENTED_EDGE ( 'NONE', *, *, #2153, .F. ) ;
#1533 = AXIS2_PLACEMENT_3D ( 'NONE', #816, #618, #2123 ) ;
#1534 = CIRCLE ( 'NONE', #1427, 1.100000000000003642 ) ;
#1535 = FACE_OUTER_BOUND ( 'NONE', #1982, .T. ) ;
#1536 = LINE ( 'NONE', #858, #369 ) ;
#1537 = LINE ( 'NONE', #526, #1892 ) ;
#1538 = DIRECTION ( 'NONE',  ( 0.000000000000000000, 0.000000000000000000, -1.000000000000000000 ) ) ;
#1539 = COORDINATED_UNIVERSAL_TIME_OFFSET ( 8, 0, .AHEAD. ) ;
#1540 = ORIENTED_EDGE ( 'NONE', *, *, #1590, .T. ) ;
#1541 = VERTEX_POINT ( 'NONE', #740 ) ;
#1542 = DIRECTION ( 'NONE',  ( 0.000000000000000000, -0.000000000000000000, 1.000000000000000000 ) ) ;
#1543 = AXIS2_PLACEMENT_3D ( 'NONE', #2042, #328, #1531 ) ;
#1544 = CARTESIAN_POINT ( 'NONE',  ( 69.39999999999999147, 18.00000000000000000, 0.000000000000000000 ) ) ;
#1545 = FACE_OUTER_BOUND ( 'NONE', #959, .T. ) ;
#1546 = CARTESIAN_POINT ( 'NONE',  ( 2.000000000000000000, 59.00000000000000000, 2.000000000000001776 ) ) ;
#1547 = CARTESIAN_POINT ( 'NONE',  ( 6.500000000000000000, 18.00000000000000000, 22.00000000000000000 ) ) ;
#1548 = AXIS2_PLACEMENT_3D ( 'NONE', #913, #227, #1123 ) ;
#1549 = ORIENTED_EDGE ( 'NONE', *, *, #1866, .F. ) ;
#1550 = CALENDAR_DATE ( 2026, 13, 9 ) ;
#1551 = ORIENTED_EDGE ( 'NONE', *, *, #2002, .F. ) ;
#1552 = EDGE_CURVE ( 'NONE', #1524, #1322, #1, .T. ) ;
#1553 = AXIS2_PLACEMENT_3D ( 'NONE', #779, #1610, #1800 ) ;
#1554 = CARTESIAN_POINT ( 'NONE',  ( 0.000000000000000000, 61.00000000000000000, 2.000000000000000000 ) ) ;
#1555 = LINE ( 'NONE', #1049, #1616 ) ;
#1556 = FACE_OUTER_BOUND ( 'NONE', #1061, .T. ) ;
#1557 = ORIENTED_EDGE ( 'NONE', *, *, #2153, .T. ) ;
#1558 = DIRECTION ( 'NONE',  ( 1.000000000000000000, 0.000000000000000000, 0.000000000000000000 ) ) ;
#1559 = CYLINDRICAL_SURFACE ( 'NONE', #809, 1.349999999999998757 ) ;
#1560 = DIRECTION ( 'NONE',  ( 1.000000000000000000, 0.000000000000000000, 0.000000000000000000 ) ) ;
#1561 = APPROVAL_DATE_TIME ( #752, #171 ) ;
#1562 = ORIENTED_EDGE ( 'NONE', *, *, #824, .T. ) ;
#1563 = CARTESIAN_POINT ( 'NONE',  ( 70.50000000000000000, 18.00000000000000000, 0.000000000000000000 ) ) ;
#1564 = CARTESIAN_POINT ( 'NONE',  ( 0.000000000000000000, 0.000000000000000000, 22.00000000000000000 ) ) ;
#1565 = VECTOR ( 'NONE', #1192, 1000.000000000000000 ) ;
#1566 = CC_DESIGN_PERSON_AND_ORGANIZATION_ASSIGNMENT ( #1484, #172, ( #438 ) ) ;
#1567 = CARTESIAN_POINT ( 'NONE',  ( 73.50000000000000000, 54.00000000000000000, 5.000000000000000000 ) ) ;
#1568 = CARTESIAN_POINT ( 'NONE',  ( 0.000000000000000000, 0.000000000000000000, 0.000000000000000000 ) ) ;
#1569 = DIRECTION ( 'NONE',  ( 1.000000000000000000, 0.000000000000000000, 0.000000000000000000 ) ) ;
#1570 = PERSON_AND_ORGANIZATION ( #385, #1332 ) ;
#1571 = ORIENTED_EDGE ( 'NONE', *, *, #503, .T. ) ;
#1572 = ADVANCED_FACE ( 'NONE', ( #2050 ), #527, .F. ) ;
#1573 = PLANE ( 'NONE',  #1050 ) ;
#1574 = DIRECTION ( 'NONE',  ( -0.000000000000000000, -0.000000000000000000, -1.000000000000000000 ) ) ;
#1575 = ORIENTED_EDGE ( 'NONE', *, *, #2077, .T. ) ;
#1576 = DIRECTION ( 'NONE',  ( 0.000000000000000000, 0.000000000000000000, 1.000000000000000000 ) ) ;
#1577 = AXIS2_PLACEMENT_3D ( 'NONE', #1587, #52, #1974 ) ;
#1578 = DIRECTION ( 'NONE',  ( -1.000000000000000000, 0.000000000000000000, 0.000000000000000000 ) ) ;
#1579 = CC_DESIGN_APPROVAL ( #171, ( #663 ) ) ;
#1580 = LINE ( 'NONE', #1745, #968 ) ;
#1581 = MECHANICAL_CONTEXT ( 'NONE', #2206, 'mechanical' ) ;
#1582 = ORIENTED_EDGE ( 'NONE', *, *, #965, .F. ) ;
#1583 = EDGE_CURVE ( 'NONE', #823, #705, #953, .T. ) ;
#1584 = AXIS2_PLACEMENT_3D ( 'NONE', #1786, #755, #1948 ) ;
#1585 = CARTESIAN_POINT ( 'NONE',  ( 5.150000000000001243, 54.00000000000000000, 2.000000000000000000 ) ) ;
#1586 = LOCAL_TIME ( 2, 20, 7.000000000000000000, #466 ) ;
#1587 = CARTESIAN_POINT ( 'NONE',  ( 50.50000000000000000, 50.50000000000000000, 2.000000000000000000 ) ) ;
#1588 = ORIENTED_EDGE ( 'NONE', *, *, #971, .F. ) ;
#1589 = FACE_BOUND ( 'NONE', #306, .T. ) ;
#1590 = EDGE_CURVE ( 'NONE', #1057, #1609, #1477, .T. ) ;
#1591 = CARTESIAN_POINT ( 'NONE',  ( 70.50000000000000000, 43.00000000000000000, 2.000000000000000000 ) ) ;
#1592 = EDGE_CURVE ( 'NONE', #1160, #4, #770, .T. ) ;
#1593 = CARTESIAN_POINT ( 'NONE',  ( 71.84999999999999432, 54.00000000000000000, 2.000000000000000000 ) ) ;
#1594 = PERSON_AND_ORGANIZATION ( #385, #1332 ) ;
#1595 = ORIENTED_EDGE ( 'NONE', *, *, #1978, .F. ) ;
#1596 = APPROVAL ( #1467, 'æœª' ) ;
#1597 = ADVANCED_FACE ( 'NONE', ( #237 ), #439, .T. ) ;
#1598 = DIRECTION ( 'NONE',  ( 0.000000000000000000, 0.000000000000000000, 1.000000000000000000 ) ) ;
#1599 = DIRECTION ( 'NONE',  ( 1.000000000000000000, 0.000000000000000000, 0.000000000000000000 ) ) ;
#1600 = DIRECTION ( 'NONE',  ( 0.000000000000000000, 0.000000000000000000, -1.000000000000000000 ) ) ;
#1601 = LINE ( 'NONE', #424, #1832 ) ;
#1602 = DIRECTION ( 'NONE',  ( 1.000000000000000000, 0.000000000000000000, 0.000000000000000000 ) ) ;
#1603 = VECTOR ( 'NONE', #1093, 1000.000000000000000 ) ;
#1604 = ORIENTED_EDGE ( 'NONE', *, *, #478, .T. ) ;
#1605 = DIRECTION ( 'NONE',  ( -1.000000000000000000, -0.000000000000000000, -0.000000000000000000 ) ) ;
#1606 = VECTOR ( 'NONE', #19, 1000.000000000000000 ) ;
#1607 = DATE_TIME_ROLE ( 'creation_date' ) ;
#1608 = PRODUCT_DEFINITION_SHAPE ( 'NONE', 'NONE',  #1433 ) ;
#1609 = VERTEX_POINT ( 'NONE', #1819 ) ;
#1610 = DIRECTION ( 'NONE',  ( 0.000000000000000000, 0.000000000000000000, 1.000000000000000000 ) ) ;
#1611 = CARTESIAN_POINT ( 'NONE',  ( 58.50000000000000000, 50.50000000000000000, 2.000000000000000000 ) ) ;
#1612 = CARTESIAN_POINT ( 'NONE',  ( 6.500000000000000000, 54.00000000000000000, 2.000000000000000000 ) ) ;
#1613 = CARTESIAN_POINT ( 'NONE',  ( 67.50000000000000000, 4.900000000000000355, 2.000000000000000000 ) ) ;
#1614 = ADVANCED_FACE ( 'NONE', ( #1976 ), #2121, .F. ) ;
#1615 = LINE ( 'NONE', #580, #554 ) ;
#1616 = VECTOR ( 'NONE', #213, 1000.000000000000000 ) ;
#1617 = CARTESIAN_POINT ( 'NONE',  ( 62.50000000000000000, 43.00000000000000000, 2.000000000000000000 ) ) ;
#1618 = APPROVAL_PERSON_ORGANIZATION ( #1710, #549, #2169 ) ;
#1619 = APPROVAL_STATUS ( 'not_yet_approved' ) ;
#1620 = EDGE_LOOP ( 'NONE', ( #161, #1282, #780, #1055 ) ) ;
#1621 = AXIS2_PLACEMENT_3D ( 'NONE', #1942, #2133, #1085 ) ;
#1622 = VERTEX_POINT ( 'NONE', #1094 ) ;
#1623 = FACE_OUTER_BOUND ( 'NONE', #224, .T. ) ;
#1624 = ADVANCED_FACE ( 'NONE', ( #783 ), #760, .F. ) ;
#1625 = DIRECTION ( 'NONE',  ( 1.000000000000000000, 0.000000000000000000, 0.000000000000000000 ) ) ;
#1626 = PLANE ( 'NONE',  #1577 ) ;
#1627 = FACE_OUTER_BOUND ( 'NONE', #1031, .T. ) ;
#1628 = CARTESIAN_POINT ( 'NONE',  ( 6.500000000000000000, 54.00000000000000000, 5.000000000000000000 ) ) ;
#1629 = APPLICATION_CONTEXT ( 'configuration controlled 3d designs of mechanical parts and assemblies' ) ;
#1630 = ORIENTED_EDGE ( 'NONE', *, *, #470, .T. ) ;
#1631 = LINE ( 'NONE', #1663, #962 ) ;
#1632 = DATE_AND_TIME ( #763, #339 ) ;
#1633 = ORIENTED_EDGE ( 'NONE', *, *, #1897, .T. ) ;
#1634 = VERTEX_POINT ( 'NONE', #107 ) ;
#1635 = CYLINDRICAL_SURFACE ( 'NONE', #839, 1.350000000000004086 ) ;
#1636 = DIRECTION ( 'NONE',  ( 1.000000000000000000, -0.000000000000000000, 0.000000000000000000 ) ) ;
#1637 = DIRECTION ( 'NONE',  ( 0.000000000000000000, 0.000000000000000000, -1.000000000000000000 ) ) ;
#1638 = DIRECTION ( 'NONE',  ( 0.000000000000000000, 0.000000000000000000, -1.000000000000000000 ) ) ;
#1639 = EDGE_CURVE ( 'NONE', #1374, #351, #2144, .T. ) ;
#1640 = ORIENTED_EDGE ( 'NONE', *, *, #1839, .F. ) ;
#1641 = DIRECTION ( 'NONE',  ( 1.000000000000000000, 0.000000000000000000, 0.000000000000000000 ) ) ;
#1642 = APPROVAL_DATE_TIME ( #1968, #844 ) ;
#1643 = AXIS2_PLACEMENT_3D ( 'NONE', #426, #1097, #1294 ) ;
#1644 = EDGE_LOOP ( 'NONE', ( #467, #1927, #611, #266 ) ) ;
#1645 = ORIENTED_EDGE ( 'NONE', *, *, #1047, .T. ) ;
#1646 = DIRECTION ( 'NONE',  ( 0.000000000000000000, 0.000000000000000000, 1.000000000000000000 ) ) ;
#1647 = DIRECTION ( 'NONE',  ( 1.000000000000000000, 0.000000000000000000, 0.000000000000000000 ) ) ;
#1648 = CARTESIAN_POINT ( 'NONE',  ( 70.50000000000000000, 54.00000000000000000, 5.000000000000000000 ) ) ;
#1649 = VECTOR ( 'NONE', #380, 1000.000000000000000 ) ;
#1650 = DIRECTION ( 'NONE',  ( 1.000000000000000000, 0.000000000000000000, 0.000000000000000000 ) ) ;
#1651 = DIRECTION ( 'NONE',  ( 0.000000000000000000, 0.000000000000000000, -1.000000000000000000 ) ) ;
#1652 = EDGE_CURVE ( 'NONE', #795, #977, #1438, .T. ) ;
#1653 = PERSON_AND_ORGANIZATION_ROLE ( 'design_supplier' ) ;
#1654 = EDGE_LOOP ( 'NONE', ( #2140, #294, #2168, #571 ) ) ;
#1655 = CIRCLE ( 'NONE', #1400, 1.100000000000000311 ) ;
#1656 = ORIENTED_EDGE ( 'NONE', *, *, #1339, .T. ) ;
#1657 = CARTESIAN_POINT ( 'NONE',  ( 67.50000000000000000, 4.900000000000000355, 2.000000000000000000 ) ) ;
#1658 = AXIS2_PLACEMENT_3D ( 'NONE', #1961, #422, #922 ) ;
#1659 = DIRECTION ( 'NONE',  ( -0.000000000000000000, -1.000000000000000000, -0.000000000000000000 ) ) ;
#1660 = LINE ( 'NONE', #127, #1845 ) ;
#1661 = ORIENTED_EDGE ( 'NONE', *, *, #8, .T. ) ;
#1662 = VERTEX_POINT ( 'NONE', #280 ) ;
#1663 = CARTESIAN_POINT ( 'NONE',  ( 77.00000000000000000, 0.000000000000000000, 2.000000000000000000 ) ) ;
#1664 = CC_DESIGN_APPROVAL ( #1596, ( #1364 ) ) ;
#1665 = ADVANCED_FACE ( 'NONE', ( #1107 ), #265, .F. ) ;
#1666 = ORIENTED_EDGE ( 'NONE', *, *, #58, .F. ) ;
#1667 = CC_DESIGN_PERSON_AND_ORGANIZATION_ASSIGNMENT ( #2075, #704, ( #1433 ) ) ;
#1668 = VECTOR ( 'NONE', #109, 1000.000000000000000 ) ;
#1669 = EDGE_LOOP ( 'NONE', ( #1381, #490, #733, #1211 ) ) ;
#1670 = ADVANCED_FACE ( 'NONE', ( #1263 ), #904, .F. ) ;
#1671 = APPLICATION_CONTEXT ( 'configuration controlled 3d designs of mechanical parts and assemblies' ) ;
#1672 = DIRECTION ( 'NONE',  ( 0.000000000000000000, 0.000000000000000000, -1.000000000000000000 ) ) ;
#1673 = LINE ( 'NONE', #821, #2195 ) ;
#1674 = ORIENTED_EDGE ( 'NONE', *, *, #334, .F. ) ;
#1675 = ORIENTED_EDGE ( 'NONE', *, *, #74, .F. ) ;
#1676 = LINE ( 'NONE', #137, #1565 ) ;
#1677 = COORDINATED_UNIVERSAL_TIME_OFFSET ( 8, 0, .AHEAD. ) ;
#1678 = ORIENTED_EDGE ( 'NONE', *, *, #482, .F. ) ;
#1679 = CIRCLE ( 'NONE', #1643, 1.349999999999999645 ) ;
#1680 = ORIENTED_EDGE ( 'NONE', *, *, #1367, .F. ) ;
#1681 = AXIS2_PLACEMENT_3D ( 'NONE', #2212, #680, #2180 ) ;
#1682 = CARTESIAN_POINT ( 'NONE',  ( 0.000000000000000000, 0.000000000000000000, 2.000000000000000000 ) ) ;
#1683 = CARTESIAN_POINT ( 'NONE',  ( 0.000000000000000000, 61.00000000000000000, 2.000000000000000000 ) ) ;
#1684 = EDGE_CURVE ( 'NONE', #1265, #1782, #616, .T. ) ;
#1685 = EDGE_CURVE ( 'NONE', #1859, #415, #2108, .T. ) ;
#1686 = FACE_OUTER_BOUND ( 'NONE', #164, .T. ) ;
#1687 = ORIENTED_EDGE ( 'NONE', *, *, #563, .F. ) ;
#1688 = CARTESIAN_POINT ( 'NONE',  ( 0.000000000000000000, 0.000000000000000000, 0.000000000000000000 ) ) ;
#1689 = ORIENTED_EDGE ( 'NONE', *, *, #418, .F. ) ;
#1690 = AXIS2_PLACEMENT_3D ( 'NONE', #923, #1474, #2116 ) ;
#1691 = PERSON ( 'NAUO-PER1', 'UNSPECIFIED', 'UNSPECIFIED', ('UNSPECIFIED'), ('UNSPECIFIED'), ('UNSPECIFIED') ) ;
#1692 = APPROVAL_PERSON_ORGANIZATION ( #1746, #145, #207 ) ;
#1693 = EDGE_CURVE ( 'NONE', #1903, #823, #1990, .T. ) ;
#1694 = CYLINDRICAL_SURFACE ( 'NONE', #1390, 3.000000000000000000 ) ;
#1695 = CARTESIAN_POINT ( 'NONE',  ( 5.150000000000000355, 18.00000000000000000, 2.000000000000000000 ) ) ;
#1696 = VECTOR ( 'NONE', #1486, 1000.000000000000000 ) ;
#1697 = DIRECTION ( 'NONE',  ( 1.000000000000000000, 0.000000000000000000, 0.000000000000000000 ) ) ;
#1698 = DATE_AND_TIME ( #528, #1817 ) ;
#1699 = AXIS2_PLACEMENT_3D ( 'NONE', #1563, #1188, #211 ) ;
#1700 = ORIENTED_EDGE ( 'NONE', *, *, #1121, .T. ) ;
#1701 = APPROVAL_PERSON_ORGANIZATION ( #1810, #784, #787 ) ;
#1702 =( NAMED_UNIT ( * ) SI_UNIT ( $, .STERADIAN. ) SOLID_ANGLE_UNIT ( ) );
#1703 = ORIENTED_EDGE ( 'NONE', *, *, #349, .F. ) ;
#1704 = ORIENTED_EDGE ( 'NONE', *, *, #813, .T. ) ;
#1705 = FACE_BOUND ( 'NONE', #1114, .T. ) ;
#1706 = DIRECTION ( 'NONE',  ( 1.000000000000000000, 0.000000000000000000, 0.000000000000000000 ) ) ;
#1707 = LINE ( 'NONE', #314, #1424 ) ;
#1708 = DATE_TIME_ROLE ( 'classification_date' ) ;
#1709 = VERTEX_POINT ( 'NONE', #1423 ) ;
#1710 = PERSON_AND_ORGANIZATION ( #385, #1332 ) ;
#1711 = ORIENTED_EDGE ( 'NONE', *, *, #316, .F. ) ;
#1712 =( REPRESENTATION_RELATIONSHIP ('NONE','NONE', #1856, #1529 ) REPRESENTATION_RELATIONSHIP_WITH_TRANSFORMATION ( #160 )SHAPE_REPRESENTATION_RELATIONSHIP( ) );
#1713 = AXIS2_PLACEMENT_3D ( 'NONE', #1182, #1015, #1697 ) ;
#1714 = VECTOR ( 'NONE', #51, 1000.000000000000000 ) ;
#1715 = DIRECTION ( 'NONE',  ( 0.000000000000000000, 0.000000000000000000, -1.000000000000000000 ) ) ;
#1716 = CARTESIAN_POINT ( 'NONE',  ( 6.500000000000000000, 18.00000000000000000, 5.000000000000000000 ) ) ;
#1717 = DIRECTION ( 'NONE',  ( 0.000000000000000000, 0.000000000000000000, -1.000000000000000000 ) ) ;
#1718 = DIRECTION ( 'NONE',  ( 0.000000000000000000, -0.000000000000000000, 1.000000000000000000 ) ) ;
#1719 = CARTESIAN_POINT ( 'NONE',  ( 6.500000000000000000, 54.00000000000000000, 22.00000000000000000 ) ) ;
#1720 = EDGE_CURVE ( 'NONE', #371, #508, #1615, .T. ) ;
#1721 = EDGE_LOOP ( 'NONE', ( #1067, #866, #930, #1772 ) ) ;
#1722 = ORIENTED_EDGE ( 'NONE', *, *, #32, .F. ) ;
#1723 = AXIS2_PLACEMENT_3D ( 'NONE', #1564, #555, #736 ) ;
#1724 = DIRECTION ( 'NONE',  ( -1.000000000000000000, 0.000000000000000000, 0.000000000000000000 ) ) ;
#1725 = AXIS2_PLACEMENT_3D ( 'NONE', #1873, #1009, #854 ) ;
#1726 = DIRECTION ( 'NONE',  ( -1.000000000000000000, 0.000000000000000000, 0.000000000000000000 ) ) ;
#1727 = DIRECTION ( 'NONE',  ( 1.000000000000000000, 0.000000000000000000, 0.000000000000000000 ) ) ;
#1728 = ORIENTED_EDGE ( 'NONE', *, *, #1083, .T. ) ;
#1729 = FACE_BOUND ( 'NONE', #1255, .T. ) ;
#1730 = CYLINDRICAL_SURFACE ( 'NONE', #157, 3.000000000000002665 ) ;
#1731 = VECTOR ( 'NONE', #627, 1000.000000000000000 ) ;
#1732 = LINE ( 'NONE', #390, #1033 ) ;
#1733 = ADVANCED_FACE ( 'NONE', ( #82 ), #413, .T. ) ;
#1734 = PERSON_AND_ORGANIZATION_ROLE ( 'creator' ) ;
#1735 = ORIENTED_EDGE ( 'NONE', *, *, #767, .F. ) ;
#1736 = AXIS2_PLACEMENT_3D ( 'NONE', #721, #1724, #40 ) ;
#1737 = APPROVAL_PERSON_ORGANIZATION ( #957, #844, #1455 ) ;
#1738 = EDGE_CURVE ( 'NONE', #1541, #758, #323, .T. ) ;
#1739 = DIRECTION ( 'NONE',  ( -1.000000000000000000, -0.000000000000000000, -0.000000000000000000 ) ) ;
#1740 = EDGE_LOOP ( 'NONE', ( #1779, #908, #1833, #873 ) ) ;
#1741 = PLANE ( 'NONE',  #1723 ) ;
#1742 = APPROVAL ( #980, 'UNKNOWN' ) ;
#1743 = PLANE ( 'NONE',  #1353 ) ;
#1744 = DIRECTION ( 'NONE',  ( -0.000000000000000000, -0.000000000000000000, -1.000000000000000000 ) ) ;
#1745 = CARTESIAN_POINT ( 'NONE',  ( 71.84999999999999432, 18.00000000000000000, 2.000000000000000000 ) ) ;
#1746 = PERSON_AND_ORGANIZATION ( #385, #1332 ) ;
#1747 = VERTEX_POINT ( 'NONE', #1851 ) ;
#1748 = DIRECTION ( 'NONE',  ( 0.000000000000000000, 0.000000000000000000, 1.000000000000000000 ) ) ;
#1749 = CARTESIAN_POINT ( 'NONE',  ( 67.50000000000000000, 4.900000000000000355, 0.000000000000000000 ) ) ;
#1750 = AXIS2_PLACEMENT_3D ( 'NONE', #655, #1328, #1854 ) ;
#1751 = EDGE_CURVE ( 'NONE', #4, #1160, #1812, .T. ) ;
#1752 = DIRECTION ( 'NONE',  ( -1.000000000000000000, 0.000000000000000000, 0.000000000000000000 ) ) ;
#1753 = PLANE ( 'NONE',  #419 ) ;
#1754 = EDGE_CURVE ( 'NONE', #1146, #1872, #290, .T. ) ;
#1755 = EDGE_CURVE ( 'NONE', #636, #1057, #496, .T. ) ;
#1756 = VERTEX_POINT ( 'NONE', #1335 ) ;
#1757 = LINE ( 'NONE', #403, #1291 ) ;
#1758 = PERSON_AND_ORGANIZATION ( #385, #1332 ) ;
#1759 = APPLICATION_CONTEXT ( 'configuration controlled 3d designs of mechanical parts and assemblies' ) ;
#1760 = ORIENTED_EDGE ( 'NONE', *, *, #94, .T. ) ;
#1761 = CIRCLE ( 'NONE', #1148, 1.100000000000003642 ) ;
#1762 = CARTESIAN_POINT ( 'NONE',  ( 62.50000000000000000, 43.00000000000000000, 2.000000000000000000 ) ) ;
#1763 = DIRECTION ( 'NONE',  ( 0.000000000000000000, 0.000000000000000000, 1.000000000000000000 ) ) ;
#1764 = EDGE_CURVE ( 'NONE', #43, #50, #1315, .T. ) ;
#1765 = VERTEX_POINT ( 'NONE', #975 ) ;
#1766 = CARTESIAN_POINT ( 'NONE',  ( 6.500000000000000000, 18.00000000000000000, 5.000000000000000000 ) ) ;
#1767 = AXIS2_PLACEMENT_3D ( 'NONE', #1612, #78, #1448 ) ;
#1768 = DIRECTION ( 'NONE',  ( 0.000000000000000000, 0.000000000000000000, -1.000000000000000000 ) ) ;
#1769 = DIRECTION ( 'NONE',  ( 0.000000000000000000, -0.000000000000000000, -1.000000000000000000 ) ) ;
#1770 = PERSON_AND_ORGANIZATION ( #385, #1332 ) ;
#1771 = EDGE_CURVE ( 'NONE', #1511, #636, #834, .T. ) ;
#1772 = ORIENTED_EDGE ( 'NONE', *, *, #243, .T. ) ;
#1773 = PRODUCT_DEFINITION_SHAPE ( 'NONE', 'NONE',  #2225 ) ;
#1774 = CARTESIAN_POINT ( 'NONE',  ( 70.50000000000000000, 54.00000000000000000, 5.000000000000000000 ) ) ;
#1775 = VECTOR ( 'NONE', #21, 1000.000000000000000 ) ;
#1776 = LINE ( 'NONE', #1116, #1986 ) ;
#1777 = CC_DESIGN_APPROVAL ( #1742, ( #346 ) ) ;
#1778 = DIRECTION ( 'NONE',  ( 0.000000000000000000, 0.000000000000000000, -1.000000000000000000 ) ) ;
#1779 = ORIENTED_EDGE ( 'NONE', *, *, #24, .T. ) ;
#1780 = CARTESIAN_POINT ( 'NONE',  ( 69.14999999999999147, 54.00000000000000000, 2.000000000000000000 ) ) ;
#1781 = CARTESIAN_POINT ( 'NONE',  ( 0.000000000000000000, 0.000000000000000000, 2.000000000000000000 ) ) ;
#1782 = VERTEX_POINT ( 'NONE', #2001 ) ;
#1783 = FACE_BOUND ( 'NONE', #612, .T. ) ;
#1784 = APPROVAL_STATUS ( 'not_yet_approved' ) ;
#1785 = ORIENTED_EDGE ( 'NONE', *, *, #741, .F. ) ;
#1786 = CARTESIAN_POINT ( 'NONE',  ( 70.50000000000000000, 54.00000000000000000, 5.000000000000000000 ) ) ;
#1787 = DIRECTION ( 'NONE',  ( 0.000000000000000000, 0.000000000000000000, 1.000000000000000000 ) ) ;
#1788 = DIRECTION ( 'NONE',  ( 0.000000000000000000, 0.000000000000000000, -1.000000000000000000 ) ) ;
#1789 = ADVANCED_FACE ( 'NONE', ( #1828 ), #299, .T. ) ;
#1790 = PLANE ( 'NONE',  #887 ) ;
#1791 = DIRECTION ( 'NONE',  ( -1.000000000000000000, -0.000000000000000000, -0.000000000000000000 ) ) ;
#1792 = AXIS2_PLACEMENT_3D ( 'NONE', #1120, #924, #1276 ) ;
#1793 = ORIENTED_EDGE ( 'NONE', *, *, #2017, .T. ) ;
#1794 = CARTESIAN_POINT ( 'NONE',  ( 14.50000000000000000, 55.50000000000000000, 2.000000000000000000 ) ) ;
#1795 = AXIS2_PLACEMENT_3D ( 'NONE', #2019, #1012, #2037 ) ;
#1796 = PERSON_AND_ORGANIZATION_ROLE ( 'classification_officer' ) ;
#1797 = EDGE_CURVE ( 'NONE', #1071, #1972, #2181, .T. ) ;
#1798 = EDGE_LOOP ( 'NONE', ( #1363, #276, #2066, #1115 ) ) ;
#1799 = ORIENTED_EDGE ( 'NONE', *, *, #575, .T. ) ;
#1800 = DIRECTION ( 'NONE',  ( 1.000000000000000000, 0.000000000000000000, 0.000000000000000000 ) ) ;
#1801 = FACE_OUTER_BOUND ( 'NONE', #999, .T. ) ;
#1802 = UNCERTAINTY_MEASURE_WITH_UNIT (LENGTH_MEASURE( 1.000000000000000082E-05 ), #1985, 'distance_accuracy_value', 'NONE');
#1803 =( LENGTH_UNIT ( ) NAMED_UNIT ( * ) SI_UNIT ( .MILLI., .METRE. ) );
#1804 = LINE ( 'NONE', #261, #393 ) ;
#1805 = CARTESIAN_POINT ( 'NONE',  ( 62.50000000000000000, 43.00000000000000000, 0.000000000000000000 ) ) ;
#1806 = ORIENTED_EDGE ( 'NONE', *, *, #1989, .T. ) ;
#1807 = CIRCLE ( 'NONE', #182, 1.100000000000003642 ) ;
#1808 = CARTESIAN_POINT ( 'NONE',  ( 71.59999999999999432, 18.00000000000000000, 5.000000000000000888 ) ) ;
#1809 = CC_DESIGN_SECURITY_CLASSIFICATION ( #933, ( #663 ) ) ;
#1810 = PERSON_AND_ORGANIZATION ( #385, #1332 ) ;
#1811 = VERTEX_POINT ( 'NONE', #1155 ) ;
#1812 = CIRCLE ( 'NONE', #865, 3.000000000000000000 ) ;
#1813 = EDGE_LOOP ( 'NONE', ( #670, #631, #855, #1829 ) ) ;
#1814 = ORIENTED_EDGE ( 'NONE', *, *, #1359, .F. ) ;
#1815 = DIRECTION ( 'NONE',  ( -1.000000000000000000, 0.000000000000000000, 0.000000000000000000 ) ) ;
#1816 = CC_DESIGN_PERSON_AND_ORGANIZATION_ASSIGNMENT ( #1570, #1653, ( #730 ) ) ;
#1817 = LOCAL_TIME ( 2, 20, 7.000000000000000000, #1358 ) ;
#1818 = LINE ( 'NONE', #615, #507 ) ;
#1819 = CARTESIAN_POINT ( 'NONE',  ( 24.50000000000000000, 50.50000000000000000, 0.000000000000000000 ) ) ;
#1820 = PLANE ( 'NONE',  #2067 ) ;
#1821 = APPROVAL_DATE_TIME ( #1280, #1596 ) ;
#1822 = ORIENTED_EDGE ( 'NONE', *, *, #1296, .T. ) ;
#1823 = ORIENTED_EDGE ( 'NONE', *, *, #1367, .T. ) ;
#1824 = DIRECTION ( 'NONE',  ( -0.000000000000000000, -0.000000000000000000, -1.000000000000000000 ) ) ;
#1825 =( LENGTH_UNIT ( ) NAMED_UNIT ( * ) SI_UNIT ( .MILLI., .METRE. ) );
#1826 = ADVANCED_FACE ( 'NONE', ( #966 ), #473, .F. ) ;
#1827 = LINE ( 'NONE', #115, #249 ) ;
#1828 = FACE_OUTER_BOUND ( 'NONE', #327, .T. ) ;
#1829 = ORIENTED_EDGE ( 'NONE', *, *, #654, .T. ) ;
#1830 = DIRECTION ( 'NONE',  ( -1.000000000000000000, 0.000000000000000000, 0.000000000000000000 ) ) ;
#1831 = VECTOR ( 'NONE', #1249, 1000.000000000000000 ) ;
#1832 = VECTOR ( 'NONE', #1001, 1000.000000000000000 ) ;
#1833 = ORIENTED_EDGE ( 'NONE', *, *, #1032, .F. ) ;
#1834 = EDGE_LOOP ( 'NONE', ( #405, #1735, #200, #428 ) ) ;
#1835 = DIRECTION ( 'NONE',  ( -1.000000000000000000, 0.000000000000000000, 0.000000000000000000 ) ) ;
#1836 = EDGE_CURVE ( 'NONE', #1865, #2064, #841, .T. ) ;
#1837 = FACE_BOUND ( 'NONE', #2118, .T. ) ;
#1838 = CIRCLE ( 'NONE', #1341, 1.099999999999999423 ) ;
#1839 = EDGE_CURVE ( 'NONE', #2043, #1020, #484, .T. ) ;
#1840 = LINE ( 'NONE', #2010, #260 ) ;
#1841 = ORIENTED_EDGE ( 'NONE', *, *, #1751, .F. ) ;
#1842 = DIRECTION ( 'NONE',  ( 0.000000000000000000, 0.000000000000000000, 1.000000000000000000 ) ) ;
#1843 = CC_DESIGN_PERSON_AND_ORGANIZATION_ASSIGNMENT ( #1382, #1734, ( #663 ) ) ;
#1844 = COORDINATED_UNIVERSAL_TIME_OFFSET ( 8, 0, .AHEAD. ) ;
#1845 = VECTOR ( 'NONE', #2038, 1000.000000000000000 ) ;
#1846 = EDGE_LOOP ( 'NONE', ( #777, #1340, #1177, #1687 ) ) ;
#1847 = EDGE_CURVE ( 'NONE', #529, #1541, #1673, .T. ) ;
#1848 = VERTEX_POINT ( 'NONE', #2174 ) ;
#1849 = VECTOR ( 'NONE', #1791, 1000.000000000000000 ) ;
#1850 = FACE_OUTER_BOUND ( 'NONE', #184, .T. ) ;
#1851 = CARTESIAN_POINT ( 'NONE',  ( 70.50000000000000000, 35.00000000000000000, 0.000000000000000000 ) ) ;
#1852 = ORIENTED_EDGE ( 'NONE', *, *, #334, .T. ) ;
#1853 = ORIENTED_EDGE ( 'NONE', *, *, #202, .T. ) ;
#1854 = DIRECTION ( 'NONE',  ( 0.000000000000000000, 0.000000000000000000, -1.000000000000000000 ) ) ;
#1855 = CIRCLE ( 'NONE', #122, 1.349999999999999645 ) ;
#1856 = SHAPE_REPRESENTATION ( 'TX_Enclosure', ( #1006, #2082, #1725 ), #2016 ) ;
#1857 = DATE_AND_TIME ( #1519, #1127 ) ;
#1858 = ORIENTED_EDGE ( 'NONE', *, *, #1720, .T. ) ;
#1859 = VERTEX_POINT ( 'NONE', #1526 ) ;
#1860 = EDGE_CURVE ( 'NONE', #948, #1133, #2213, .T. ) ;
#1861 = EDGE_CURVE ( 'NONE', #1811, #2076, #1660, .T. ) ;
#1862 = LINE ( 'NONE', #513, #1967 ) ;
#1863 = CARTESIAN_POINT ( 'NONE',  ( 2.000000000000000000, 2.000000000000000000, 22.00000000000000000 ) ) ;
#1864 = CARTESIAN_POINT ( 'NONE',  ( 69.14999999999999147, 54.00000000000000000, 0.000000000000000000 ) ) ;
#1865 = VERTEX_POINT ( 'NONE', #116 ) ;
#1866 = EDGE_CURVE ( 'NONE', #788, #2032, #1215, .T. ) ;
#1867 = ORIENTED_EDGE ( 'NONE', *, *, #509, .T. ) ;
#1868 = CARTESIAN_POINT ( 'NONE',  ( 77.00000000000000000, 0.000000000000000000, 0.000000000000000000 ) ) ;
#1869 = DIRECTION ( 'NONE',  ( -1.000000000000000000, -0.000000000000000000, -0.000000000000000000 ) ) ;
#1870 = DIRECTION ( 'NONE',  ( -0.000000000000000000, -0.000000000000000000, -1.000000000000000000 ) ) ;
#1871 = APPROVAL_DATE_TIME ( #1016, #11 ) ;
#1872 = VERTEX_POINT ( 'NONE', #815 ) ;
#1873 = CARTESIAN_POINT ( 'NONE',  ( -38.50000000000000000, -30.50000000000000000, 20.99999999999999645 ) ) ;
#1874 = EDGE_LOOP ( 'NONE', ( #111, #610, #387, #1286 ) ) ;
#1875 = CIRCLE ( 'NONE', #1152, 1.349999999999999645 ) ;
#1876 = CARTESIAN_POINT ( 'NONE',  ( 70.50000000000000000, 54.00000000000000000, 0.000000000000000000 ) ) ;
#1877 = CARTESIAN_POINT ( 'NONE',  ( 70.50000000000000000, 54.00000000000000000, 2.000000000000000000 ) ) ;
#1878 = CARTESIAN_POINT ( 'NONE',  ( 5.150000000000001243, 54.00000000000000000, 0.000000000000000000 ) ) ;
#1879 = DATE_AND_TIME ( #488, #2054 ) ;
#1880 = AXIS2_PLACEMENT_3D ( 'NONE', #851, #2073, #1413 ) ;
#1881 = EDGE_LOOP ( 'NONE', ( #753, #256, #1278, #635 ) ) ;
#1882 = LOCAL_TIME ( 2, 20, 7.000000000000000000, #2031 ) ;
#1883 = EDGE_LOOP ( 'NONE', ( #1300, #1330, #1853, #642 ) ) ;
#1884 = FACE_OUTER_BOUND ( 'NONE', #677, .T. ) ;
#1885 = DIRECTION ( 'NONE',  ( 0.000000000000000000, 0.000000000000000000, -1.000000000000000000 ) ) ;
#1886 = EDGE_CURVE ( 'NONE', #28, #375, #1145, .T. ) ;
#1887 = CARTESIAN_POINT ( 'NONE',  ( 67.49999999999998579, 54.00000000000000000, 5.000000000000000000 ) ) ;
#1888 = DIRECTION ( 'NONE',  ( -0.000000000000000000, 1.000000000000000000, 0.000000000000000000 ) ) ;
#1889 = CARTESIAN_POINT ( 'NONE',  ( 70.50000000000000000, 54.00000000000000000, 22.00000000000000000 ) ) ;
#1890 = ORIENTED_EDGE ( 'NONE', *, *, #343, .F. ) ;
#1891 = ORIENTED_EDGE ( 'NONE', *, *, #697, .T. ) ;
#1892 = VECTOR ( 'NONE', #168, 1000.000000000000000 ) ;
#1893 = VECTOR ( 'NONE', #1739, 1000.000000000000000 ) ;
#1894 = PLANE ( 'NONE',  #1736 ) ;
#1895 = DIRECTION ( 'NONE',  ( -0.000000000000000000, -1.000000000000000000, -0.000000000000000000 ) ) ;
#1896 = DIRECTION ( 'NONE',  ( 1.000000000000000000, 0.000000000000000000, 0.000000000000000000 ) ) ;
#1897 = EDGE_CURVE ( 'NONE', #1265, #1511, #1840, .T. ) ;
#1898 = CARTESIAN_POINT ( 'NONE',  ( 7.849999999999999645, 54.00000000000000000, 2.000000000000000000 ) ) ;
#1899 = CARTESIAN_POINT ( 'NONE',  ( 24.50000000000000000, 55.50000000000000000, 0.000000000000000000 ) ) ;
#1900 = DIRECTION ( 'NONE',  ( 0.000000000000000000, 0.000000000000000000, -1.000000000000000000 ) ) ;
#1901 = CC_DESIGN_PERSON_AND_ORGANIZATION_ASSIGNMENT ( #568, #1043, ( #730 ) ) ;
#1902 = CALENDAR_DATE ( 2026, 13, 9 ) ;
#1903 = VERTEX_POINT ( 'NONE', #1225 ) ;
#1904 = AXIS2_PLACEMENT_3D ( 'NONE', #1409, #1013, #1706 ) ;
#1905 = DIRECTION ( 'NONE',  ( -0.000000000000000000, -1.000000000000000000, -0.000000000000000000 ) ) ;
#1906 = APPROVAL_PERSON_ORGANIZATION ( #1770, #171, #36 ) ;
#1907 = DIRECTION ( 'NONE',  ( 0.000000000000000000, 1.000000000000000000, 0.000000000000000000 ) ) ;
#1908 = DIRECTION ( 'NONE',  ( 0.000000000000000000, 0.000000000000000000, 1.000000000000000000 ) ) ;
#1909 = DIRECTION ( 'NONE',  ( 1.000000000000000000, 0.000000000000000000, 0.000000000000000000 ) ) ;
#1910 = CARTESIAN_POINT ( 'NONE',  ( 70.50000000000000000, 18.00000000000000000, 5.000000000000000000 ) ) ;
#1911 = PLANE ( 'NONE',  #1396 ) ;
#1912 = APPROVAL_DATE_TIME ( #219, #487 ) ;
#1913 = VECTOR ( 'NONE', #1246, 1000.000000000000000 ) ;
#1914 = VERTEX_POINT ( 'NONE', #1452 ) ;
#1915 = EDGE_CURVE ( 'NONE', #1020, #1609, #1920, .T. ) ;
#1916 = APPROVAL_PERSON_ORGANIZATION ( #1194, #1742, #305 ) ;
#1917 = LINE ( 'NONE', #186, #850 ) ;
#1918 = ADVANCED_FACE ( 'NONE', ( #189 ), #1368, .T. ) ;
#1919 = EDGE_CURVE ( 'NONE', #1811, #1146, #31, .T. ) ;
#1920 = LINE ( 'NONE', #386, #2014 ) ;
#1921 = ORIENTED_EDGE ( 'NONE', *, *, #1958, .T. ) ;
#1922 = FACE_BOUND ( 'NONE', #685, .T. ) ;
#1923 = CARTESIAN_POINT ( 'NONE',  ( 0.000000000000000000, 61.00000000000000000, 22.00000000000000000 ) ) ;
#1924 = ORIENTED_EDGE ( 'NONE', *, *, #826, .F. ) ;
#1925 = LINE ( 'NONE', #743, #1649 ) ;
#1926 = COORDINATED_UNIVERSAL_TIME_OFFSET ( 8, 0, .AHEAD. ) ;
#1927 = ORIENTED_EDGE ( 'NONE', *, *, #1158, .F. ) ;
#1928 = ADVANCED_FACE ( 'NONE', ( #881 ), #2047, .F. ) ;
#1929 = ORIENTED_EDGE ( 'NONE', *, *, #594, .F. ) ;
#1930 = LINE ( 'NONE', #1397, #719 ) ;
#1931 = FACE_OUTER_BOUND ( 'NONE', #1321, .T. ) ;
#1932 = AXIS2_PLACEMENT_3D ( 'NONE', #2023, #1346, #499 ) ;
#1933 = CARTESIAN_POINT ( 'NONE',  ( 6.500000000000000000, 18.00000000000000000, 2.000000000000000000 ) ) ;
#1934 = CARTESIAN_POINT ( 'NONE',  ( 70.50000000000000000, 35.00000000000000000, 2.000000000000000000 ) ) ;
#1935 = CARTESIAN_POINT ( 'NONE',  ( 70.50000000000000000, 18.00000000000000000, 5.000000000000000888 ) ) ;
#1936 = CALENDAR_DATE ( 2026, 13, 9 ) ;
#1937 = ORIENTED_EDGE ( 'NONE', *, *, #1334, .F. ) ;
#1938 = DIRECTION ( 'NONE',  ( 0.000000000000000000, 0.000000000000000000, -1.000000000000000000 ) ) ;
#1939 = ORIENTED_EDGE ( 'NONE', *, *, #810, .T. ) ;
#1940 = LINE ( 'NONE', #1237, #2044 ) ;
#1941 = DIRECTION ( 'NONE',  ( 1.000000000000000000, 0.000000000000000000, -0.000000000000000000 ) ) ;
#1942 = CARTESIAN_POINT ( 'NONE',  ( 14.50000000000000000, 50.50000000000000000, 2.000000000000000000 ) ) ;
#1943 = CARTESIAN_POINT ( 'NONE',  ( 6.500000000000000000, 54.00000000000000000, 5.000000000000000000 ) ) ;
#1944 = AXIS2_PLACEMENT_3D ( 'NONE', #245, #75, #1239 ) ;
#1945 = PERSON_AND_ORGANIZATION ( #385, #1332 ) ;
#1946 = VERTEX_POINT ( 'NONE', #709 ) ;
#1947 = PRODUCT ( 'TX_Cover', 'TX_Cover', '', ( #1581 ) ) ;
#1948 = DIRECTION ( 'NONE',  ( -1.000000000000000000, 0.000000000000000000, 0.000000000000000000 ) ) ;
#1949 = AXIS2_PLACEMENT_3D ( 'NONE', #114, #1302, #961 ) ;
#1950 = CARTESIAN_POINT ( 'NONE',  ( 0.000000000000000000, 0.000000000000000000, 2.000000000000000000 ) ) ;
#1951 = DIRECTION ( 'NONE',  ( -1.000000000000000000, -0.000000000000000000, -0.000000000000000000 ) ) ;
#1952 = DIRECTION ( 'NONE',  ( 0.000000000000000000, 1.000000000000000000, 0.000000000000000000 ) ) ;
#1953 = EDGE_CURVE ( 'NONE', #1111, #599, #1536, .T. ) ;
#1954 = DIRECTION ( 'NONE',  ( -1.000000000000000000, 0.000000000000000000, 0.000000000000000000 ) ) ;
#1955 = VECTOR ( 'NONE', #129, 1000.000000000000000 ) ;
#1956 = LINE ( 'NONE', #943, #993 ) ;
#1957 = DATE_AND_TIME ( #1138, #1586 ) ;
#1958 = EDGE_CURVE ( 'NONE', #318, #720, #1039, .T. ) ;
#1959 = EDGE_LOOP ( 'NONE', ( #808, #1183, #617, #235 ) ) ;
#1960 = CARTESIAN_POINT ( 'NONE',  ( 6.500000000000000000, 54.00000000000000000, 0.000000000000000000 ) ) ;
#1961 = CARTESIAN_POINT ( 'NONE',  ( 70.50000000000000000, 18.00000000000000000, 2.000000000000000000 ) ) ;
#1962 = CARTESIAN_POINT ( 'NONE',  ( 77.00000000000000000, 61.00000000000000000, 2.000000000000000000 ) ) ;
#1963 = CARTESIAN_POINT ( 'NONE',  ( 14.50000000000000000, 50.50000000000000000, 0.000000000000000000 ) ) ;
#1964 = AXIS2_PLACEMENT_3D ( 'NONE', #835, #1498, #2030 ) ;
#1965 = EDGE_LOOP ( 'NONE', ( #1316, #2026 ) ) ;
#1966 = CARTESIAN_POINT ( 'NONE',  ( 7.599999999999998757, 54.00000000000000000, 0.000000000000000000 ) ) ;
#1967 = VECTOR ( 'NONE', #322, 1000.000000000000000 ) ;
#1968 = DATE_AND_TIME ( #2136, #1224 ) ;
#1969 = EDGE_LOOP ( 'NONE', ( #960, #420 ) ) ;
#1970 = APPROVAL ( #1149, 'æœª' ) ;
#1971 = ORIENTED_EDGE ( 'NONE', *, *, #826, .T. ) ;
#1972 = VERTEX_POINT ( 'NONE', #1377 ) ;
#1973 = CARTESIAN_POINT ( 'NONE',  ( 71.59999999999999432, 54.00000000000000000, 0.000000000000000000 ) ) ;
#1974 = DIRECTION ( 'NONE',  ( 0.000000000000000000, -0.000000000000000000, 1.000000000000000000 ) ) ;
#1975 = LINE ( 'NONE', #449, #754 ) ;
#1976 = FACE_OUTER_BOUND ( 'NONE', #1644, .T. ) ;
#1977 = VECTOR ( 'NONE', #1778, 1000.000000000000000 ) ;
#1978 = EDGE_CURVE ( 'NONE', #1124, #212, #302, .T. ) ;
#1979 = FACE_OUTER_BOUND ( 'NONE', #2165, .T. ) ;
#1980 = LOCAL_TIME ( 2, 20, 7.000000000000000000, #539 ) ;
#1981 = PERSON_AND_ORGANIZATION ( #385, #1332 ) ;
#1982 = EDGE_LOOP ( 'NONE', ( #742, #954, #2192, #1482 ) ) ;
#1983 = ORIENTED_EDGE ( 'NONE', *, *, #984, .F. ) ;
#1984 = FACE_OUTER_BOUND ( 'NONE', #2011, .T. ) ;
#1985 =( LENGTH_UNIT ( ) NAMED_UNIT ( * ) SI_UNIT ( .MILLI., .METRE. ) );
#1986 = VECTOR ( 'NONE', #1258, 1000.000000000000000 ) ;
#1987 = APPLICATION_CONTEXT ( 'configuration controlled 3d designs of mechanical parts and assemblies' ) ;
#1988 = CARTESIAN_POINT ( 'NONE',  ( 7.849999999999999645, 54.00000000000000000, 0.000000000000000000 ) ) ;
#1989 = EDGE_CURVE ( 'NONE', #977, #1946, #1189, .T. ) ;
#1990 = LINE ( 'NONE', #1591, #1336 ) ;
#1991 = ORIENTED_EDGE ( 'NONE', *, *, #2002, .T. ) ;
#1992 = CARTESIAN_POINT ( 'NONE',  ( 2.000000000000000000, 2.000000000000000000, 2.000000000000001776 ) ) ;
#1993 = PERSON_AND_ORGANIZATION ( #385, #1332 ) ;
#1994 = ORIENTED_EDGE ( 'NONE', *, *, #852, .T. ) ;
#1995 = ORIENTED_EDGE ( 'NONE', *, *, #965, .T. ) ;
#1996 = ADVANCED_FACE ( 'NONE', ( #177 ), #2058, .T. ) ;
#1997 = VERTEX_POINT ( 'NONE', #870 ) ;
#1998 = PLANE ( 'NONE',  #1186 ) ;
#1999 = DIRECTION ( 'NONE',  ( 1.000000000000000000, 0.000000000000000000, 0.000000000000000000 ) ) ;
#2000 = CC_DESIGN_PERSON_AND_ORGANIZATION_ASSIGNMENT ( #269, #71, ( #81 ) ) ;
#2001 = CARTESIAN_POINT ( 'NONE',  ( 14.50000000000000000, 55.50000000000000000, 2.000000000000000000 ) ) ;
#2002 = EDGE_CURVE ( 'NONE', #520, #2109, #1555, .T. ) ;
#2003 = CARTESIAN_POINT ( 'NONE',  ( 0.000000000000000000, 0.000000000000000000, 22.00000000000000000 ) ) ;
#2004 = CIRCLE ( 'NONE', #1140, 1.350000000000004086 ) ;
#2005 = CALENDAR_DATE ( 2026, 13, 9 ) ;
#2006 = VECTOR ( 'NONE', #176, 1000.000000000000000 ) ;
#2007 = ORIENTED_EDGE ( 'NONE', *, *, #1430, .T. ) ;
#2008 = EDGE_LOOP ( 'NONE', ( #1971, #220 ) ) ;
#2009 = DIRECTION ( 'NONE',  ( 0.000000000000000000, 0.000000000000000000, -1.000000000000000000 ) ) ;
#2010 = CARTESIAN_POINT ( 'NONE',  ( 24.50000000000000000, 55.50000000000000000, 2.000000000000000000 ) ) ;
#2011 = EDGE_LOOP ( 'NONE', ( #143, #69, #1458, #1760 ) ) ;
#2012 = DIRECTION ( 'NONE',  ( -1.000000000000000000, 0.000000000000000000, 0.000000000000000000 ) ) ;
#2013 = DATE_TIME_ROLE ( 'classification_date' ) ;
#2014 = VECTOR ( 'NONE', #1885, 1000.000000000000000 ) ;
#2015 = ORIENTED_EDGE ( 'NONE', *, *, #2149, .T. ) ;
#2016 =( GEOMETRIC_REPRESENTATION_CONTEXT ( 3 ) GLOBAL_UNCERTAINTY_ASSIGNED_CONTEXT ( ( #963 ) ) GLOBAL_UNIT_ASSIGNED_CONTEXT ( ( #1825, #287, #1702 ) ) REPRESENTATION_CONTEXT ( 'NONE', 'WORKASPACE' ) );
#2017 = EDGE_CURVE ( 'NONE', #1160, #1494, #543, .T. ) ;
#2018 = ORIENTED_EDGE ( 'NONE', *, *, #430, .F. ) ;
#2019 = CARTESIAN_POINT ( 'NONE',  ( 6.500000000000000000, 18.00000000000000000, 0.000000000000000000 ) ) ;
#2020 = DIRECTION ( 'NONE',  ( 1.000000000000000000, 0.000000000000000000, 0.000000000000000000 ) ) ;
#2021 = EDGE_LOOP ( 'NONE', ( #2084, #440, #990, #1640 ) ) ;
#2022 = ORIENTED_EDGE ( 'NONE', *, *, #1764, .F. ) ;
#2023 = CARTESIAN_POINT ( 'NONE',  ( 6.500000000000000000, 54.00000000000000000, 22.00000000000000000 ) ) ;
#2024 = EDGE_CURVE ( 'NONE', #2109, #914, #660, .T. ) ;
#2025 = CIRCLE ( 'NONE', #2051, 1.349999999999999645 ) ;
#2026 = ORIENTED_EDGE ( 'NONE', *, *, #1866, .T. ) ;
#2027 = ORIENTED_EDGE ( 'NONE', *, *, #1518, .F. ) ;
#2028 = CARTESIAN_POINT ( 'NONE',  ( 2.000000000000000000, 2.000000000000000000, 22.00000000000000000 ) ) ;
#2029 = CARTESIAN_POINT ( 'NONE',  ( 0.000000000000000000, 0.000000000000000000, 0.000000000000000000 ) ) ;
#2030 = DIRECTION ( 'NONE',  ( 1.000000000000000000, 0.000000000000000000, 0.000000000000000000 ) ) ;
#2031 = COORDINATED_UNIVERSAL_TIME_OFFSET ( 8, 0, .AHEAD. ) ;
#2032 = VERTEX_POINT ( 'NONE', #1544 ) ;
#2033 = APPLICATION_PROTOCOL_DEFINITION ( 'international standard', 'config_control_design', 1994, #1987 ) ;
#2034 = AXIS2_PLACEMENT_3D ( 'NONE', #250, #437, #2119 ) ;
#2035 = EDGE_CURVE ( 'NONE', #2064, #1914, #1875, .T. ) ;
#2036 = VERTEX_POINT ( 'NONE', #699 ) ;
#2037 = DIRECTION ( 'NONE',  ( 1.000000000000000000, 0.000000000000000000, 0.000000000000000000 ) ) ;
#2038 = DIRECTION ( 'NONE',  ( 0.000000000000000000, 0.000000000000000000, -1.000000000000000000 ) ) ;
#2039 = DIRECTION ( 'NONE',  ( 0.000000000000000000, 0.000000000000000000, -1.000000000000000000 ) ) ;
#2040 = APPROVAL_ROLE ( '' ) ;
#2041 = VERTEX_POINT ( 'NONE', #42 ) ;
#2042 = CARTESIAN_POINT ( 'NONE',  ( 0.000000000000000000, 0.000000000000000000, 0.000000000000000000 ) ) ;
#2043 = VERTEX_POINT ( 'NONE', #9 ) ;
#2044 = VECTOR ( 'NONE', #937, 1000.000000000000000 ) ;
#2045 = ADVANCED_FACE ( 'NONE', ( #345 ), #1741, .F. ) ;
#2046 = CARTESIAN_POINT ( 'NONE',  ( 70.50000000000000000, 43.00000000000000000, 0.000000000000000000 ) ) ;
#2047 = CYLINDRICAL_SURFACE ( 'NONE', #727, 1.350000000000004086 ) ;
#2048 = CARTESIAN_POINT ( 'NONE',  ( 58.50000000000000000, 50.50000000000000000, 2.000000000000000000 ) ) ;
#2049 = CARTESIAN_POINT ( 'NONE',  ( 77.00000000000000000, 61.00000000000000000, 0.000000000000000000 ) ) ;
#2050 = FACE_OUTER_BOUND ( 'NONE', #141, .T. ) ;
#2051 = AXIS2_PLACEMENT_3D ( 'NONE', #1960, #1036, #1896 ) ;
#2052 = ORIENTED_EDGE ( 'NONE', *, *, #1755, .T. ) ;
#2053 = APPLICATION_CONTEXT ( 'configuration controlled 3d designs of mechanical parts and assemblies' ) ;
#2054 = LOCAL_TIME ( 2, 20, 7.000000000000000000, #1539 ) ;
#2055 = EDGE_LOOP ( 'NONE', ( #1822, #789, #1234, #2137 ) ) ;
#2056 = EDGE_CURVE ( 'NONE', #1997, #1232, #118, .T. ) ;
#2057 = DIRECTION ( 'NONE',  ( 0.000000000000000000, 0.000000000000000000, -1.000000000000000000 ) ) ;
#2058 = CYLINDRICAL_SURFACE ( 'NONE', #448, 3.000000000000000000 ) ;
#2059 = CC_DESIGN_PERSON_AND_ORGANIZATION_ASSIGNMENT ( #1758, #17, ( #663 ) ) ;
#2060 = CARTESIAN_POINT ( 'NONE',  ( 70.50000000000000000, 54.00000000000000000, 2.000000000000000000 ) ) ;
#2061 = FACE_BOUND ( 'NONE', #1444, .T. ) ;
#2062 = CARTESIAN_POINT ( 'NONE',  ( 6.500000000000000000, 54.00000000000000000, 2.000000000000000000 ) ) ;
#2063 = ADVANCED_FACE ( 'NONE', ( #166 ), #690, .T. ) ;
#2064 = VERTEX_POINT ( 'NONE', #435 ) ;
#2065 = DATE_AND_TIME ( #1902, #1299 ) ;
#2066 = ORIENTED_EDGE ( 'NONE', *, *, #563, .T. ) ;
#2067 = AXIS2_PLACEMENT_3D ( 'NONE', #1794, #179, #1528 ) ;
#2068 = VECTOR ( 'NONE', #746, 1000.000000000000000 ) ;
#2069 = CARTESIAN_POINT ( 'NONE',  ( 6.500000000000000000, 18.00000000000000000, 0.000000000000000000 ) ) ;
#2070 = DIRECTION ( 'NONE',  ( 1.000000000000000000, 0.000000000000000000, 0.000000000000000000 ) ) ;
#2071 = LINE ( 'NONE', #1024, #871 ) ;
#2072 = DIRECTION ( 'NONE',  ( 1.000000000000000000, 0.000000000000000000, 0.000000000000000000 ) ) ;
#2073 = DIRECTION ( 'NONE',  ( -0.000000000000000000, -0.000000000000000000, -1.000000000000000000 ) ) ;
#2074 = DIRECTION ( 'NONE',  ( 0.000000000000000000, 0.000000000000000000, 1.000000000000000000 ) ) ;
#2075 = PERSON_AND_ORGANIZATION ( #385, #1332 ) ;
#2076 = VERTEX_POINT ( 'NONE', #234 ) ;
#2077 = EDGE_CURVE ( 'NONE', #2160, #1662, #932, .T. ) ;
#2078 = EDGE_CURVE ( 'NONE', #2096, #1184, #1461, .T. ) ;
#2079 = DESIGN_CONTEXT ( 'detailed design', #1759, 'design' ) ;
#2080 = AXIS2_PLACEMENT_3D ( 'NONE', #2201, #673, #135 ) ;
#2081 = FACE_OUTER_BOUND ( 'NONE', #1471, .T. ) ;
#2082 = AXIS2_PLACEMENT_3D ( 'NONE', #2157, #1197, #1647 ) ;
#2083 = DIRECTION ( 'NONE',  ( -0.000000000000000000, -0.000000000000000000, 1.000000000000000000 ) ) ;
#2084 = ORIENTED_EDGE ( 'NONE', *, *, #893, .F. ) ;
#2085 = DIRECTION ( 'NONE',  ( 0.000000000000000000, 0.000000000000000000, 1.000000000000000000 ) ) ;
#2086 = LINE ( 'NONE', #23, #2171 ) ;
#2087 = EDGE_CURVE ( 'NONE', #231, #197, #406, .T. ) ;
#2088 = DIRECTION ( 'NONE',  ( -1.000000000000000000, 0.000000000000000000, -0.000000000000000000 ) ) ;
#2089 = CALENDAR_DATE ( 2026, 13, 9 ) ;
#2090 = PRODUCT_DEFINITION_SHAPE ( 'NONE', 'NONE',  #2224 ) ;
#2091 = CIRCLE ( 'NONE', #410, 3.000000000000001776 ) ;
#2092 = EDGE_LOOP ( 'NONE', ( #1666, #1472, #827, #669 ) ) ;
#2093 = PERSON ( 'NAUO-PER2', 'UNSPECIFIED', 'UNSPECIFIED', ('UNSPECIFIED'), ('UNSPECIFIED'), ('UNSPECIFIED') ) ;
#2094 = CARTESIAN_POINT ( 'NONE',  ( 62.50000000000000000, 35.00000000000000000, 0.000000000000000000 ) ) ;
#2095 = DIRECTION ( 'NONE',  ( -0.000000000000000000, -0.000000000000000000, -1.000000000000000000 ) ) ;
#2096 = VERTEX_POINT ( 'NONE', #1288 ) ;
#2097 = FACE_OUTER_BOUND ( 'NONE', #2122, .T. ) ;
#2098 = CARTESIAN_POINT ( 'NONE',  ( 58.50000000000000000, 50.50000000000000000, 0.000000000000000000 ) ) ;
#2099 = CARTESIAN_POINT ( 'NONE',  ( 9.500000000000000000, 18.00000000000000000, 5.000000000000000000 ) ) ;
#2100 = DATE_TIME_ROLE ( 'creation_date' ) ;
#2101 = ORIENTED_EDGE ( 'NONE', *, *, #1919, .F. ) ;
#2102 = CARTESIAN_POINT ( 'NONE',  ( 24.50000000000000000, 50.50000000000000000, 2.000000000000000000 ) ) ;
#2103 = AXIS2_PLACEMENT_3D ( 'NONE', #44, #1379, #1909 ) ;
#2104 = DIRECTION ( 'NONE',  ( 1.000000000000000000, 0.000000000000000000, 0.000000000000000000 ) ) ;
#2105 = AXIS2_PLACEMENT_3D ( 'NONE', #1682, #671, #974 ) ;
#2106 = ORIENTED_EDGE ( 'NONE', *, *, #198, .T. ) ;
#2107 = DIRECTION ( 'NONE',  ( 0.000000000000000000, 0.000000000000000000, -1.000000000000000000 ) ) ;
#2108 = LINE ( 'NONE', #1305, #454 ) ;
#2109 = VERTEX_POINT ( 'NONE', #576 ) ;
#2110 = FACE_BOUND ( 'NONE', #117, .T. ) ;
#2111 = PERSON_AND_ORGANIZATION_ROLE ( 'design_owner' ) ;
#2112 = ORIENTED_EDGE ( 'NONE', *, *, #668, .F. ) ;
#2113 = CARTESIAN_POINT ( 'NONE',  ( 58.50000000000000000, 57.00000000000000000, 0.000000000000000000 ) ) ;
#2114 = ADVANCED_FACE ( 'NONE', ( #1931 ), #1626, .T. ) ;
#2115 = DIRECTION ( 'NONE',  ( -1.000000000000000000, -0.000000000000000000, -0.000000000000000000 ) ) ;
#2116 = DIRECTION ( 'NONE',  ( -1.000000000000000000, 0.000000000000000000, 0.000000000000000000 ) ) ;
#2117 = VECTOR ( 'NONE', #1506, 1000.000000000000000 ) ;
#2118 = EDGE_LOOP ( 'NONE', ( #313, #1343 ) ) ;
#2119 = DIRECTION ( 'NONE',  ( -1.000000000000000000, 0.000000000000000000, 0.000000000000000000 ) ) ;
#2120 = APPROVAL_PERSON_ORGANIZATION ( #644, #1970, #1491 ) ;
#2121 = PLANE ( 'NONE',  #938 ) ;
#2122 = EDGE_LOOP ( 'NONE', ( #445, #1890, #1507, #1306 ) ) ;
#2123 = DIRECTION ( 'NONE',  ( 1.000000000000000000, 0.000000000000000000, 0.000000000000000000 ) ) ;
#2124 = APPLICATION_PROTOCOL_DEFINITION ( 'international standard', 'config_control_design', 1994, #1759 ) ;
#2125 = ORIENTED_EDGE ( 'NONE', *, *, #2164, .F. ) ;
#2126 = DESIGN_CONTEXT ( 'detailed design', #1671, 'design' ) ;
#2127 = LINE ( 'NONE', #2048, #596 ) ;
#2128 = VECTOR ( 'NONE', #921, 1000.000000000000000 ) ;
#2129 = CARTESIAN_POINT ( 'NONE',  ( 69.14999999999999147, 18.00000000000000000, 2.000000000000000000 ) ) ;
#2130 = CARTESIAN_POINT ( 'NONE',  ( 50.50000000000000000, 57.00000000000000000, 2.000000000000000000 ) ) ;
#2131 = EDGE_CURVE ( 'NONE', #1470, #1374, #1003, .T. ) ;
#2132 = DIRECTION ( 'NONE',  ( -0.000000000000000000, -0.000000000000000000, -1.000000000000000000 ) ) ;
#2133 = DIRECTION ( 'NONE',  ( 1.000000000000000000, -0.000000000000000000, 0.000000000000000000 ) ) ;
#2134 = PRODUCT_DEFINITION ( 'æœ', '', #663, #2179 ) ;
#2135 = FACE_OUTER_BOUND ( 'NONE', #1457, .T. ) ;
#2136 = CALENDAR_DATE ( 2026, 13, 9 ) ;
#2137 = ORIENTED_EDGE ( 'NONE', *, *, #1032, .T. ) ;
#2138 = CC_DESIGN_DATE_AND_TIME_ASSIGNMENT ( #1957, #929, ( #905 ) ) ;
#2139 = ORIENTED_EDGE ( 'NONE', *, *, #509, .F. ) ;
#2140 = ORIENTED_EDGE ( 'NONE', *, *, #732, .F. ) ;
#2141 = CYLINDRICAL_SURFACE ( 'NONE', #1949, 1.100000000000003642 ) ;
#2142 = CARTESIAN_POINT ( 'NONE',  ( 70.50000000000000000, 35.00000000000000000, 2.000000000000000000 ) ) ;
#2143 = CYLINDRICAL_SURFACE ( 'NONE', #2034, 1.350000000000004086 ) ;
#2144 = LINE ( 'NONE', #425, #1445 ) ;
#2145 = VECTOR ( 'NONE', #399, 1000.000000000000000 ) ;
#2146 = ORIENTED_EDGE ( 'NONE', *, *, #2149, .F. ) ;
#2147 = PLANE ( 'NONE',  #856 ) ;
#2148 = SECURITY_CLASSIFICATION_LEVEL ( 'unclassified' ) ;
#2149 = EDGE_CURVE ( 'NONE', #1622, #508, #1940, .T. ) ;
#2150 = VERTEX_POINT ( 'NONE', #747 ) ;
#2151 = CIRCLE ( 'NONE', #1476, 3.000000000000000000 ) ;
#2152 = ORIENTED_EDGE ( 'NONE', *, *, #807, .F. ) ;
#2153 = EDGE_CURVE ( 'NONE', #2096, #1510, #1807, .T. ) ;
#2154 = EDGE_CURVE ( 'NONE', #1327, #1811, #602, .T. ) ;
#2155 = EDGE_LOOP ( 'NONE', ( #341, #899, #2007, #1549 ) ) ;
#2156 = DIRECTION ( 'NONE',  ( 0.000000000000000000, -0.000000000000000000, 1.000000000000000000 ) ) ;
#2157 = CARTESIAN_POINT ( 'NONE',  ( -38.50000000000000000, -30.50000000000000000, -11.00000000000000000 ) ) ;
#2158 = CARTESIAN_POINT ( 'NONE',  ( 0.000000000000000000, 0.000000000000000000, 22.00000000000000000 ) ) ;
#2159 = DIRECTION ( 'NONE',  ( 0.000000000000000000, 0.000000000000000000, -1.000000000000000000 ) ) ;
#2160 = VERTEX_POINT ( 'NONE', #1421 ) ;
#2161 = AXIS2_PLACEMENT_3D ( 'NONE', #911, #1600, #1434 ) ;
#2162 = CARTESIAN_POINT ( 'NONE',  ( 69.39999999999999147, 18.00000000000000000, 5.000000000000000888 ) ) ;
#2163 = COORDINATED_UNIVERSAL_TIME_OFFSET ( 8, 0, .AHEAD. ) ;
#2164 = EDGE_CURVE ( 'NONE', #1232, #1997, #1655, .T. ) ;
#2165 = EDGE_LOOP ( 'NONE', ( #2, #301, #620, #101 ) ) ;
#2166 = ORIENTED_EDGE ( 'NONE', *, *, #2024, .T. ) ;
#2167 = LINE ( 'NONE', #1657, #1011 ) ;
#2168 = ORIENTED_EDGE ( 'NONE', *, *, #706, .T. ) ;
#2169 = APPROVAL_ROLE ( '' ) ;
#2170 = EDGE_CURVE ( 'NONE', #375, #795, #769, .T. ) ;
#2171 = VECTOR ( 'NONE', #366, 1000.000000000000000 ) ;
#2172 = CC_DESIGN_SECURITY_CLASSIFICATION ( #346, ( #2225 ) ) ;
#2173 = CARTESIAN_POINT ( 'NONE',  ( 9.500000000000000000, 18.00000000000000000, 5.000000000000000000 ) ) ;
#2174 = CARTESIAN_POINT ( 'NONE',  ( 67.49999999999998579, 18.00000000000000000, 5.000000000000000000 ) ) ;
#2175 = LINE ( 'NONE', #2003, #832 ) ;
#2176 = PERSON_AND_ORGANIZATION_ROLE ( 'design_owner' ) ;
#2177 = EDGE_LOOP ( 'NONE', ( #1208, #828, #1347, #1151 ) ) ;
#2178 = ORIENTED_EDGE ( 'NONE', *, *, #244, .F. ) ;
#2179 = DESIGN_CONTEXT ( 'detailed design', #2053, 'design' ) ;
#2180 = DIRECTION ( 'NONE',  ( -1.000000000000000000, 0.000000000000000000, -0.000000000000000000 ) ) ;
#2181 = LINE ( 'NONE', #1683, #837 ) ;
#2182 = FACE_OUTER_BOUND ( 'NONE', #274, .T. ) ;
#2183 = AXIS2_PLACEMENT_3D ( 'NONE', #1082, #1062, #1752 ) ;
#2184 = CONTEXT_DEPENDENT_SHAPE_REPRESENTATION ( #1712, #1773 ) ;
#2185 = ADVANCED_FACE ( 'NONE', ( #259 ), #1248, .T. ) ;
#2186 = VECTOR ( 'NONE', #144, 1000.000000000000000 ) ;
#2187 = ORIENTED_EDGE ( 'NONE', *, *, #1195, .F. ) ;
#2188 = EDGE_LOOP ( 'NONE', ( #1557, #1164 ) ) ;
#2189 = ADVANCED_FACE ( 'NONE', ( #1070 ), #1275, .F. ) ;
#2190 = LINE ( 'NONE', #1384, #474 ) ;
#2191 = DIRECTION ( 'NONE',  ( 0.000000000000000000, 0.000000000000000000, -1.000000000000000000 ) ) ;
#2192 = ORIENTED_EDGE ( 'NONE', *, *, #1493, .F. ) ;
#2193 = ORIENTED_EDGE ( 'NONE', *, *, #1412, .F. ) ;
#2194 = CARTESIAN_POINT ( 'NONE',  ( 24.50000000000000000, 50.50000000000000000, 0.000000000000000000 ) ) ;
#2195 = VECTOR ( 'NONE', #651, 1000.000000000000000 ) ;
#2196 = ORIENTED_EDGE ( 'NONE', *, *, #1915, .F. ) ;
#2197 = AXIS2_PLACEMENT_3D ( 'NONE', #340, #2218, #686 ) ;
#2198 = ORIENTED_EDGE ( 'NONE', *, *, #1117, .F. ) ;
#2199 = VECTOR ( 'NONE', #146, 1000.000000000000000 ) ;
#2200 = FACE_BOUND ( 'NONE', #647, .T. ) ;
#2201 = CARTESIAN_POINT ( 'NONE',  ( 70.50000000000000000, 54.00000000000000000, 22.00000000000000000 ) ) ;
#2202 = AXIS2_PLACEMENT_3D ( 'NONE', #1287, #446, #1646 ) ;
#2203 = CC_DESIGN_APPROVAL ( #1970, ( #81 ) ) ;
#2204 = ADVANCED_BREP_SHAPE_REPRESENTATION ( '', ( #708, #1543 ), #1253 ) ;
#2205 = CARTESIAN_POINT ( 'NONE',  ( 2.000000000000000000, 2.000000000000000000, 2.000000000000001776 ) ) ;
#2206 = APPLICATION_CONTEXT ( 'configuration controlled 3d designs of mechanical parts and assemblies' ) ;
#2207 = CC_DESIGN_PERSON_AND_ORGANIZATION_ASSIGNMENT ( #427, #1098, ( #634 ) ) ;
#2208 = APPROVAL_DATE_TIME ( #1857, #1742 ) ;
#2209 = ORIENTED_EDGE ( 'NONE', *, *, #1217, .T. ) ;
#2210 = AXIS2_PLACEMENT_3D ( 'NONE', #607, #1266, #955 ) ;
#2211 = ORIENTED_EDGE ( 'NONE', *, *, #138, .F. ) ;
#2212 = CARTESIAN_POINT ( 'NONE',  ( 0.000000000000000000, 0.000000000000000000, 0.000000000000000000 ) ) ;
#2213 = LINE ( 'NONE', #681, #1179 ) ;
#2214 = LINE ( 'NONE', #683, #471 ) ;
#2215 = ADVANCED_FACE ( 'NONE', ( #589 ), #1092, .T. ) ;
#2216 = FACE_BOUND ( 'NONE', #300, .T. ) ;
#2217 = VECTOR ( 'NONE', #1238, 1000.000000000000000 ) ;
#2218 = DIRECTION ( 'NONE',  ( 0.000000000000000000, 0.000000000000000000, 1.000000000000000000 ) ) ;
#2219 = VECTOR ( 'NONE', #336, 1000.000000000000000 ) ;
#2220 = ORIENTED_EDGE ( 'NONE', *, *, #2056, .F. ) ;
#2221 = EDGE_CURVE ( 'NONE', #351, #2041, #516, .T. ) ;
#2222 = DIRECTION ( 'NONE',  ( -1.000000000000000000, 0.000000000000000000, 0.000000000000000000 ) ) ;
#2223 = CARTESIAN_POINT ( 'NONE',  ( 6.500000000000000000, 54.00000000000000000, 2.000000000000000000 ) ) ;
#2224 = NEXT_ASSEMBLY_USAGE_OCCURRENCE ( 'NAUO1', ' ', ' ', #2134, #1364, $ ) ;
#2225 = NEXT_ASSEMBLY_USAGE_OCCURRENCE ( 'NAUO2', ' ', ' ', #2134, #1433, $ ) ;
ENDSEC;
END-ISO-10303-21;
